outbreak_id,date_id,state_id,disease_id,source_id,new_outbreak_flag,controlled_flag,containment_rate_pct,response_time_hours,alert_level,predicted_cases,historical_cases,forecast_accuracy_pct,hospital_readiness_score,resource_readiness_score,emergency_alert_flag,state_name_raw
1,6,3,6,6,YES,Yes,100.0,55.2,High,42,44,97.8,62.4,71.6,False,Assam
2,28,32,4,3,YES,Yes,93.5,38.9,Moderate,2772,3768,74.5,99.0,75.9,0,Puducherry
3,8,20,3,4,Y,TRUE,100.0,80.9,Moderate,4406,3434,71.4,67.1,62.8,False,Punjab
4,23,2,12,4,Y,TRUE,82.9,49.0,Moderate,3024,3885,80.7,70.1,55.7,False,Arunachal Pradesh
5,7,32,8,5,True,YES,100.0,73.2, High ,1232,1013,75.1,51.0,71.6,N,Puducherry
6,16,28,9,3,Yes,Yes,68.9,60.6,Moderate,3156,3576,91.0,73.6,43.2,FALSE,West Bengal
7,26,11,8,2,YES,N,61.2,95.2,Low,3753,2779,68.7,76.1,70.3,N,Karnataka
8,28,29,9,5,TRUE,FALSE,52.9,14.0,Moderate,607,721,85.7,87.2,61.4,NO,Delhi (NCT)
9,29,26,2,2,1,FALSE,85.6,84.6,High,1386,1842,73.2,69.4,72.6,1,Uttar Pradesh
10,35,1,8,3,1,1,68.1,60.1,moderate,4923,4467,91.8,73.3,78.4,No,Andhra Pradesh
11,9,21,6,2,Y,yes,73.2,21.2,Low,2496,2019,79.6,56.0,55.0,0,Rajasthan
12,32,25,5,5,yes,TRUE,44.8,9.0,Moderate,6642,4813,57.8,59.1,57.1,0,Tripura
13,2,21,1,3,Yes,False,69.9,55.6,High,3478,3318,95.7,63.0,49.8,N,Rajasthan
14,7,25,6,5,Yes,True,50.9,78.2,moderate,2794,3113,91.8,93.4,33.9,NO,Tripura
15,23,26,6,4,Yes,FALSE,62.0,78.9,Moderate,6642,4872,59.8,84.5,65.9,No,Uttar Pradesh
16,20,28,1,1,Yes,TRUE,45.3,48.1,Moderate,1080,968,91.0,81.2,62.6,0,West Bengal
17,12,17,5,5,Y,1,57.8,,Moderate,1039,1479,70.7,72.0,81.6,False,Mizoram
18,32,23,11,2,TRUE,Yes,26.6,49.5,Low,4081,3196,,36.2,63.8,False,Tamil Nadu
19,10,13,1,2,yes,TRUE,57.8,68.0, Moderate ,5277,4930,95.7,77.0,29.2,No,Madhya Pradesh
20,5,26,11,5,True,Yes,78.7,,Low,3170,2519,72.6,64.7,70.8,N,Uttar Pradesh
21,23,10,3,2,True,Yes,79.6,6.6,High,3764,4389,80.9,69.1,43.6,TRUE,Jharkhand
22,36,2,7,4,TRUE,YES,80.0,36.7,Low,1353,1286,92.0,67.3,84.1,No,Arunachal Pradesh
23,9,17,3,4,YES,no,100.0,76.8,Moderate,1015,1232,79.3,70.4,88.2,FALSE,Mizoram
24,29,24,4,6,yes,Yes,91.7,43.8,Moderate,1854,2484,78.0,61.6,70.2,FALSE,Telangana
25,21,32,12,3,yes,Y,72.2,94.8,Moderate,5739,4172,65.8,59.6,66.8,FALSE,Puducherry
26,24,27,11,1,TRUE,N,38.2,62.4,low,519,525,100.0,89.2,53.8,0,Uttarakhand
27,32,14,6,3,YES,yes,50.7,70.6,Low,3980,3552,87.0,46.7,59.5,no,Maharashtra
28,5,18,7,6,True,Y,71.8,12.2,High,2820,3187,89.3,67.1,96.5,no,Nagaland
29,33,13,11,2,True,no,60.0,68.6,Low,3508,3800,90.9,68.7,69.4,0,Madhya Pradesh
30,15,23,11,2,True,Y,72.0,2.6,Low,2189,1921,82.5,76.4,82.5,False,Tamil Nadu
31,32,14,7,5,yes,NO,,22.8,Moderate,1169,1333,92.4,86.3,58.7,NO,Maharashtra
32,2,30,8,5,1,yes,68.4,22.9,Low,3699,2951,74.2,70.7,38.3,NO,Jammu and Kashmir
33,11,27,10,6,yes,yes,85.2,60.3,Moderate,5421,4047,62.2,48.7,44.0,NO,Uttarakhand
34,28,22,9,6,True,yes,,38.0,Low,3538,2533,60.4,38.0,75.7,no,Sikkim
35,4,24,12,3,Y,Y,87.6,59.3,Low,2767,3299,83.9,81.8,87.8,NO,Telangana
36,1,4,8,5,True,YES,28.5,68.4,Low,2611,3604,72.9,78.3,92.6,0,Bihar
37,3,30,8,2,True,1,88.4,64.3,Moderate,5326,3870,63.0,41.0,90.6,no,Jammu and Kashmir
38,18,23,11,2,1,Yes,81.3,66.3,Moderate,3369,4480,73.2,77.0,54.3,No,Tamil Nadu
39,27,9,6,3,Yes,TRUE,70.4,8.4,Low,1494,2054,75.3,,72.4,NO,Himachal Pradesh
40,1,20,6,5,Yes,yes,53.3,28.7,Low,3362,3080,92.5,76.9,69.0,NO,Punjab
41,22,15,2,3,True,TRUE,,26.2,Low,5101,4384,82.6,78.3,80.0,FALSE,Manipur
42,15,15,8,3,YES,Yes,100.0,4.7,Moderate,1947,1682,81.8,81.2,78.7,False,Manipur
43,7,8,3,1,yes,True,83.9,48.7,Low,2437,1899,,53.6,98.1,NO,Haryana
44,26,23,3,2,1,N,45.8,2.2,Moderate,2610,3609,68.3,48.1,93.9,False,Tamil Nadu
45,25,12,11,5,yes,Y,99.7,58.2,Moderate,4713,4004,82.1,41.2,77.3,NO,Kerala
46,34,13,9,3,yes,No,96.2,,Low,2720,2770,94.3,72.6,94.4,no,Madhya Pradesh
47,28,3,10,5,YES,no,94.8,36.8,MODERATE,5024,4357,87.2,95.9,66.8,No,Assam
48,6,31,11,3,yes,False,42.5,76.7,Low,2969,3986,70.9,82.5,47.7,FALSE,Ladakh
49,15,30,12,2,Y,YES,84.8,62.0,Moderate,5669,4764,80.7,56.5,66.9,0,Jammu and Kashmir
50,7,27,8,4,Yes,True,49.8,56.9,Low,1699,1777,90.9,75.9,57.5,NO,Uttarakhand
51,6,21,8,6,True,True,17.4,75.7,Low,1741,2361,70.6,56.3,42.8,FALSE,Rajasthan
52,11,28,5,4,Yes,0,,86.1,Low,788,806,97.3,64.0,79.1,no,West Bengal
53,34,8,9,4,YES,No,74.5,70.7,Moderate,1012,1281,80.1,74.5,71.6,0,HARYANA
54,4,28,10,4,YES,Yes,92.4,91.4,Moderate,1800,1853,100.0,97.3,64.4,False,West Bengal
55,16,22,2,1,yes,yes,49.8,44.3,Low,5650,4086,66.3,44.1,68.0,No,Sikkim
56,22,10,3,4,Y,NO,69.7,76.9,Moderate,5280,4838,88.2,78.3,63.6,FALSE,Jharkhand
57,7,12,4,5,1,1,73.7,77.9,Low,207,273,78.6,80.2,56.2,No,Kerala
58,20,23,2,1,YES,yes,59.1,25.7,Moderate,475,449,93.0,71.9,87.7,0,Tamil Nadu
59,16,26,5,2,True,TRUE,44.4,63.3,High,2312,2101,91.9,95.0,73.8,YES,Uttar Pradesh
60,7,16,5,3,Y,Y,54.4,38.7,Low,3273,4275,80.9,83.8,75.7,N,Meghalaya
61,12,5,2,1,TRUE,no,56.6,66.9,Low,3729,2878,71.0,66.5,46.7,FALSE,Chhattisgarh
62,17,13,2,6,yes,YES,61.5,13.0,Moderate,2994,4130,71.0,83.3,76.0,N,Madhya Pradesh
63,24,15,2,2,TRUE,0,22.8,20.1,Moderate,420,512,86.6,44.2,38.0,N,Manipur
64,31,8,11,4,YES,TRUE,65.2,79.8,Low,2252,2051,92.2,62.4,65.1,0,Haryana
65,8,30,10,1,Y,YES,36.1,43.5,High,1242,952,70.7,72.5,63.8,False,Jammu and Kashmir
66,11,8,7,6,Yes,TRUE,57.8,80.2,Moderate,768,642,83.2,83.6,58.4,0,Haryana
67,32,15,10,5,YES,Y,100.0,59.3,Low,3083,2564,80.5,45.4,73.1,0,Manipur
68,5,21,8,4,Yes,True,20.6,20.5,Low,1216,1021,76.6,61.2,60.2,No,Rajasthan
69,23,9,10,1,Y,TRUE,65.6,14.2,Low,106,77,65.4,67.6,72.8,no,Himachal Pradesh
70,23,6,6,3,yes,No,60.7,69.1,Low,815,909,91.8,75.2,92.9,No,Goa
71,12,1,3,5,YES,0,77.6,7.0,Low,3349,2436,61.8,75.2,59.6,N,Andhra Pradesh
72,36,3,4,3,Yes,NO,68.9,9.9,Low,1669,2167,,53.1,83.2,0,Assam
73,21,26,8,6,True,No,73.9,39.3,Low,2918,2977,100.0,92.3,64.3,no,Uttar Pradesh
74,1,14,5,6,yes,yes,74.3,,Moderate,896,869,98.7,70.1,55.5,FALSE,MAHARASHTRA
75,5,10,4,1,Yes,No,21.0,77.1,Moderate,4654,3538,65.7,89.8,42.4,NO,Jharkhand
76,36,9,8,3,Yes,YES,54.7,9.5,Low,3569,3576,100.0,83.9,86.2,NO,Himachal Pradesh
77,18,25,1,2,Yes,Yes,50.5,57.4,Low,2453,3258,,47.4,95.8,NO,Tripura
78,35,11,6,5,TRUE,NO,100.0,31.1,Low,5788,4913,78.9,87.4,75.9,FALSE,Karnataka
79,5,25,9,4,YES,Y,67.5,82.3,Moderate,1618,1625,100.0,65.3,54.6,False,Tripura
80,1,16,9,1,TRUE,TRUE,70.9,12.7,Moderate,1606,1780,88.3,81.2,64.5,N,Meghalaya
81,16,25,10,5,TRUE,yes,54.0,46.7,Moderate,3536,3208,94.8,66.6,100.0,FALSE,TRIPURA
82,32,28,8,3,YES,Yes,70.4,19.8,Low,2019,2625,80.8,71.5,85.8,no,West Bengal
83,7,4,8,4,YES,no,66.5,7.1,Low,2290,1896,75.8,88.1,70.0,0,Bihar
84,24,2,11,3,Yes,YES,52.2,79.8,Moderate,668,909,74.4,41.7,86.6,NO,Arunachal Pradesh
85,30,1,9,5,True,Yes,67.1,76.7,Moderate,5048,4269,86.6,92.8,72.7,0,Andhra Pradesh
86,17,20,6,5,Y,YES,8.9,80.9,Low,2296,1882,81.3,78.5,68.5,0,Punjab
87,26,23,6,2,Y,Y,60.2,79.5,Low,3740,4074,92.8,81.3,81.0,N,Tamil Nadu
88,6,16,8,1,TRUE,True,35.8,56.7,Moderate,1713,1293,65.9,90.7,69.8,FALSE,Meghalaya
89,33,27,3,3,Y,No,100.0,17.2,Low,245,198,79.6,63.3,60.1,NO,Uttarakhand
90,26,25,8,4,YES,Y,71.6,56.2,High,422,445,91.7,81.7,95.2,Yes,Tripura
91,13,31,12,2,YES,TRUE,53.6,30.7,High,5139,4504,89.3,73.8,30.7,TRUE,Ladakh
92,19,25,2,4,YES,Y,49.5,56.0,Moderate,1089,1146,91.7,78.2,100.0,N,Tripura
93,14,14,1,1,True,Y,91.4,31.8,Moderate,5171,4565,85.9,49.9,40.4,N,Maharashtra
94,7,20,3,2,yes,1,,12.3,Low,6147,4516,60.4,53.6,48.5,NO,Punjab
95,8,26,9,4,yes,N,75.3,63.4,Low,6644,4783,60.6,76.4,67.5,No,Uttar Pradesh
96,17,25,6,5,Y,Yes,73.4,86.6,High,2033,1957,99.7,74.0,56.0,YES,Tripura
97,25,15,1,4,TRUE,1,66.1,68.9,Moderate,232,212,95.1,75.7,56.7,FALSE,Manipur
98,15,26,12,3,1,YES,63.3,56.9,Moderate,1928,2581,,89.6,60.8,FALSE,Uttar Pradesh
99,10,8,11,1,Y,yes,,39.2,Low,2164,1728,73.2,,56.9,0,Haryana
100,15,18,2,4,TRUE,TRUE,39.4,18.5,Low,3538,3871,94.6,68.0,40.3,NO,Nagaland
101,7,6,9,2,yes,Y,56.7,65.9,Low,3868,3863,100.0,58.3,48.1,No,Goa
102,34,13,1,6,1,True,90.8,85.1,Low,1887,2444,80.9,70.6,70.8,N,Madhya Pradesh
103,4,31,6,6,True,True,,95.8,Moderate,4956,4165,80.4,43.6,49.6,FALSE,Ladakh
104,34,17,10,5,Y,1,33.9,15.5,Low,4414,3475,73.9,41.9,67.3,0,Mizoram
105,4,21,3,4,Yes,No,90.0,8.6,Low,1774,2114,79.2,81.0,57.9,no,Rajasthan
106,35,27,6,6,Yes,0,46.9,83.6,Low,1664,1815,,69.8,52.6,0,Uttarakhand
107,35,7,1,6,True,TRUE,,19.4,Low,556,547,100.0,92.5,72.4,False,Gujarat
108,21,27,4,1,YES,1,76.1,88.5,Low,543,742,68.5,75.0,99.8,N,uttarakhand
109,24,23,8,4,Yes,N,41.6,81.8,Moderate,2920,3209,92.2,95.3,50.7,0,Tamil Nadu
110,20,27,4,1,Yes,1,,71.1,Moderate,1026,1421,77.0,83.0,82.4,False,Uttarakhand
111,14,4,7,1,True,YES,81.5,4.7, High ,82,66,75.3,82.0,49.8,FALSE,Bihar
112,1,32,2,2,True,TRUE,41.2,85.9,Low,1802,1933,97.4,41.6,82.1,FALSE,Puducherry
113,11,8,7,1,True,True,100.0,6.4,High,1527,1109,64.7,60.9,78.9,YES,Haryana
114,5,31,10,5,Yes,False,,2.3,Low,3534,3097,83.5,39.8,96.5,False,Ladakh
115,3,20,12,4,TRUE,YES,,49.2,Low,2977,2324,73.5,62.8,82.6,0,Punjab
116,23,19,6,2,yes,TRUE,50.9,7.9,Low,4654,4659,99.1,64.2,46.1,N,Odisha
117,16,8,3,6,YES,1,41.5,77.7,Low,2225,3081,73.6,73.3,75.5,FALSE,Haryana
118,10,10,6,3,Yes,False,,46.6,High,121,110,86.8,44.1,94.2,1,Jharkhand
119,12,21,9,6,True,False,49.1,31.8,Low,5589,4142,65.4,36.3,55.7,no,Rajasthan
120,32,27,3,6,YES,FALSE,49.2,63.7,Low,426,316,,57.4,70.0,NO,Uttarakhand
121,26,3,2,5,1,yes,88.8,19.2,Low,4493,3338,61.3,77.8,36.2,no,Assam
122,17,7,4,3,YES,No,60.5,17.7,Moderate,3392,4322,81.2,84.3,90.4,no,Gujarat
123,25,14,1,4,1,Y,69.5,55.9,Low,2730,2003,67.4,72.7,74.0,0,Maharashtra
124,22,3,11,3,yes,True,71.4,44.1,Moderate,97,76,75.1,67.6,45.1,0,Assam
125,35,30,3,6,1,1,60.1,25.0,High,3210,3623,88.8,81.8,86.6,True,Jammu and Kashmir
126,12,7,8,2,yes,TRUE,70.9,16.8,Moderate,4620,3340,58.7,80.8,84.3,False,gujarat
127,6,27,7,2,YES,1,73.5,91.4,Low,1611,1553,91.7,74.0,71.0,N,Uttarakhand
128,13,28,8,1,Y,TRUE,92.1,7.8,Moderate,2597,2726,98.6,72.3,88.1,NO,West Bengal
129,19,1,12,6,YES,FALSE,70.8,57.8,Low,4939,4129,83.1,84.1,61.4,NO,Andhra Pradesh
130,18,7,12,2,True,True,71.7,67.6,High,4388,4711,90.6,75.2,86.7,No,Gujarat
131,27,16,3,3,Yes,No,75.1,3.5,Low,1993,1833,92.7,53.7,62.2,0,Meghalaya
132,7,20,5,5,True,True,66.1,,Low,3555,3000,79.3,92.4,54.7,no,Punjab
133,10,2,3,3,Yes,TRUE,64.0,16.3,Low,5108,3980,67.8,66.2,89.2,0,Arunachal Pradesh
134,20,29,7,6,TRUE,1,50.2,74.2,High,2509,2759,89.5,89.4,68.9,Y,Delhi (NCT)
135,5,22,7,5,yes,No,59.1,88.5,Low,1782,1306,60.2,94.7,77.2,no,Sikkim
136,32,23,4,1,YES,Y,61.0,8.7,Moderate,4449,4930,85.7,71.3,47.7,No,Tamil Nadu
137,21,20,11,1,TRUE,TRUE,48.8,34.0,Moderate,1678,1259,71.3,45.0,100.0,0,Punjab
138,4,12,7,1,Yes,FALSE,21.4,57.7,Moderate,2352,1929,77.0,65.5,35.3,NO,Kerala
139,21,25,6,5,1,YES,68.7,16.1,Low,6002,4317,65.7,84.2,61.1,No,Tripura
140,12,16,8,5,TRUE,Y,43.7,79.1,Low,3808,3859,100.0,76.7,84.0,0,Meghalaya
141,12,11,10,4,Yes,1,47.7,38.5,Low,3475,3419,96.9,68.5,86.2,no,Karnataka
142,6,5,11,2,1,FALSE,40.0,11.9,Moderate,1956,1755,89.5,81.8,85.4,No,Chhattisgarh
143,15,20,3,2,yes,Yes,43.6,37.7,Moderate,3259,3171,93.0,54.2,58.1,N,Punjab
144,28,12,9,2,YES,False,,,Low,667,934,66.9,47.1,57.1,no,Kerala
145,34,15,4,1,TRUE,1,26.5,50.7,Low,5703,4340,68.1,93.4,77.9,N,Manipur
146,28,17,12,3,True,yes,100.0,46.9,Low,2715,2762,96.1,70.0,79.0,NO,Mizoram
147,19,16,12,5,YES,1,59.0,95.1,Low,146,149,100.0,52.8,67.4,no,Meghalaya
148,22,2,8,1,1,True,42.3,,Low,1964,1752,85.5,81.0,85.1,no,Arunachal Pradesh
149,11,24,10,6,True,Yes,63.4,20.7,High,3521,2872,79.4,88.5,64.4,YES,Telangana
150,28,28,5,1,True,True,39.2,55.7,Low,4094,3936,91.9,,71.5,N,West Bengal
151,26,22,1,5,1,YES,98.8,5.3,Low,2635,2137,80.2,74.2,51.9,No,Sikkim
152,3,22,5,4,YES,yes,43.4,61.7, Moderate ,2784,3740,76.9,100.0,61.3,no,SIKKIM
153,26,25,9,5,1,0,63.8,21.0,Low,2050,2287,,61.3,72.0,0,Tripura
154,17,30,1,6,True,True,69.7,36.9,Low,2095,2365,91.7,88.7,80.8,FALSE,Jammu and Kashmir
155,2,28,10,5,Y,Yes,48.4,34.8,Moderate,760,1017,76.4,68.6,85.6,No,West Bengal
156,2,14,9,4,Yes,yes,46.0,,High,4067,4838,81.5,100.0,59.4,N,Maharashtra
157,31,23,7,6,yes,Yes,69.0,25.2,Low,2542,3619,74.6,69.4,49.9,0,Tamil Nadu
158,33,28,1,6,yes,yes,56.3,43.9,Low,1329,1823,77.1,69.0,47.5,0,West Bengal
159,12,14,5,6,Y,1,55.9,82.6,High,1046,1135,87.9,64.7,72.2,1,Maharashtra
160,21,2,5,4,Y,True,40.1,50.1,High,3449,4334,81.9,92.8,77.4,FALSE,Arunachal Pradesh
161,15,32,6,6,TRUE,yes,53.5,35.1, Low ,647,851,80.2,61.1,48.7,NO,Puducherry
162,36,28,2,5,YES,yes,60.0,79.0,Moderate,434,416,97.3,57.9,61.5,False,West Bengal
163,29,8,5,3,Yes,False,94.9,54.5,Moderate,2570,2266,85.4,79.3,82.9,FALSE,Haryana
164,16,21,12,2,True,N,67.5,12.8,Low,1544,1333,81.4,76.4,100.0,False,Rajasthan
165,20,5,11,5,TRUE,yes,100.0,73.5,Moderate,851,1002,88.0,39.8,81.1,0,Chhattisgarh
166,16,27,9,2,yes,0,66.6,77.2,Moderate,5014,3974,76.3,100.0,53.1,no,Uttarakhand
167,15,2,12,1,True,False,85.6,61.2,Low,106,89,79.1,63.9,75.1,NO,Arunachal Pradesh
168,29,25,10,2,Yes,True,69.9,16.9,High,299,311,,66.1,73.7,no,Tripura
169,33,24,3,3,1,N,82.9,52.0,High,2423,1938,73.0,65.5,48.3,True,Telangana
170,31,4,4,1,YES,TRUE,72.7,83.5,Low,3705,2882,68.0,45.3,96.3,N,Bihar
171,14,17,5,5,yes,Y,,51.0,Low,3841,4020,99.6,39.7,62.9,0,Mizoram
172,25,16,4,2,YES,YES,,82.0,Low,2545,2397,91.3,,91.1,no,Meghalaya
173,29,27,2,1,Y,YES,61.6,77.5,Moderate,1219,981,71.6,51.5,64.3,False,Uttarakhand
174,8,29,5,4,Y,YES,79.3,92.0,Low,4531,4014,84.8,71.7,46.4,FALSE,Delhi (NCT)
175,27,9,7,5,yes,TRUE,89.7,30.4,Low,212,170,71.8,75.3,33.1,No,Himachal Pradesh
176,33,32,8,3,1,yes,50.0,82.7,Low,3724,2692,63.6,88.7,76.7,FALSE,Puducherry
177,19,16,5,2,1,no,68.0,20.8,Moderate,2362,2481,98.6,50.9,57.1,False,Meghalaya
178,13,29,12,1,True,True,80.7,50.6,Low,929,689,64.1,84.1,64.4,NO,DELHI (NCT)
179,31,25,8,1,yes,True,85.2,35.0,Low,444,502,87.9,57.8,97.3,NO,Tripura
180,2,31,7,5,Y,yes,73.5,67.5,Low,3348,4156,81.6,86.3,71.3,NO,Ladakh
181,20,6,2,2,TRUE,True,61.1,30.6,Low,2319,3152,71.1,91.2,72.9,NO,Goa
182,4,4,1,3,TRUE,Yes,66.2,62.7,Low,2872,2474,85.9,71.6,33.8,False,Bihar
183,27,24,7,2,TRUE,yes,44.3,91.2,Moderate,2391,3326,73.0,46.9,57.5,FALSE,Telangana
184,17,22,4,6,Y,yes,54.0,45.7,High,2240,1804,72.1,,82.1,YES,Sikkim
185,22,12,4,4,Y,No,48.6,88.5,Low,1505,2078,71.5,100.0,84.3,FALSE,Kerala
186,1,3,5,1,Yes,Yes,64.6,83.2,High,3369,4038,87.4,40.7,29.6,TRUE,Assam
187,16,20,10,4,Yes,No,59.0,76.9,Moderate,698,765,89.6,78.3,68.6,0,Punjab
188,33,26,6,1,TRUE,no,41.1,39.9,Low,6064,4346,59.5,87.2,78.2,0,Uttar Pradesh
189,14,29,5,6,yes,Y,52.3,21.9,Low,449,401,89.1,65.9,57.0,N,Delhi (NCT)
190,28,6,9,5,Y,TRUE,31.1,29.4,Moderate,1013,742,65.5,46.6,94.6,No,Goa
191,18,30,12,6,True,True,63.1,,Low,1761,2096,84.1,83.7,59.5,False,Jammu and Kashmir
192,25,10,12,6,YES,yes,56.4,79.8, Moderate ,5744,4484,76.5,90.6,63.7,N,Jharkhand
193,22,24,1,3,TRUE,YES,65.6,86.3,Moderate,1134,1571,76.1,63.8,100.0,FALSE,Telangana
194,15,15,1,2,Y,N,82.4,32.9,Moderate,3235,2920,85.0,21.5,45.5,no,Manipur
195,2,21,5,5,1,N,75.7,77.2,Moderate,5514,4517,79.7,,74.8,NO,Rajasthan
196,10,5,5,1,1,Y,63.5,72.4,Low,2462,1984,80.4,75.5,85.1,N,Chhattisgarh
197,3,20,8,5,True,Yes,38.5,90.4,High,790,713,91.0,63.5,100.0,yes,Punjab
198,30,22,3,3,True,YES,86.2,56.7,Low,1202,1078,85.5,73.0,69.6,No,Sikkim
199,13,21,10,6,True,TRUE,69.9,38.6,Low,575,642,85.8,80.8,56.4,NO,rajasthan
200,15,31,11,1,1,TRUE,55.1,85.8,Low,2521,3416,78.5,48.1,65.6,FALSE,Ladakh
201,27,27,5,1,YES,No,56.2,17.4,High,1722,1753,95.5,50.1,65.7,YES,Uttarakhand
202,24,5,9,3,1,yes,61.9,24.0,Low,2622,2479,91.6,76.4,68.3,NO,Chhattisgarh
203,18,27,6,2,1,1,60.9,55.3,Low,2088,1633,68.7,89.6,85.4,False,Uttarakhand
204,35,24,11,5,1,yes,51.3,88.0,Low,1868,2055,91.3,70.7,75.9,no,Telangana
205,4,20,12,1,YES,0,40.4,11.7,Moderate,4008,3915,100.0,74.0,58.9,N,Punjab
206,22,24,9,4,yes,False,65.0,89.3,High,4529,3386,62.9,77.9,75.5,1,Telangana
207,12,14,9,3,1,True,82.4,63.4,High,2881,2507,87.0,58.6,63.0,1,Maharashtra
208,6,3,12,5,Yes,True,38.8,81.9,Low,2213,2352,90.3,81.1,58.8,no,Assam
209,25,13,5,2,yes,YES,56.7,73.9,Moderate,293,290,100.0,68.4,66.8,No,Madhya Pradesh
210,24,30,12,5,TRUE,No,96.3,41.3,High,1728,1469,81.6,,50.1,NO,Jammu and Kashmir
211,5,21,3,1,Yes,yes,55.7,,Low,1744,2014,86.3,80.3,71.9,FALSE,RAJASTHAN
212,26,6,4,6,yes,yes,66.2,24.6,low,5710,4749,83.3,50.4,72.5,NO,Goa
213,4,5,6,3,yes,Yes,84.0,70.1,Low,1359,1151,77.1,36.3,49.2,N,Chhattisgarh
214,29,6,11,6,Y,no,58.7,33.5,High,5203,4381,85.7,64.2,93.4,0,Goa
215,36,20,11,4,TRUE,False,52.8,71.4,Low,2314,1786,69.6,46.9,91.3,FALSE,Punjab
216,28,16,12,3,Yes,False,33.8,80.2,Low,5481,4658,82.2,51.8,60.2,0,Meghalaya
217,12,7,3,5,yes,yes,88.8,38.2,Moderate,6644,4991,68.1,69.8,27.0,NO,Gujarat
218,4,27,5,1,Yes,Y,67.7,89.3,High,2648,2261,85.5,50.8,65.6,No,Uttarakhand
219,25,25,12,6,TRUE,1,60.2,63.5,Low,1982,1789,94.0,75.4,43.1,FALSE,Tripura
220,9,11,11,1,Y,1,48.8,62.3,Moderate,2146,2639,,68.7,100.0,NO,Karnataka
221,27,9,3,4,yes,TRUE,27.7,87.2,Moderate,2071,2585,84.4,76.6,74.9,N,Himachal Pradesh
222,11,25,10,2,Yes,1,27.4,91.1,low,2403,2624,88.4,55.0,100.0,NO,Tripura
223,18,32,10,6,Yes,No,70.3,12.3,Moderate,2353,1805,68.0,74.6,77.2,no,Puducherry
224,15,9,11,6,yes,N,75.6,9.9,Moderate,4150,3182,67.2,44.8,51.6,NO,Himachal Pradesh
225,9,30,1,1,Yes,FALSE,81.1,79.0,Low,304,342,93.7,68.3,62.5,FALSE,Jammu and Kashmir
226,30,18,9,2,yes,True,84.7,62.7,Low,1145,1321,87.4,73.7,54.4,NO,Nagaland
227,36,30,2,3,yes,YES,61.9,16.8,Low,1121,1223,94.8,92.8,100.0,FALSE,Jammu and Kashmir
228,3,22,11,1,TRUE,NO,73.5,51.1,High,120,171,73.4,,63.8,FALSE,Sikkim
229,34,26,1,5,Yes,NO,81.1,94.0,Low,1868,1381,67.1,55.4,32.7,False,Uttar Pradesh
230,12,17,1,3,Y,yes,47.9,24.1,Low,2189,2418,92.0,76.5,49.6,N,Mizoram
231,26,22,1,1,TRUE,0,33.7,52.5,Low,4141,3916,93.9,79.8,55.3,FALSE,Sikkim
232,33,22,7,2,Yes,Yes,46.3,35.2,Moderate,3479,2858,74.9,56.8,54.1,N,Sikkim
233,22,23,7,5,Y,0,53.7,9.7,Low,3132,3700,84.1,82.3,67.9,0,Tamil Nadu
234,33,29,12,6,1,0,67.6,74.4,Low,3454,3945,87.7,85.5,67.3,False,Delhi (NCT)
235,16,5,4,2,YES,True,85.2,16.7,High,3365,3645,88.8,82.9,75.3,1,Chhattisgarh
236,2,6,2,1,yes,N,100.0,28.9,High,3618,3358,87.8,73.7,74.8,True,Goa
237,18,29,2,2,1,No,66.1,85.0,Moderate,3139,3942,80.9,54.7,90.0,NO,Delhi (NCT)
238,22,8,12,3,TRUE,NO,92.9,18.3,High,835,836,98.4,74.9,56.8,1,Haryana
239,11,19,5,1,yes,Y,54.0,53.3,Moderate,892,828,94.1,73.9,87.2,False,Odisha
240,4,24,4,2,1,yes,74.5,35.3,Low,857,1209,68.0,70.6,74.0,No,Telangana
241,27,31,4,3,TRUE,YES,48.8,69.5,Moderate,2070,1952,95.7,66.7,59.7,NO,Ladakh
242,26,32,1,5,True,0,23.3,12.8,Low,455,463,94.3,67.8,96.1,N,Puducherry
243,34,27,6,5,YES,yes,56.0,63.8,Moderate,1003,1072,93.6,53.8,74.1,False,Uttarakhand
244,35,12,3,5,Yes,True,86.5,32.9,low,3518,3225,93.6,82.1,74.8,False,Kerala
245,8,14,3,4,1,1,100.0,73.6,Low,2483,3306,78.1,100.0,50.0,no,Maharashtra
246,28,20,11,4,TRUE,N,64.2,73.8,Low,1404,1559,90.6,51.6,88.7,0,Punjab
247,2,26,5,4,yes,TRUE,100.0,3.5,Moderate,876,980,88.9,88.1,49.9,no,Uttar Pradesh
248,21,31,6,6,YES,Yes,63.9,60.6,Low,1493,1559,94.9,87.8,75.0,N,Ladakh
249,21,23,11,6,YES,0,71.4,10.0,Low,1833,2144,85.3,73.3,67.8,FALSE,Tamil Nadu
250,32,18,9,6,Yes,FALSE,47.0,5.8,High,2541,3137,83.2,88.1,55.2,TRUE,Nagaland
251,19,25,11,3,True,No,81.0,2.3,High,2103,2187,95.2,72.4,86.0,True,Tripura
252,8,32,7,5,Y,yes,72.8,3.6,Low,3948,4237,97.3,87.7,53.9,False,Puducherry
253,21,5,6,1,1,N,69.7,17.6,Low,2313,1696,63.9,55.9,59.8,N,Chhattisgarh
254,34,28,4,1,1,NO,93.6,25.5,Low,4824,4572,94.1,42.7,60.2,no,West Bengal
255,33,12,1,2,True,No,100.0,30.0,Low,111,143,,73.1,41.9,No,Kerala
256,21,31,11,3,YES,YES,89.1,4.9,Low,284,389,77.8,82.6,80.3,0,Ladakh
257,18,14,5,4,Y,N,65.9,72.6,Moderate,1346,1632,83.1,72.5,70.0,0,Maharashtra
258,4,17,7,1,True,TRUE,,60.7,Low,3753,3371,92.1,48.5,82.4,False,Mizoram
259,33,3,5,3,1,Yes,71.8,91.4,Low,3853,3092,77.4,91.4,51.2,No,Assam
260,22,15,8,5,Y,N,53.9,34.1,Low,3290,3594,95.7,66.6,69.0,FALSE,Manipur
261,32,7,6,1,yes,YES,77.1,6.7,Low,3732,4962,74.2,76.1,93.1,0,Gujarat
262,10,26,1,3,TRUE,True,73.1,32.7,LOW,279,377,71.3,70.5,64.2,N,Uttar Pradesh
263,9,32,3,2,Y,TRUE,57.2,483.50257056715145,Low,4298,4296,100.0,40.7,70.2,False,Puducherry
264,20,5,2,5,True,yes,68.6,32.1, Low ,3141,4165,79.5,73.6,56.7,N,Chhattisgarh
265,29,10,9,1,yes,yes,,47.1,Low,425,403,96.8,89.6,76.2,FALSE,JHARKHAND
266,14,16,1,3,1,YES,81.8,26.7,Low,4169,4663,87.9,87.3,55.0,No,Meghalaya
267,11,25,3,5,yes,Y,83.4,8.0,Low,2897,3626,80.2,,46.2,N,Tripura
268,33,18,5,5,1,False,21.6,42.5,Low,1646,1418,80.0,68.4,95.1,False,Nagaland
269,2,31,6,5,TRUE,1,100.0,56.5,Moderate,5373,4609,85.8,84.4,83.0,No,Ladakh
270,33,5,8,2,1,TRUE,66.0,43.1,Low,4082,3713,94.2,51.1,79.9,FALSE,Chhattisgarh
271,18,20,2,2,yes,NO,90.2,85.7,Moderate,1676,2130,,82.8,79.4,FALSE,Punjab
272,7,28,5,6,True,YES,82.8,63.4,Low,2072,2286,93.9,39.0,43.6,0,West Bengal
273,22,31,5,4,True,yes,61.9,52.5,Low,3588,4647,79.4,65.1,65.9,0,Ladakh
274,3,31,1,5,yes,TRUE,35.0,43.6,Low,3078,4280,69.2,81.4,45.8,False,Ladakh
275,14,20,4,4,TRUE,N,18.0,53.7,Low,509,499,99.3,66.3,56.0,No,Punjab
276,22,27,10,1,True,1,53.7,78.4,Low,298,359,78.1,43.2,82.7,no,Uttarakhand
277,4,32,7,3,True,No,72.1,49.8,Moderate,2835,2627,91.7,100.0,80.2,no,puducherry
278,14,24,10,1,TRUE,Yes,75.2,75.2,Low,5381,4439,83.3,93.2,63.9,No,Telangana
279,8,22,11,2,True,yes,80.9,7.2,Low,3781,3917,100.0,71.2,84.3,0,Sikkim
280,17,16,11,5,Y,YES,36.3,95.0,High,5152,4085,75.9,69.7,74.8,YES,Meghalaya
281,23,24,8,3,Yes,NO,51.0,72.5,Low,2669,2389,88.6,55.4,62.0,no,Telangana
282,18,32,5,6,yes,Y,57.2,62.0,Moderate,1508,1214,71.4,44.5,37.5,NO,Puducherry
283,21,10,4,3,yes,0,65.5,,Moderate,4768,4361,87.7,58.1,37.2,No,Jharkhand
284,23,32,12,3,1,Yes,62.7,,Moderate,3689,3495,97.5,82.6,54.9,FALSE,Puducherry
285,27,26,1,3,TRUE,TRUE,33.5,4.0,High,3271,4100,82.4,98.0,11.8,Yes,uttar pradesh
286,13,27,3,6,True,TRUE,52.4,65.5,Moderate,981,775,68.7,45.2,84.7,no,Uttarakhand
287,29,1,5,4,True,1,100.0,38.8,Low,3888,4798,78.3,61.9,81.7,N,Andhra Pradesh
288,7,17,12,4,TRUE,False,75.0,84.0,Moderate,6841,4968,60.7,75.3,58.5,False,mizoram
289,16,19,2,5,yes,Yes,58.8,95.3,Moderate,2819,2118,65.1,86.2,65.5,0,Odisha
290,14,32,5,1,Yes,Y,68.4,41.4,Moderate,6121,4643,71.6,85.3,74.3,No,Puducherry
291,13,25,2,5,TRUE,Yes,85.1,20.5,Low,257,364,67.0,59.3,77.4,FALSE,Tripura
292,3,7,8,6,yes,0,99.0,35.5,High,1116,1327,86.0,60.4,71.6,Yes,Gujarat
293,32,28,12,6,Yes,Y,50.6,24.4,High,2532,2287,93.8,70.4,65.9,TRUE,West Bengal
294,10,8,12,2,TRUE,0,40.7,64.1,Moderate,3205,4538,67.1,64.6,89.6,False,Haryana
295,28,29,7,2,True,Y,69.6,76.0,Low,3505,2941,79.3,64.3,92.0,N,Delhi (NCT)
296,16,24,11,5,Y,No,53.1,44.2,Moderate,1000,890,87.0,65.7,95.3,N,Telangana
297,4,30,3,3,True,Yes,54.8,79.0,Moderate,4539,3817,79.8,61.0,84.6,NO,Jammu and Kashmir
298,15,23,2,1,yes,NO,59.2,6.6,Moderate,788,566,60.1,62.0,72.6,No,Tamil Nadu
299,30,20,3,5,YES,Y,56.8,38.5,Low,1719,2270,75.8,51.3,31.6,N,Punjab
300,15,21,8,4,Y,False,66.0,36.2,Moderate,1586,1527,100.0,74.1,71.3,False,Rajasthan
301,5,18,9,6,Yes,FALSE,49.1,54.3,Low,2228,3145,69.8,87.0,62.7,No,Nagaland
302,30,15,6,3,1,False,84.9,35.3,Low,5521,4887,90.4,80.9,42.2,NO,MANIPUR
303,25,2,9,2,TRUE,Y,55.2,53.1,Moderate,3048,3545,90.4,64.8,40.6,NO,Arunachal Pradesh
304,31,17,12,5,True,False,100.0,37.6,Low,2731,3552,74.9,70.6,69.6,0,Mizoram
305,25,28,10,6,YES,YES,77.1,70.5,Moderate,3495,2550,59.2,63.1,83.1,False,West Bengal
306,11,5,5,2,True,Y,34.3,23.1,Low,346,375,88.0,43.5,80.8,No,Chhattisgarh
307,7,32,11,2,True,yes,63.1,79.0,Moderate,4736,4050,83.4,56.2,51.4,False,Puducherry
308,20,26,6,6,yes,Y,41.6,87.1,Low,2379,2417,97.8,80.5,73.1,no,Uttar Pradesh
309,14,12,6,3,Yes,Yes,88.8,54.9,Low,444,477,97.7,100.0,68.8,0,Kerala
310,7,22,2,1,TRUE,yes,58.4,89.7,High,4212,4283,98.2,65.8,85.4,YES,Sikkim
311,4,14,9,1,TRUE,0,86.2,37.2,Moderate,1864,2279,86.2,52.3,66.6,NO,Maharashtra
312,29,28,9,3,True,Y,14.6,24.0,Low,3720,4533,77.4,83.3,71.9,No,west bengal
313,17,25,11,1,yes,TRUE,71.3,33.1,Low,4117,3632,90.0,70.8,61.1,0,Tripura
314,16,13,4,1,YES,Y,100.0,31.9,High,2455,2055,80.4,67.6,61.3,NO,Madhya Pradesh
315,35,14,7,4,True,Y,77.4,52.1,Low,3038,2565,76.7,66.1,59.8,no,Maharashtra
316,30,31,1,4,TRUE,FALSE,68.2,19.2,Low,408,313,71.5,46.6,52.6,N,Ladakh
317,28,7,9,2,TRUE,1,67.7,84.3,Low,427,443,97.4,46.5,43.5,no,Gujarat
318,1,31,7,1,TRUE,Y,31.5,29.4,Moderate,900,1138,81.9,67.4,50.1,NO,Ladakh
319,7,32,3,5,Y,1,56.5,81.9,Moderate,3977,4178,99.0,80.4,70.5,No,Puducherry
320,20,7,9,1,YES,True,79.5,50.6,Moderate,1453,1130,66.5,70.4,62.6,FALSE,Gujarat
321,11,25,5,3,1,Y,89.9,89.1,Moderate,1697,1836,91.5,78.5,76.1,N,Tripura
322,20,7,10,3,TRUE,TRUE,97.0,63.9,Low,591,617,94.1,74.4,53.7,False,Gujarat
323,15,2,7,5,Yes,0,49.2,84.8,Low,3038,3404,84.5,100.0,72.8,FALSE,Arunachal Pradesh
324,32,1,4,6,Yes,TRUE,56.1,30.7,Low,2043,2460,79.4,67.5,69.1,0,Andhra Pradesh
325,29,4,2,3,1,1,20.0,22.9,MODERATE,1858,1729,87.8,71.5,69.5,No,Bihar
326,13,26,9,1,Y,yes,100.0,93.7,Low,2801,2929,93.9,76.2,40.2,NO,Uttar Pradesh
327,8,22,4,4,TRUE,YES,,37.1,Low,3712,4644,82.0,73.0,63.4,False,sikkim
328,22,11,7,1,Y,0,98.4,59.4,Low,6258,4510,59.1,56.5,58.1,FALSE,Karnataka
329,2,30,6,2,True,False,74.0,45.9,Moderate,3169,4181,71.9,47.8,45.3,0,Jammu and Kashmir
330,15,13,6,3,YES,TRUE,62.8,12.6,Moderate,407,302,63.7,82.2,73.2,False,Madhya Pradesh
331,6,1,7,3,True,Yes,58.1,58.2,Low,604,720,86.3,71.5,95.7,N,Andhra Pradesh
332,20,22,5,6,TRUE,yes,55.0,91.2,Low,4462,3939,88.7,47.6,62.0,No,Sikkim
333,2,11,12,1,YES,1,74.7,483.50257056715145,Low,662,644,97.1,38.3,30.0,NO,Karnataka
334,13,6,10,6,1,TRUE,73.4,60.8,Moderate,3164,4344,68.7,74.2,43.7,N,Goa
335,1,15,6,4,Y,No,78.0,15.7,high,3236,2521,,76.8,99.9,True,Manipur
336,32,2,4,4,Yes,1,59.5,18.1,Low,112,91,,77.0,39.4,no,Arunachal Pradesh
337,5,9,5,1,yes,No,99.6,92.5,Moderate,1384,1163,80.4,65.3,47.2,N,Himachal Pradesh
338,17,15,11,2,YES,Y,61.9,46.6,Moderate,5169,4039,72.0,96.3,89.4,N,Manipur
339,36,17,2,4,Y,N,88.4,2.9,Low,4826,3497,61.6,98.9,87.9,False,Mizoram
340,28,4,1,3,TRUE,True,39.6,9.3,Low,3998,4661,85.6,,56.0,FALSE,Bihar
341,30,15,2,2,Yes,YES,98.6,12.4,Low,5064,4938,98.3,68.1,81.3,NO,Manipur
342,12,17,10,6,TRUE,N,52.0,65.7,Moderate,1849,2088,84.6,58.7,77.6,no,Mizoram
343,32,17,6,5,yes,1,79.9,88.4,Low,1714,1256,64.1,57.7,88.7,False,Mizoram
344,3,20,12,2,True,No,21.4,58.1,Low,1016,742,58.8,84.5,69.5,0,Punjab
345,6,23,7,3,YES,Y,60.1,72.8, Low ,1794,1512,81.0,76.7,47.2,No,Tamil Nadu
346,30,24,10,4,Y,False,47.5,46.3,Low,871,837,91.4,98.2,80.4,No,Telangana
347,7,7,1,3,Y,yes,,34.0,High,5454,4161,66.0,68.3,34.8,yes,Gujarat
348,23,27,6,4,YES,YES,61.6,45.0,Moderate,6626,4951,70.1,66.5,81.6,N,Uttarakhand
349,14,19,9,2,1,Yes,39.6,32.3,High,204,172,82.1,,86.9,0,Odisha
350,33,17,11,1,True,Y,53.7,61.1,High,2057,2134,,60.3,69.3,N,Mizoram
351,12,27,2,4,True,1,54.9,29.5,Low,1971,2574,74.1,68.1,44.0,N,Uttarakhand
352,3,29,8,3,Y,No,75.2,38.4,Low,4434,4524,100.0,47.5,31.8,False,Delhi (NCT)
353,14,27,3,5,YES,TRUE,100.0,36.5,Low,4063,4287,94.5,61.6,54.0,False,Uttarakhand
354,29,5,11,4,True,NO,50.3,47.0,Low,2016,2064,95.5,92.8,93.2,no,Chhattisgarh
355,8,9,9,6,True,Yes,74.0,89.5,Low,2709,1952,65.5,73.0,69.7,N,Himachal Pradesh
356,35,11,5,6,True,YES,78.6,19.0,Low,2375,1858,69.4,66.6,83.4,No,Karnataka
357,10,14,10,3,Y,Yes,100.0,71.7,Low,3126,2515,76.9,65.2,48.3,False,Maharashtra
358,26,2,7,6,Yes,Y,55.2,84.1,HIGH,2317,2553,,80.9,50.4,0,Arunachal Pradesh
359,23,9,4,4,yes,True,54.4,73.9,Moderate,1483,2022,69.7,84.1,84.3,NO,Himachal Pradesh
360,20,6,3,6,True,Yes,69.1,483.50257056715145,Low,138,103,70.9,59.4,72.8,No,Goa
361,25,17,5,3,yes,1,55.3,42.7,Moderate,434,571,80.9,68.6,82.3,N,Mizoram
362,22,16,2,5,True,Yes,77.4,86.0,Moderate,1192,1508,80.7,53.0,40.2,no,Meghalaya
363,11,24,6,1,yes,NO,33.8,,High,1490,1581,98.4,61.3,87.4,Y,Telangana
364,27,20,3,4,1,True,52.7,47.5,Moderate,4368,3486,73.2,54.5,37.3,N,Punjab
365,36,29,9,1,YES,TRUE,61.6,50.2,Moderate,1199,1077,93.6,71.3,77.5,0,Delhi (NCT)
366,9,11,2,4,Yes,Yes,96.8,80.2,Low,3279,2431,60.9,60.9,75.2,0,Karnataka
367,21,26,7,6,YES,0,50.7,70.6,High,4035,2922,64.5,50.4,73.5,False,Uttar Pradesh
368,31,31,3,2,True,False,45.2,19.4,Moderate,1145,1372,80.6,62.8,70.5,FALSE,Ladakh
369,5,17,3,4,YES,0,36.9,39.8,Moderate,180,227,80.7,74.3,71.9,False,Mizoram
370,8,31,11,1,Y,Yes,84.0,5.5,Low,1720,1541,87.5,51.8,63.0,NO,Ladakh
371,13,12,9,1,Yes,yes,70.5,14.3,Low,3775,3725,100.0,73.8,44.1,No,Kerala
372,3,12,9,1,YES,Yes,38.6,64.6,Low,3559,4111,90.5,79.6,100.0,NO,Kerala
373,11,1,2,3,yes,no,59.5,41.1,Low,5302,3944,63.0,57.1,97.8,No,andhra pradesh
374,26,18,9,6,Yes,Yes,50.3,20.0,Low,3275,2511,66.1,52.4,68.7,False,Nagaland
375,18,26,7,6,TRUE,Yes,71.4,86.9,Low,190,234,81.4,64.8,75.4,False,Uttar Pradesh
376,7,23,3,4,yes,yes,68.2,56.3,Moderate,5399,4274,75.8,46.3,58.8,NO,Tamil Nadu
377,4,15,12,3,yes,TRUE,69.6,62.0,Low,76,78,100.0,63.3,94.8,0,Manipur
378,13,13,1,4,YES,YES,51.5,87.6,Low,394,310,77.6,69.5,43.5,FALSE,Madhya Pradesh
379,36,14,7,4,Yes,True,37.1,52.0,Moderate,1398,1424,93.6,72.0,71.3,No,Maharashtra
380,17,22,8,2,Y,N,75.8,22.3,Low,5570,4176,63.9,89.5,100.0,No,Sikkim
381,18,22,9,4,Yes,No,47.3,80.0,Moderate,2950,2321,75.4,54.2,40.6,no,Sikkim
382,3,7,10,4,TRUE,YES,50.8,91.5,Moderate,2226,2264,96.3,91.7,73.5,No,GUJARAT
383,9,23,2,5,YES,1,39.0,77.1,Low,5175,4576,87.2,45.3,60.6,FALSE,Tamil Nadu
384,23,9,4,5,Y,True,64.0,75.2,Low,4039,2927,60.5,60.0,69.9,No,Himachal Pradesh
385,18,13,8,5,Yes,yes,47.8,63.1,Moderate,4564,3950,85.4,,67.2,0,Madhya Pradesh
386,24,21,2,5,TRUE,Y,69.5,39.0,Moderate,3637,3179,82.8,,85.0,No,Rajasthan
387,19,11,1,4,yes,FALSE,83.1,51.7,low,2357,3064,77.4,73.4,27.7,False,Karnataka
388,8,20,3,2,1,Y,81.1,90.4,Moderate,5264,4776,93.1,81.5,61.0,NO,Punjab
389,25,9,6,5,YES,TRUE,65.2,95.7,Moderate,1660,2062,76.4,91.2,51.2,No,Himachal Pradesh
390,12,20,11,4,TRUE,Y,86.3,91.8,High,1613,1297,76.5,66.7,83.6,NO,Punjab
391,28,30,8,3,YES,TRUE,64.0,52.6,Moderate,2839,3742,80.5,76.9,74.2,no,Jammu and Kashmir
392,13,22,5,4,YES,1,73.3,31.6,Low,1117,1535,76.9,72.1,75.7,False,Sikkim
393,25,24,8,3,YES,1,58.3,43.7,High,1867,1554,78.0,95.5,68.5,False,Telangana
394,3,11,10,2,yes,0,75.7,31.0,Low,3703,4245,89.9,64.2,31.3,FALSE,Karnataka
395,2,19,3,4,Yes,TRUE,70.5,3.4,Moderate,2296,1985,87.9,69.3,49.8,No,Odisha
396,4,19,1,3,Y,YES,64.9,67.0,Low,4535,3711,81.7,62.0,76.9,N,Odisha
397,27,9,5,6,True,FALSE,76.6,83.7,Low,3664,3893,92.0,77.4,55.2,False,Himachal Pradesh
398,9,9,6,1,YES,Y,82.3,49.1,Low,4806,3964,81.6,74.3,43.1,False,Himachal Pradesh
399,15,4,10,3,True,FALSE,85.3,95.1,Moderate,1349,1887,76.2,78.7,77.1,No,Bihar
400,7,22,3,6,Yes,True,72.7,46.6,Low,3881,2872,60.6,74.3,68.3,N,Sikkim
401,12,12,7,4,True,yes,47.4,48.5,Low,1847,1846,95.6,59.4,76.8,N,Kerala
402,1,1,11,5,True,YES,58.9,62.0,Low,1034,1347,73.8,,75.0,NO,Andhra Pradesh
403,22,18,8,5,1,FALSE,62.2,75.7,Low,4119,3230,69.8,35.0,59.8,NO,Nagaland
404,21,27,11,4,True,Yes,69.8,7.5,Moderate,2619,2059,76.0,22.5,49.4,no,Uttarakhand
405,16,2,3,2,TRUE,yes,55.2,,Moderate,2455,2819,,63.7,49.4,N,Arunachal Pradesh
406,16,26,6,2,1,1,61.3,72.1,Moderate,821,1132,75.6,85.8,57.7,No,Uttar Pradesh
407,3,4,7,1,True,True,41.8,50.6,LOW,2229,1804,76.5,59.1,89.3,FALSE,Bihar
408,20,20,3,6,TRUE,yes,24.0,76.0,Low,3795,3054,71.6,75.5,73.2,no,Punjab
409,17,4,12,2,Yes,N,33.9,66.8,Low,2327,3194,72.5,76.4,76.0,0,Bihar
410,32,10,12,4,Y,no,67.1,83.6,Low,164,184,87.3,69.6,76.1,False,Jharkhand
411,18,15,10,4,1,Yes,91.3,48.9,High,4300,3443,79.2,,60.3,no,Manipur
412,21,14,12,2,True,FALSE,39.2,66.7,Moderate,4328,3459,77.9,65.1,56.4,no,Maharashtra
413,12,31,9,2,YES,True,90.5,33.6,Low,2743,2303,76.0,58.7,39.9,False,Ladakh
414,33,7,4,3,YES,TRUE,96.0,62.8,High,5110,4586,88.2,63.7,84.6,True,Gujarat
415,14,4,3,1,True,NO,,53.6,Low,471,337,63.4,78.6,70.9,NO,Bihar
416,19,31,5,3,YES,TRUE,25.2,39.2,Moderate,4009,3516,90.3,56.4,73.4,False,Ladakh
417,30,11,1,3,Yes,Y,63.6,80.8,Low,5447,4336,70.6,52.9,28.5,No,Karnataka
418,9,16,3,4,TRUE,Yes,52.1,36.7,Moderate,2670,2795,99.9,63.6,65.0,no,Meghalaya
419,23,21,9,5,yes,FALSE,73.5,79.1,Low,3093,2990,97.9,,87.2,FALSE,Rajasthan
420,4,18,3,6,TRUE,yes,83.9,33.3,Moderate,1856,1700,88.5,33.0,75.0,no,Nagaland
421,26,20,2,3,True,yes,70.3,10.3,Moderate,4413,3431,74.4,56.3,80.5,False,PUNJAB
422,6,9,6,1,Y,True,55.2,16.9,Moderate,457,472,99.3,80.1,74.9,0,Himachal Pradesh
423,5,6,4,3,Yes,no,44.1,44.2,Moderate,4728,4524,96.8,52.7,99.6,FALSE,Goa
424,15,20,10,5,TRUE,False,93.6,83.5,High,170,222,75.8,62.9,71.4,N,Punjab
425,8,22,12,3,Y,Yes,,85.9, Moderate ,1220,899,65.0,54.3,66.8,N,Sikkim
426,28,15,3,2,yes,N,34.8,61.6,Moderate,4022,4477,87.3,76.5,84.6,NO,Manipur
427,2,28,2,1,TRUE,FALSE,31.5,483.50257056715145,Low,2190,2613,86.2,80.1,37.8,False,West Bengal
428,35,24,12,1,True,True,67.7,81.6,Low,5706,4686,77.3,64.3,100.0,No,Telangana
429,30,28,2,1,yes,1,69.4,52.0,Low,1472,1106,66.1,62.8,87.4,0,West Bengal
430,25,23,11,4,Yes,yes,50.9,57.7,Moderate,1885,2097,86.4,,84.2,NO,Tamil Nadu
431,14,28,1,6,True,0,70.0,14.8,Moderate,2772,3279,87.4,100.0,56.1,No,West Bengal
432,7,3,2,4,TRUE,No,97.9,23.5,Moderate,3778,3581,90.0,83.5,97.2,False,Assam
433,4,14,10,5,1,1,73.4,57.9,Moderate,1452,1514,96.9,18.9,69.6,No,Maharashtra
434,35,14,1,1,Y,YES,78.1,85.6,High,5415,4938,88.6,92.4,60.3,1,Maharashtra
435,34,8,7,5,TRUE,no,57.1,86.8,Low,1753,1840,92.8,74.8,58.6,No,Haryana
436,34,23,7,3,TRUE,No,73.7,84.5,Low,2416,2430,98.6,54.9,26.0,FALSE,Tamil Nadu
437,25,22,7,2,Y,N,72.9,36.9,Moderate,2263,3131,74.4,,61.8,NO,Sikkim
438,34,3,1,4,YES,True,68.9,,Low,1002,834,75.2,70.9,58.9,No,Assam
439,36,8,11,6,YES,Y,78.4,33.5,High,3295,4272,75.5,60.7,48.3,YES,Haryana
440,23,27,5,6,TRUE,TRUE,41.8,46.1,Moderate,3217,2720,83.8,57.4,59.4,False,Uttarakhand
441,2,15,1,5,True,0,41.2,77.8,MODERATE,3857,4369,86.0,89.9,88.8,0,Manipur
442,24,7,11,2,Y,Y,78.4,,High,1226,888,63.3,65.2,66.5,No,Gujarat
443,17,25,8,4,Y,1,93.8,38.6,Low,5867,4317,67.4,60.2,64.1,0,Tripura
444,27,29,6,4,Yes,Yes,46.3,21.4,Moderate,2332,1860,78.2,63.2,60.3,N,Delhi (NCT)
445,20,23,7,3,True,Y,15.1,32.7,Moderate,3230,3299,100.0,63.6,72.7,NO,Tamil Nadu
446,20,16,2,2,1,YES,64.8,65.3,High,5738,4128,63.8,69.5,87.1,No,Meghalaya
447,3,9,6,2,YES,True,98.2,29.3,High,5166,4804,88.9,72.8,64.5,Y,Himachal Pradesh
448,31,31,4,4,Y,TRUE,33.9,22.9,Low,2377,2837,83.8,64.3,100.0,0,Ladakh
449,31,7,10,1,yes,no,44.7,11.7,Moderate,1253,1047,76.6,60.7,87.8,0,Gujarat
450,31,10,1,6,Yes,NO,54.6,61.6,Low,6159,4783,72.3,84.4,75.9,no,Jharkhand
451,19,22,6,3,yes,1,90.0,42.7,Low,2252,1934,81.0,55.1,74.0,No,Sikkim
452,33,3,11,5,True,Y,63.3,52.7,High,3432,3942,85.6,98.1,60.4,N,Assam
453,30,16,9,4,Yes,Y,53.1,78.4,Low,4642,4863,91.3,76.4,91.4,NO,Meghalaya
454,1,13,5,6,Yes,Yes,65.6,46.2,Low,3564,4583,78.8,81.4,59.3,No,Madhya Pradesh
455,6,19,4,5,YES,Yes,36.2,21.8,Moderate,815,769,98.0,89.8,69.4,N,Odisha
456,18,7,8,6,Y,no,71.9,76.2,Moderate,1950,2690,73.2,58.7,73.9,no,Gujarat
457,27,25,3,2,yes,Yes,70.0,65.5,Low,875,783,87.6,92.2,66.4,0,Tripura
458,25,11,3,3,TRUE,Y,50.3,82.3,Low,2357,2288,95.7,,41.4,No,Karnataka
459,1,11,3,3,Yes,yes,62.8,74.4,Low,144,150,97.5,73.2,72.2,N,Karnataka
460,30,29,2,3,1,1,66.1,,Low,1045,1306,79.0,60.4,67.6,FALSE,Delhi (NCT)
461,3,17,2,5,Yes,no,51.4,72.4,High,3064,4217,67.9,53.4,63.8,Yes,Mizoram
462,27,26,7,1,True,YES,69.6,3.7,Moderate,2702,3237,82.7,67.9,97.2,NO,Uttar Pradesh
463,9,32,9,4,TRUE,1,78.3,49.4,Moderate,3844,3322,81.6,,50.2,No,Puducherry
464,36,25,4,4,Y,1,63.8,42.3,Low,601,459,68.3,83.2,41.4,no,Tripura
465,36,19,5,2,True,yes,66.1,18.7, Low ,3512,3852,94.7,92.8,73.9,FALSE,Odisha
466,36,10,5,2,TRUE,Yes,91.9,14.0,Moderate,1171,935,72.3,73.3,100.0,NO,Jharkhand
467,30,16,8,2,Yes,True,71.2,69.5,Low,578,561,100.0,72.6,91.2,False,Meghalaya
468,8,3,12,6,1,True,42.5,16.1,Moderate,1117,1155,92.9,67.8,51.4,No,ASSAM
469,17,8,10,4,Yes,N,35.5,17.2,Moderate,1351,1490,91.1,57.3,77.5,No,Haryana
470,2,17,8,5,1,False,64.2,74.5,Moderate,262,236,84.5,93.2,38.8,FALSE,Mizoram
471,8,7,10,6,yes,False,54.2,24.6,Moderate,2382,2902,85.6,75.4,59.1,N,Gujarat
472,10,20,12,6,True,YES,73.0,12.2,Moderate,1248,1478,85.8,25.9,52.0,no,Punjab
473,5,3,4,2,True,Yes,83.3,34.0,Low,926,684,65.5,93.6,70.5,0,Assam
474,7,8,9,3,Yes,TRUE,67.4,37.8,Low,32,31,,76.5,58.1,FALSE,Haryana
475,15,11,6,5,TRUE,Yes,89.4,14.8,Low,5000,3590,57.4,47.7,72.6,no,Karnataka
476,20,29,1,5,TRUE,yes,,42.6,Low,5185,3746,61.9,76.7,65.4,False,Delhi (NCT)
477,4,25,8,5,Y,1,81.8,73.9,Moderate,2605,1985,73.5,69.4,65.5,NO,Tripura
478,5,2,4,3,True,Y,100.0,95.4,Moderate,2196,2347,89.7,68.8,79.7,no,Arunachal Pradesh
479,21,31,3,3,TRUE,N,47.9,58.9,Low,3873,4226,87.1,53.6,71.5,0,Ladakh
480,18,4,8,2,True,N,82.5,13.0,Low,836,862,100.0,86.2,95.2,no,Bihar
481,17,29,1,5,Yes,TRUE,62.6,33.0,Low,1843,1483,80.3,73.0,85.9,NO,Delhi (NCT)
482,26,19,2,3,Yes,Yes,53.4,,Moderate,3358,4441,78.5,53.8,75.0,False,Odisha
483,25,2,4,4,yes,YES,49.0,2.4,Moderate,3471,4765,69.0,81.4,80.9,No,Arunachal Pradesh
484,36,3,6,6,True,Yes,65.3,39.7,High,3041,2333,66.3,53.2,64.8,Yes,Assam
485,2,26,11,1,YES,yes,60.5,79.5,Low,3984,4649,88.9,68.2,75.7,NO,Uttar Pradesh
486,26,3,7,3,Y,no,81.0,60.8,Low,376,346,93.2,82.1,99.6,0,Assam
487,26,30,10,6,TRUE,1,59.2,91.7,Moderate,956,983,100.0,55.0,58.0,False,Jammu and Kashmir
488,34,18,9,1,TRUE,YES,50.1,95.5,Low,2754,3539,75.3,72.8,53.3,N,Nagaland
489,7,2,1,4,Yes,False,85.6,11.8,Low,2832,3796,75.5,84.0,83.6,No,Arunachal Pradesh
490,29,32,4,3,1,YES,75.1,60.1,Low,3816,3376,86.3,68.9,43.5,False,Puducherry
491,13,3,8,1,Y,Yes,74.0,94.2,Low,6215,4771,69.8,67.4,59.0,0,Assam
492,28,4,1,1,yes,yes,84.5,30.1,Low,602,637,97.0,95.8,60.2,no,Bihar
493,6,23,6,3,YES,NO,74.8,8.8,Low,2347,3123,79.7,79.4,42.8,NO,Tamil Nadu
494,34,20,11,6,yes,yes,61.1,2.6,Low,1062,1079,99.2,62.6,85.1,NO,Punjab
495,15,7,8,2,TRUE,NO,67.8,3.7,Low,1185,897,71.4,66.6,50.4,no,Gujarat
496,16,1,1,5,1,YES,64.6,9.7,Moderate,2073,1943,88.5,61.2,42.2,N,Andhra Pradesh
497,26,23,4,6,1,N,79.5,71.6,Moderate,4450,4326,97.5,79.1,76.2,FALSE,Tamil Nadu
498,30,16,2,5,True,no,38.8,14.4,Low,3355,3327,94.5,53.3,51.2,False,Meghalaya
499,28,10,5,2,YES,True,41.3,81.1,Moderate,3329,3136,,84.4,78.8,FALSE,Jharkhand
500,36,23,9,6,YES,True,75.7,85.8,Low,2418,3107,76.1,64.1,68.5,0,tamil nadu
501,10,31,11,6,Yes,no,45.9,48.5,Moderate,4672,4791,99.7,75.9,58.7,FALSE,Ladakh
502,6,16,5,4,1,Y,61.4,45.4,Moderate,1705,1513,86.4,39.6,79.5,N,Meghalaya
503,3,28,1,1,Y,True,80.3,52.3,Moderate,5564,4988,86.1,84.9,77.9,NO,West Bengal
504,21,30,10,2,yes,Yes,100.0,61.1,High,2567,2226,87.6,78.3,76.4,Y,Jammu and Kashmir
505,36,13,6,4,YES,False,72.3,25.8,Low,2770,3804,73.9,76.6,71.2,0,Madhya Pradesh
506,35,29,1,6,TRUE,yes,84.0,59.8,Low,2043,1965,94.5,82.2,100.0,no,Delhi (NCT)
507,32,1,4,6,YES,Y,13.4,52.3,Low,269,299,,51.6,92.6,FALSE,Andhra Pradesh
508,7,26,7,2,yes,no,86.1,38.2,Moderate,4155,3210,66.6,82.9,55.9,NO,Uttar Pradesh
509,4,22,1,1,Yes,Yes,67.7,46.1,Low,4296,3615,85.2,91.3,59.0,FALSE,Sikkim
510,6,8,11,3,Y,No,62.0,56.5,Low,5457,4856,90.4,61.4,57.4,N,Haryana
511,5,30,4,6,1,TRUE,47.3,95.6,Moderate,5066,4941,100.0,50.4,54.5,0,Jammu and Kashmir
512,6,9,2,6,TRUE,0,41.0,27.1,Low,3683,2965,78.7,77.4,79.7,0, Himachal Pradesh  
513,9,13,9,4,True,0,62.5,17.6,Moderate,3636,3562,100.0,48.3,72.2,0,Madhya Pradesh
514,4,26,8,2,Yes,Yes,60.0,26.0,Moderate,2895,3201,89.0,54.9,66.8,no,Uttar Pradesh
515,17,8,8,6,YES,TRUE,83.2,2.4,High,2836,4045,74.2,56.1,90.7,Y,Haryana
516,24,21,12,2,Yes,True,45.4,59.3,Moderate,865,1101,78.0,90.9,89.9,0,Rajasthan
517,36,9,3,1,1,TRUE,57.8,31.9,Low,4002,3480,82.3,70.8,68.5,N,Himachal Pradesh
518,19,8,8,6,TRUE,YES,63.3,16.2,Moderate,1954,2298,86.6,80.6,86.9,False,Haryana
519,2,10,4,6,TRUE,Y,50.5,33.6,Moderate,4043,4056,100.0,49.3,72.4,0,Jharkhand
520,16,28,9,1,Y,True,54.1,31.3,High,5644,4710,85.1,79.5,64.2,N,West Bengal
521,28,18,1,5,TRUE,No,64.9,67.4,Low,2453,2720,91.3,57.8,100.0,FALSE,Nagaland
522,15,12,6,6,True,Y,59.6,47.3,High,1022,1188,81.7,75.9,85.1,True,Kerala
523,30,7,3,4,1,yes,49.7,51.0, Moderate ,2276,3201,71.3,60.1,63.5,0,Gujarat
524,21,11,3,3,yes,yes,55.7,65.7, High ,1319,1244,91.0,49.2,61.3,TRUE,Karnataka
525,34,18,4,4,True,FALSE,60.4,5.9,moderate,369,494,75.9,75.7,54.3,FALSE,Nagaland
526,35,28,9,3,True,YES,59.4,69.8,High,3640,4885,72.5,49.2,85.8,YES,West Bengal
527,3,28,5,1,yes,1,97.6,91.4,Moderate,771,674,83.2,79.0,93.8,N,West Bengal
528,31,6,6,6,TRUE,True,66.4,68.3,Low,2922,3143,94.5,57.6,70.1,FALSE,Goa
529,4,25,12,5,Y,0,96.8,45.1,Moderate,1246,968,68.5,79.1,100.0,No,Tripura
530,11,23,10,6,TRUE,yes,77.0,75.0,Low,2836,2897,96.9,87.8,54.6,N,Tamil Nadu
531,16,30,3,6,Y,Y,21.8,86.0,Low,4915,3665,63.3,75.1,51.0,FALSE,Jammu and Kashmir
532,2,14,3,1,1,True,100.0,2.9,Moderate,2948,2780,97.6,90.9,63.5,No,Maharashtra
533,12,21,6,4,Y,True,35.5,9.2,Moderate,842,882,91.1,79.2,47.7,NO,Rajasthan
534,30,13,10,3,True,no,49.6,9.5,High,3383,4009,82.8,39.3,73.4,No,Madhya Pradesh
535,10,17,12,1,Yes,Y,97.9,73.3,Moderate,4211,4673,92.5,70.8,80.5,FALSE,Mizoram
536,14,26,8,4,YES,yes,45.4,61.4,Moderate,1532,1512,94.1,97.2,60.4,N,Uttar Pradesh
537,30,28,2,5,yes,TRUE,72.2,84.5,Low,3585,4307,,45.1,74.8,False,West Bengal
538,11,14,4,1,yes,Y,47.5,79.4,Low,4305,3290,69.9,64.4,59.8,NO,Maharashtra
539,3,10,10,6,1,NO,97.4,19.8,Moderate,3741,3098,77.4,76.6,100.0,0,Jharkhand
540,30,15,3,4,TRUE,FALSE,70.9,3.4,Low,4335,3807,91.1,46.7,63.9,0,Manipur
541,34,13,2,6,Y,yes,52.5,31.1,Low,3864,4764,78.0,64.8,60.8,False,Madhya Pradesh
542,19,23,3,1,Yes,1,63.9,64.2,Low,3317,2587,73.1,65.5,49.4,N,Tamil Nadu
543,2,19,3,6,Yes,Y,40.7,19.3,Low,2450,2680,92.0,61.9,71.0,FALSE,Odisha
544,11,32,10,2,TRUE,Y,58.0,29.0,Moderate,257,240,93.8,86.0,68.3,no,Puducherry
545,5,11,10,3,Yes,FALSE,24.3,37.5,Low,3279,2685,80.7,,63.6,FALSE,Karnataka
546,2,2,6,1,1,no,49.1,35.3,Low,2840,3687,80.9,63.1,28.1,FALSE,Arunachal Pradesh
547,35,17,12,2,YES,TRUE,40.6,80.1,Low,3199,3571,91.4,100.0,65.0,No,Mizoram
548,1,14,7,2,YES,yes,96.8,86.7,Low,3498,2663,69.3,72.1,61.6,No,Maharashtra
549,10,15,1,3,TRUE,NO,83.8,92.3,Low,2242,2435,93.5,71.5,67.7,False,Manipur
550,18,13,8,1,Y,True,70.3,45.6, Low ,1420,1173,78.0,60.6,85.5,0,Madhya Pradesh
551,10,2,10,4,YES,Yes,49.0,95.4,Low,2055,2879,75.8,70.2,60.8,N,Arunachal Pradesh
552,28,25,9,1,YES,YES,52.9,45.4,Moderate,2167,2043,94.1,74.6,100.0,False,Tripura
553,1,17,6,1,Y,Yes,59.2,68.6,Low,1736,1591,86.8,85.3,62.2,N,Mizoram
554,26,17,10,5,yes,yes,48.6,87.2,Low,1583,1937,76.7,68.2,80.3,False,Mizoram
555,22,2,2,4,Y,yes,80.7,19.9,Moderate,2133,1710,73.7,63.1,62.2,NO,Arunachal Pradesh
556,27,11,9,1,Yes,yes,86.1,87.1,Low,1329,965,60.6,75.9,76.2,No,Karnataka
557,21,2,11,5,1,TRUE,100.0,12.5,Moderate,5708,4616,74.6,34.3,42.9,N,Arunachal Pradesh
558,7,13,2,3,yes,YES,54.3,10.4,Low,3040,3900,81.2,71.2,75.0,FALSE,Madhya Pradesh
559,16,11,3,3,1,True,97.0,77.5,High,4081,4973,85.3,38.5,79.9,0,Karnataka
560,13,30,11,3,yes,TRUE,,85.6,Low,1670,1968,88.5,81.9,48.9,No,Jammu and Kashmir
561,20,32,7,6,YES,1,100.0,,Low,1062,855,74.4,35.2,82.3,no,Puducherry
562,3,7,2,2,True,yes,76.4,44.4,Low,1602,1181,59.5,62.1,69.4,no,Gujarat
563,33,28,3,5,1,YES,44.7,8.8,Moderate,3231,2979,91.1,70.2,37.3,N,West Bengal
564,3,15,2,5,Yes,NO,63.5,50.6,Low,1413,1149,81.3,71.2,56.9,No,Manipur
565,17,23,9,6,True,0,55.7,5.6,Moderate,4348,4454,95.7,81.5,46.1,N,Tamil Nadu
566,8,28,2,3,True,NO,53.3,38.4,Moderate,5573,4702,78.8,74.4,85.2,NO,West Bengal
567,15,24,12,3,TRUE,TRUE,80.3,67.9,Moderate,1589,1334,81.7,61.3,67.2,no,Telangana
568,12,3,6,4,Y,no,40.6,86.0,Low,2576,2411,97.1,93.4,67.1,N,Assam
569,32,6,2,5,True,1,65.0,5.7,Moderate,1867,2310,84.2,77.5,70.1,NO,Goa
570,2,20,6,3,yes,True,51.6,17.1,High,64,47,59.4,74.6,78.2,True,Punjab
571,7,6,7,3,1,1,55.4,62.2,Moderate,4670,3483,64.8,,30.2,N,Goa
572,3,7,6,2,YES,Y,44.2,89.8,High,2866,2236,76.7,60.0,82.9,TRUE,Gujarat
573,34,25,1,3,Y,Y,56.9,5.7,Moderate,3208,2674,82.8,63.6,66.6,FALSE,Tripura
574,5,9,11,5,1,1,73.3,54.8,Moderate,1928,1914,96.5,86.1,68.5,FALSE,Himachal Pradesh
575,15,1,11,4,Yes,FALSE,17.3,87.2,Low,1332,1185,84.2,,100.0,No,Andhra Pradesh
576,16,31,10,2,Y,No,71.2,83.2,MODERATE,309,342,90.5,100.0,81.8,FALSE,Ladakh
577,22,26,1,5,TRUE,N,59.7,52.7,High,2844,3115,94.6,66.7,66.5,TRUE,Uttar Pradesh
578,35,23,3,5,True,1,48.9,,Moderate,644,492,73.5,71.8,48.4,0,Tamil Nadu
579,26,7,9,2,1,N,90.1,59.2,Low,2767,3512,,50.4,74.9,N,Gujarat
580,16,4,12,6,Yes,N,42.6,24.5,Moderate,3991,3062,69.9,87.9,77.5,NO,Bihar
581,32,19,10,6,TRUE,True,24.8,42.7,Moderate,1169,1187,96.5,68.6,72.2,no,Odisha
582,18,21,8,3,True,True,55.8,7.5,Moderate,2282,3066,76.4,63.4,56.3,no,Rajasthan
583,18,8,1,2,TRUE,Y,57.3,20.1,Moderate,2842,3138,91.6,100.0,85.8,NO,Haryana
584,25,22,5,4,True,yes,61.0,59.2,Low,4949,3569,60.3,70.6,78.2,0,Sikkim
585,7,26,1,2,yes,0,51.4,21.2,Moderate,691,512,68.2,66.4,74.3,FALSE,Uttar Pradesh
586,33,14,10,5,TRUE,Yes,92.0,71.6,High,2999,2143,61.4,80.7,71.1,N,Maharashtra
587,28,24,9,2,TRUE,N,79.7,41.6,Low,1785,1334,61.6,92.8,79.6,no,Telangana
588,27,5,7,2,yes,TRUE,78.6,46.6,Low,3227,2333,62.6,92.1,65.0,No,Chhattisgarh
589,32,14,1,1,True,FALSE,72.5,16.0,Moderate,1237,1326,92.0,84.1,62.6,False,Maharashtra
590,30,30,7,2,yes,TRUE,59.9,32.2,High,1094,1206,89.5,62.0,59.2,No,Jammu and Kashmir
591,1,32,9,2,YES,YES,70.5,54.8,Low,4421,4434,100.0,59.6,81.2,NO,Puducherry
592,33,21,5,5,1,yes,50.1,25.7,High,4000,4681,80.9,86.8,71.3,YES,Rajasthan
593,36,22,11,2,Yes,False,51.0,78.6,Moderate,583,720,82.4,63.9,87.9,NO,Sikkim
594,26,21,4,6,TRUE,TRUE,67.5,47.6,Low,4534,4838,97.4,72.7,94.8,no,Rajasthan
595,8,19,10,6,Yes,YES,78.8,68.2,Low,4000,3004,62.7,70.3,23.7,NO,Odisha
596,9,16,5,4,True,1,31.2,89.4,Low,127,95,62.6,92.2,54.5,no,Meghalaya
597,3,16,12,6,Y,Yes,68.7,,Low,3387,2944,81.9,92.3,71.8,NO,Meghalaya
598,3,3,7,2,Y,yes,60.7,75.7,Low,1647,2281,73.9,70.6,67.0,no,Assam
599,24,18,8,2,Yes,0,52.9,50.8,Low,2609,3150,78.6,73.6,17.7,0,Nagaland
600,16,6,11,1,True,Y,92.3,22.8,Moderate,1576,1934,83.4,89.3,38.2,no,Goa
601,2,29,12,2,1,TRUE,88.6,81.4,High,1585,1704,90.1,100.0,93.4,YES, Delhi (NCT)  
602,2,24,7,6,yes,YES,62.9,57.3,Low,5156,3742,57.2,69.5,63.1,FALSE,Telangana
603,1,17,6,3,1,yes,79.1,,Moderate,5883,4608,67.7,77.4,54.6,No,Mizoram
604,9,27,4,4,Y,N,94.2,24.8,Low,2035,2276,85.6,94.7,78.5,False,Uttarakhand
605,35,20,4,4,True,YES,38.2,21.1,Low,2711,2655,100.0,74.0,83.0,0,Punjab
606,4,17,11,5,YES,FALSE,31.7,9.5,Low,3046,2928,100.0,53.8,80.6,FALSE,Mizoram
607,16,26,10,2,Y,1,69.6,32.4,Moderate,4663,4359,94.7,66.7,54.5,No,Uttar Pradesh
608,12,12,3,3,TRUE,Yes,71.7,73.5,Low,3487,3707,89.6,47.5,67.3,N,Kerala
609,7,30,10,4,Yes,TRUE,,24.3,Moderate,4068,3278,77.7,81.8,46.1,No,Jammu and Kashmir
610,22,7,3,2,yes,yes,48.4,43.5,Low,2302,2416,100.0,86.5,66.5,0,gujarat
611,3,30,7,4,YES,TRUE,93.0,27.8,High,3915,4844,78.8,73.3,87.9,No,Jammu and Kashmir
612,36,13,11,2,1,TRUE,62.6,88.7,Moderate,2942,3080,99.9,61.4,84.9,FALSE,Madhya Pradesh
613,5,11,10,5,YES,No,54.4,74.3,Moderate,124,95,72.2,62.5,89.2,No,Karnataka
614,22,15,1,4,Yes,True,57.9,37.9,Low,2801,2057,67.3,55.7,57.8,No,Manipur
615,36,9,3,4,TRUE,yes,74.9,81.0,Moderate,876,1196,76.1,85.9,96.7,NO,Himachal Pradesh
616,30,4,6,4,TRUE,1,100.0,85.7, Moderate ,4600,4356,98.2,80.3,85.0,0,Bihar
617,29,11,9,2,YES,NO,80.2,80.3,Low,2811,3941,69.9,65.9,65.0,FALSE,Karnataka
618,34,2,2,5,1,No,80.6,23.4,Low,1352,1682,78.4,51.8,50.5,no,Arunachal Pradesh
619,17,27,12,3,YES,TRUE,55.1,51.8,Moderate,398,559,,80.5,95.5,no,Uttarakhand
620,32,27,1,6,True,No,63.6,91.7,Low,3675,3562,92.4,73.9,69.7,FALSE,Uttarakhand
621,28,17,8,3,YES,yes,34.5,34.1,Moderate,3266,3157,95.6,48.5,58.4,N,Mizoram
622,14,29,9,4,1,1,15.2,42.9,Low,1004,872,83.4,92.6,72.1,no,Delhi (NCT)
623,1,29,1,3,Y,no,83.0,15.9,Moderate,3406,3627,,64.2,77.4,N,Delhi (NCT)
624,30,30,1,5,1,0,73.5,11.4,Low,1430,1313,93.5,,74.5,0,Jammu and Kashmir
625,30,10,9,1,True,1,,71.1,Low,2431,1954,76.3,68.0,63.0,NO,Jharkhand
626,33,10,7,6,True,Y,45.5,18.9,Low,167,228,73.5,57.2,84.1,no,Jharkhand
627,8,29,1,4,Yes,TRUE,52.0,17.0,Low,1071,776,60.7,70.6,49.7,0,Delhi (NCT)
628,28,3,6,5,1,Yes,39.5,60.1,Moderate,1933,1966,95.3,64.3,63.5,False,Assam
629,13,5,12,4,yes,N,70.3,42.3,Moderate,3624,4146,85.8,73.4,64.4,False,Chhattisgarh
630,24,5,3,1,YES,True,53.3,70.4,Moderate,1857,1378,63.9,86.5,100.0,False,Chhattisgarh
631,17,9,9,3,TRUE,TRUE,52.1,62.2,Low,274,264,95.2,42.3,64.1,no,Himachal Pradesh
632,6,26,1,5,1,TRUE,79.1,35.6,Moderate,3478,3332,94.1,83.0,68.2,no,Uttar Pradesh
633,36,2,9,1,TRUE,1,96.7,,High,3397,2918,80.8,53.8,76.9,True,Arunachal Pradesh
634,26,32,2,4,TRUE,Yes,29.5,8.7,Low,826,990,86.8,68.1,73.9,FALSE,Puducherry
635,4,31,5,4,1,1,96.0,62.4,Low,1241,1694,76.2,75.8,75.6,no,ladakh
636,29,25,8,3,Y,Yes,51.3,7.4,Moderate,1676,2381,75.0,53.7,68.5,FALSE,Tripura
637,4,21,2,1,Yes,TRUE,32.0,32.4,High,2037,2036,,76.7,56.0,Y,Rajasthan
638,4,7,8,6,YES,Yes,60.7,38.8,Low,824,906,90.1,78.4,76.5,no,Gujarat
639,4,10,6,2,TRUE,True,,,Moderate,1367,1496,87.0,74.2,69.7,FALSE,Jharkhand
640,15,12,1,4,yes,1,73.9,37.5,High,4551,3916,83.0,85.0,66.0,True,Kerala
641,31,18,11,6,True,yes,66.2,22.4,Moderate,2085,2100,100.0,83.3,85.4,FALSE,Nagaland
642,15,28,6,4,TRUE,yes,70.2,76.7,Moderate,3967,3693,95.4,58.7,58.0,no,West Bengal
643,11,23,3,5,True,TRUE,34.9,61.0,Moderate,1360,976,58.8,76.1,95.6,no,Tamil Nadu
644,11,4,5,3,True,TRUE,86.6,9.1,Low,2963,2560,87.9,73.9,95.4,NO,Bihar
645,29,19,1,3,Yes,NO,71.6,33.4,Moderate,4609,4483,96.7,71.6,88.6,NO,Odisha
646,30,15,8,4,TRUE,0,93.4,18.7,Moderate,604,476,76.9,97.3,46.0,False,Manipur
647,29,25,9,4,True,Yes,70.4,80.8,Moderate,1414,1218,86.9,61.8,73.5,False,Tripura
648,34,21,6,4,yes,1,66.8,52.1,Low,1527,1600,93.7,48.9,65.3,FALSE, Rajasthan  
649,3,24,9,5,1,Yes,72.0,79.4,Moderate,3151,3798,79.7,73.2,52.3,no,Telangana
650,18,3,9,5,Y,YES,,40.6,high,3642,3103,78.4,86.4,82.8,no,Assam
651,3,23,8,5,1,1,33.3,95.3,Low,443,374,82.0,58.9,23.6,0,Tamil Nadu
652,28,14,3,3,YES,Y,80.8,93.2,Moderate,631,888,72.6,59.4,99.1,FALSE,Maharashtra
653,7,7,2,5,yes,True,47.6,44.1,High,1760,2200,,72.1,53.4,FALSE,Gujarat
654,5,17,7,6,TRUE,yes,63.9,68.2,High,4330,3538,81.0,87.2,51.5,0,Mizoram
655,15,11,2,4,Yes,1,64.0,46.4,Moderate,213,157,67.7,89.2,100.0,FALSE,Karnataka
656,14,4,11,6,yes,TRUE,79.2,60.1,Moderate,1675,2389,66.7,80.0,60.3,False,Bihar
657,35,1,1,4,yes,NO,96.6,56.8,Low,3038,2466,77.2,75.8,99.5,no,Andhra Pradesh
658,32,9,1,5,True,YES,60.4,58.4,Low,3392,3867,84.5,100.0,82.9,False,Himachal Pradesh
659,34,31,9,2,Yes,False,84.8,68.7,Moderate,3635,2974,76.2,46.2,100.0,False,Ladakh
660,19,31,11,3,Y,yes,69.7,50.9,Moderate,1507,1451,92.2,64.8,55.2,N,Ladakh
661,1,19,3,4,TRUE,1,55.2,33.7,High,3508,2815,79.6,65.8,81.3,no,Odisha
662,31,12,2,2,Y,yes,99.2,,Low,5988,4463,66.1,55.6,50.0,0,Kerala
663,4,18,6,2,Y,N,47.7,62.3,Moderate,4148,4895,88.9,57.9,83.2,False,Nagaland
664,28,30,10,4,yes,no,21.4,17.6,Moderate,3763,3541,91.7,69.8,62.8,no,Jammu and Kashmir
665,22,17,8,1,Yes,0,62.8,47.5,High,5142,4416,79.3,88.0,72.6,YES,Mizoram
666,14,27,1,6,Y,yes,30.8,5.0,High,5348,4703,89.5,64.4,88.9,TRUE,UTTARAKHAND
667,5,14,5,5,Yes,Yes,57.0,72.6,Low,2565,2717,89.4,81.6,79.7,NO,Maharashtra
668,18,19,5,6,True,TRUE,64.5,32.1,Low,836,1042,81.7,91.1,84.3,no,Odisha
669,27,8,2,4,YES,FALSE,83.6,2.5,Low,2088,1732,84.0,85.0,49.5,NO,Haryana
670,16,4,8,5,yes,1,85.0,67.5, Low ,2360,2125,86.8,77.7,51.1,No,Bihar
671,21,15,2,2,Y,TRUE,92.4,17.4,Low,2199,2612,83.2,71.5,84.3,no,Manipur
672,16,16,1,6,YES,True,49.9,56.2,Low,95,86,90.3,68.2,75.8,FALSE,Meghalaya
673,32,5,9,3,yes,Y,70.8,55.6,Moderate,1833,1401,71.9,,66.1,False,Chhattisgarh
674,23,27,4,1,YES,FALSE,52.8,32.4,Moderate,3593,3556,,59.1,58.6,No,Uttarakhand
675,14,1,8,4,1,True,68.2,35.1,Low,1931,1539,76.3,46.7,67.2,False,Andhra Pradesh
676,4,26,7,3,yes,1,100.0,44.5,Moderate,1716,2039,83.3,60.3,92.5,False,Uttar Pradesh
677,33,22,9,4,yes,TRUE,87.9,50.1,Low,4691,4027,84.8,73.3,54.0,False,Sikkim
678,19,6,9,5,TRUE,0,38.3,58.8,Low,4491,3524,76.2,64.3,85.0,NO,Goa
679,22,9,2,5,Y,N,94.2,30.9,High,5235,4308,78.3,81.1,76.6,1,Himachal Pradesh
680,3,21,10,6,1,1,41.3,82.8,Moderate,3774,4248,91.9,85.5,40.7,False,Rajasthan
681,20,12,9,6,True,1,61.8,83.9,Low,4755,4301,87.9,82.0,59.5,no,Kerala
682,29,3,6,6,YES,True,55.8,80.8,Low,1366,1053,67.5,78.1,62.0,FALSE,Assam
683,11,30,2,2,YES,FALSE,30.4,83.5,Moderate,2701,2425,87.1,73.6,100.0,NO,Jammu and Kashmir
684,2,14,7,3,YES,False,46.6,67.5,Moderate,1550,1191,69.4,76.6,73.6,N,Maharashtra
685,31,25,3,6,True,yes,46.9,46.1,Moderate,5008,4632,87.8,66.8,55.5,NO,Tripura
686,31,10,9,1,TRUE,YES,92.1,28.0,Low,4794,4302,83.6,57.3,70.2,NO,Jharkhand
687,1,31,8,4,Yes,TRUE,68.7,44.0,Moderate,1299,1775,77.8,70.6,44.0,No,Ladakh
688,27,12,11,3,TRUE,TRUE,69.3,20.2,Moderate,1447,1283,89.9,65.8,63.0,no,Kerala
689,24,31,4,2,TRUE,YES,96.5,51.4,Low,1225,1223,100.0,63.3,85.9,False,Ladakh
690,29,32,11,3,yes,NO,72.5,25.3,Low,6257,4748,70.4,60.7,79.5,no,Puducherry
691,34,23,12,2,True,Y,89.3,63.6,Low,2303,3150,68.4,70.6,70.0,NO,Tamil Nadu
692,9,11,9,1,yes,TRUE,53.6,37.2,High,2574,2655,94.7,60.0,64.9,YES, Karnataka  
693,17,3,12,3,yes,N,64.6,6.1,Low,4632,4206,86.8,93.7,48.0,0,Assam
694,15,29,8,1,Y,Y,80.4,34.7,Low,4091,4176,95.7,93.1,66.2,0,Delhi (NCT)
695,35,5,6,3,Y,False,,68.4,Low,5723,4776,80.5,71.8,83.2,FALSE,Chhattisgarh
696,30,15,9,3,Y,1,48.6,13.4,Moderate,2578,2838,89.8,70.1,65.5,No,Manipur
697,20,18,9,4,Y,TRUE,44.7,16.8,High,1248,1482,87.5,57.6,100.0,NO,Nagaland
698,14,12,12,6,YES,yes,56.1,72.2,Moderate,914,1286,67.5,68.2,80.2,0,Kerala
699,22,23,9,1,Yes,TRUE,88.2,83.6,Moderate,2033,1602,70.7,82.3,76.5,False,Tamil Nadu
700,28,11,4,3,1,True,58.0,32.3,Low,2511,2712,88.3,76.2,60.6,0,Karnataka
701,18,11,7,1,TRUE,1,88.8,87.0,Low,5403,3902,57.9,82.6,99.8,0,Karnataka
702,21,14,1,2,1,1,92.4,,High,3215,2465,69.9,91.2,74.9,Yes,Maharashtra
703,8,16,12,4,YES,0,63.8,49.1,LOW,3656,3131,84.9,74.6,45.5,NO,Meghalaya
704,16,23,7,5,True,Yes,65.0,47.1,Low,3980,4144,95.4,82.9,53.7,No,Tamil Nadu
705,35,2,2,4,yes,True,91.0,50.8,LOW,1822,1572,82.7,37.0,97.3,False,Arunachal Pradesh
706,13,21,7,6,Y,Y,63.9,24.3,Low,3673,4360,80.0,64.4,82.4,NO,Rajasthan
707,33,30,2,4,TRUE,0,49.4,20.5,High,525,622,87.4,59.4,88.0,yes,Jammu and Kashmir
708,30,19,6,3,1,0,63.2,78.6,Low,4148,4900,83.0,56.7,76.4,no,Odisha
709,24,2,6,6,TRUE,Y,69.9,80.5,Moderate,1852,2207,82.0,77.1,77.3,NO,Arunachal Pradesh
710,6,29,2,3,Yes,1,27.6,67.7,Low,2536,2693,,88.0,23.2,NO,Delhi (NCT)
711,23,11,12,6,yes,YES,66.1,39.6,Moderate,6431,4682,67.2,74.9,62.2,False,Karnataka
712,4,30,11,5,YES,False,60.8,,Moderate,266,228,85.9,77.5,65.0,False,Jammu and Kashmir
713,5,26,11,6,YES,Yes,47.7,95.5,High,6488,4881,70.6,76.7,82.1,no,Uttar Pradesh
714,24,32,5,1,True,NO,86.9,88.7,Low,169,216,77.4,75.8,98.6,No,Puducherry
715,9,31,11,3,Y,YES,50.1,,Moderate,1295,1630,82.2,58.0,69.7,No,Ladakh
716,33,10,5,6,yes,FALSE,65.2,21.7,low,1132,1193,95.2,76.2,67.7,False,Jharkhand
717,16,12,12,6,yes,no,68.3,79.4,Moderate,1737,2096,,63.7,53.3,No,Kerala
718,12,13,7,1,1,yes,51.3,72.1,Moderate,4062,3094,69.5,62.8,52.2,No,Madhya Pradesh
719,12,6,9,6,YES,no,82.0,56.3,Low,2457,1990,74.4,66.1,82.1,N,Goa
720,21,4,12,3,Yes,YES,60.7,29.8,High,3419,3337,100.0,35.0,99.5,True,Bihar
721,16,10,6,5,1,Yes,94.5,92.4,Low,456,627,76.1,54.4,70.5,False,Jharkhand
722,8,14,5,2,yes,False,72.1,45.8,Moderate,2326,2559,90.9,82.4,12.5,0,Maharashtra
723,24,31,2,6,1,Y,58.2,10.6,Moderate,872,859,100.0,65.1,47.3,FALSE,Ladakh
724,12,30,7,4,YES,yes,55.5,14.1,Low,1543,1457,92.7,58.1,55.2,False,Jammu and Kashmir
725,9,8,2,5,Yes,TRUE,,,Moderate,3644,2801,66.9,62.7,67.6,FALSE,Haryana
726,14,6,4,3,1,Yes,78.5,24.7,Low,603,840,74.6,73.2,69.9,NO,Goa
727,34,4,9,1,1,Y,84.3,25.8,Moderate,3262,3215,99.0,77.7,52.1,FALSE,Bihar
728,27,20,6,5,Yes,TRUE,80.1,13.0,Low,3279,4678,65.1,72.1,53.5,0,Punjab
729,3,10,2,4,1,TRUE,96.7,36.9,Low,599,658,95.7,82.1,67.5,False,Jharkhand
730,14,7,8,4,True,FALSE,39.6,14.4,Low,668,649,98.4,98.1,77.5,N,Gujarat
731,32,4,5,6,Yes,N,50.7,80.8,Moderate,5737,4281,67.7,62.6,72.5,No,Bihar
732,1,14,12,5,Yes,1,53.3,27.7,Moderate,1618,1375,83.8,61.5,54.9,False,Maharashtra
733,31,19,1,6,YES,True,57.2,67.1,High,6020,4472,66.7,76.9,87.0,YES,Odisha
734,2,16,5,3,Y,No,42.4,66.2,Low,1474,1906,76.5,67.5,44.4,N,Meghalaya
735,5,17,9,1,True,TRUE,81.9,77.5,Low,3240,2885,92.6,85.8,75.1,N,Mizoram
736,30,23,12,6,Y,YES,49.0,37.8,Moderate,3720,2736,64.9,74.9,70.5,NO,Tamil Nadu
737,5,25,12,2,TRUE,Y,87.4,92.4,Low,3636,2863,72.4,63.9,72.0,FALSE,Tripura
738,33,5,2,1,yes,True,90.2,44.8,High,253,258,99.7,80.2,100.0,FALSE,Chhattisgarh
739,29,2,4,4,True,False,78.1,72.0,Moderate,2066,2225,96.7,67.2,52.1,NO,Arunachal Pradesh
740,4,28,7,3,1,0,68.3,49.8, Low ,3969,4794,,,78.4,no,WEST BENGAL
741,26,26,7,6,YES,True,93.9,85.0,Low,5621,4334,75.2,88.2,82.2,NO,Uttar Pradesh
742,14,30,1,6,yes,1,92.9,17.0,Low,4395,3773,87.1,71.2,93.7,False,Jammu and Kashmir
743,1,2,10,1,1,Y,82.2,69.2,High,1844,2634,71.2,73.2,45.3,YES,Arunachal Pradesh
744,16,12,4,4,yes,1,48.3,,Moderate,1251,1143,94.0,,86.7,False,Kerala
745,32,19,5,5,1,NO,46.5,69.9,Moderate,6125,4923,,97.1,81.9,0,Odisha
746,11,16,8,5,Y,YES,70.4,23.7,Moderate,5563,4709,77.0,56.1,87.2,NO,Meghalaya
747,34,21,9,3,1,no,77.3,82.7,Low,5303,4665,89.4,69.3,66.2,FALSE,Rajasthan
748,18,23,6,5,True,No,89.6,18.7,Low,4816,3721,72.1,73.8,64.8,0,Tamil Nadu
749,27,2,4,2,True,False,61.8,92.7,moderate,1753,1841,97.4,62.1,59.0,NO,Arunachal Pradesh
750,28,32,9,6,Y,YES,51.6,83.6,Low,3889,2891,67.3,74.3,25.7,N,puducherry
751,13,10,4,6,YES,Y,36.5,90.5,Low,4026,4087,100.0,53.9,50.4,no,Jharkhand
752,29,24,9,3,1,Y,100.0,69.5,Low,1851,1564,83.1,83.8,77.6,FALSE,Telangana
753,31,18,2,1,YES,Yes,46.8,,Low,1693,1486,81.3,78.7,37.1,N,Nagaland
754,15,7,8,4,Y,Yes,95.3,11.8,High,5523,4734,84.9,63.5,75.4,Yes,Gujarat
755,17,23,9,1,TRUE,True,55.9,65.1,Moderate,2577,2902,90.3,95.8,68.9,no,Tamil Nadu
756,17,6,6,6,yes,TRUE,73.4,21.0,Moderate,561,728,79.5,74.4,53.1,NO,Goa
757,25,5,2,1,yes,Y,68.5,77.8,Low,3633,3970,94.2,47.6,62.4,No,Chhattisgarh
758,13,25,2,4,TRUE,TRUE,87.7,44.4,Moderate,24,32,78.5,56.0,70.1,No,Tripura
759,22,22,6,3,yes,NO,68.0,38.4,Low,1268,962,63.7,70.7,68.6,FALSE,Sikkim
760,26,16,7,2,Y,Y,53.7,31.8,Low,5224,4205,73.4,73.6,94.6,No,Meghalaya
761,18,2,4,3,TRUE,TRUE,88.9,23.3,Moderate,1699,2205,75.7,57.4,79.6,no,Arunachal Pradesh
762,18,22,10,4,Yes,Yes,73.9,70.5,Low,2396,1799,69.9,69.4,65.1,NO,Sikkim
763,1,6,2,2,YES,Y,47.3,,Low,1806,1599,86.0,,53.2,False,Goa
764,10,15,9,3,TRUE,YES,65.3,56.2,Moderate,222,305,77.4,47.1,70.9,FALSE,Manipur
765,7,29,12,5,YES,0,54.2,95.1,Low,690,951,68.6,47.6,61.9,no,Delhi (NCT)
766,4,21,11,5,YES,yes,44.7,11.6,Low,195,233,84.0,80.4,65.1,No,Rajasthan
767,6,27,11,5,Yes,No,29.0,81.1,Low,2675,3039,85.1,82.1,73.2,NO,Uttarakhand
768,27,17,1,6,yes,1,85.8,66.7,Moderate,911,660,65.0,53.4,38.2,no,Mizoram
769,13,31,8,2,True,Y,70.9,11.1,Moderate,2623,2091,74.9,43.7,75.8,0,Ladakh
770,22,22,12,5,yes,yes,61.6,87.6,Moderate,2005,2679,75.2,88.9,85.4,no,Sikkim
771,25,28,10,1,TRUE,True,57.4,19.7, Low ,884,668,67.9,77.4,71.3,FALSE,West Bengal
772,31,23,7,5,Yes,Yes,43.2,28.6,Low,1745,1960,84.8,57.6,61.1,No,Tamil Nadu
773,27,5,11,3,Y,0,86.5,65.3,Low,1399,1351,94.0,88.0,66.5,FALSE,Chhattisgarh
774,19,21,10,1,True,Y,,4.8,Low,529,673,80.9,59.7,35.5,FALSE,Rajasthan
775,14,15,3,4,TRUE,Yes,89.3,53.5,High,4694,3677,74.9,38.8,73.2,TRUE,Manipur
776,3,4,2,1,YES,TRUE,40.5,95.3,Low,3838,4168,92.6,37.8,77.3,FALSE,Bihar
777,19,22,8,6,YES,Yes,63.2,15.5,Low,1673,2063,81.3,70.6,86.4,False,Sikkim
778,18,20,9,3,YES,TRUE,32.4,73.5,Moderate,2845,2631,94.3,72.5,84.2,FALSE,Punjab
779,16,21,12,5,YES,TRUE,68.7,73.0,low,2191,2089,94.1,89.5,21.4,NO,rajasthan
780,31,11,11,3,True,Y,52.6,89.3,Low,1136,827,64.8,71.6,86.2,FALSE,Karnataka
781,32,8,11,3,Y,yes,78.1,87.5,High,1227,1334,95.7,72.9,71.2,TRUE,Haryana
782,30,31,2,5,YES,FALSE,61.0,81.1,Low,3281,2359,60.7,54.5,73.9,FALSE,Ladakh
783,5,30,1,5,yes,Yes,38.9,59.2,Moderate,5518,4703,80.2,75.5,64.0,FALSE,Jammu and Kashmir
784,1,32,12,4,Yes,Yes,79.7,57.2,Low,3374,2858,81.2,58.3,75.1,no,Puducherry
785,26,17,5,1,1,True,100.0,31.9,Moderate,485,530,95.4,66.2,55.2,0,Mizoram
786,16,4,10,2,TRUE,True,55.9,54.5,Moderate,2939,2323,72.3,49.8,3.0,no,Bihar
787,32,14,12,5,True,FALSE,93.1,82.7,Moderate,765,932,82.5,70.5,54.5,False,Maharashtra
788,22,12,4,4,yes,1,75.7,12.4,Moderate,3085,3676,85.5,69.8,44.4,FALSE,Kerala
789,32,30,1,1,TRUE,YES,,10.5,Moderate,1644,1895,87.8,59.3,78.8,no,Jammu and Kashmir
790,16,12,6,6,TRUE,False,66.7,28.7,Low,439,382,80.6,66.3,69.6,0,Kerala
791,2,11,3,5,Yes,1,53.1,44.4,Moderate,370,459,83.0,64.2,38.8,N,Karnataka
792,26,27,12,3,TRUE,True,80.1,59.9,Moderate,2054,2389,88.4,100.0,69.7,NO,Uttarakhand
793,36,14,10,1,Y,yes,56.2,82.6,Low,4718,3386,61.6,62.1,79.6,N,Maharashtra
794,34,9,2,1,YES,FALSE,55.4,16.2,Low,5025,3724,62.3,74.6,68.0,FALSE,Himachal Pradesh
795,31,1,12,2,Y,1,44.3,54.5,High,1617,1403,83.2,33.5,68.4,True,Andhra Pradesh
796,4,27,12,5,YES,NO,58.1,95.0,Low,4702,4733,98.8,65.7,85.8,No,Uttarakhand
797,32,3,10,5,yes,0,98.5,86.5,High,108,80,66.7,65.9,71.0,YES,assam
798,28,32,12,4,TRUE,YES,61.7,90.4,Low,3967,4373,88.9,99.3,71.0,0,Puducherry
799,27,23,1,6,True,no,54.3,16.8,Moderate,2753,2759,98.8,50.2,61.5,False,Tamil Nadu
800,22,26,6,4,yes,TRUE,62.7,36.2,Low,2471,2991,86.0,84.0,55.1,no,Uttar Pradesh
801,6,11,9,4,1,yes,71.2,42.1,High,2666,3356,81.6,57.7,35.0,Yes,Karnataka
802,3,13,5,2,Yes,YES,71.7,90.7,Low,503,464,86.8,62.4,69.0,N,Madhya Pradesh
803,12,26,10,2,YES,False,49.6,96.0,Low,1229,899,65.1,84.4,59.3,FALSE,Uttar Pradesh
804,25,17,6,2,YES,Yes,57.9,26.5,High,2636,2486,97.5,70.6,69.4,0,Mizoram
805,3,30,5,4,YES,no,50.0,65.2,Low,1463,1820,81.4,72.6,88.5,No,Jammu and Kashmir
806,28,22,3,4,TRUE,Y,87.1,43.0,Low,155,112,63.4,65.2,66.7,no,Sikkim
807,8,9,6,6,1,0,48.5,31.7,Low,1820,1383,67.9,87.4,76.3,No,Himachal Pradesh
808,4,23,4,2,YES,YES,76.5,92.2,High,3787,4541,,87.3,80.0,Y,Tamil Nadu
809,28,15,4,5,yes,FALSE,20.7,45.9,Low,1317,1202,86.3,64.6,83.8,N,Manipur
810,11,15,8,2,Y,TRUE,71.1,48.4,Moderate,2879,3779,71.6,69.6,84.4,NO,MANIPUR
811,12,22,10,2,TRUE,Y,84.2,40.8,Low,421,555,74.0,53.3,61.9,False,Sikkim
812,4,1,9,6,YES,yes,68.9,49.1,Low,4326,3557,76.9,86.8,97.6,No,Andhra Pradesh
813,14,29,1,2,TRUE,Yes,92.9,41.5,Low,4185,3894,95.5,69.6,82.3,FALSE,Delhi (NCT)
814,35,14,9,1,YES,yes,66.3,65.0,Low,4440,3748,78.6,74.8,43.6,FALSE,Maharashtra
815,32,1,5,5,1,True,56.4,76.2,Low,4181,4021,97.0,55.7,96.3,FALSE,Andhra Pradesh
816,24,8,8,4,1,No,68.8,91.0,Moderate,2548,2115,78.5,71.5,92.3,FALSE,Haryana
817,25,19,6,3,TRUE,False,89.9,94.2,Low,540,518,97.1,66.4,46.0,FALSE,odisha
818,10,7,6,2,Y,1,73.4,,Moderate,4832,4406,90.8,66.7,60.5,FALSE,GUJARAT
819,11,28,5,2,TRUE,True,76.5,81.7,Low,494,620,78.2,78.3,82.1,N,West Bengal
820,13,28,9,3,TRUE,YES,77.2,,Moderate,1790,1570,86.4,62.3,74.0,0,West Bengal
821,36,14,11,5,Y,0,68.7,15.3,Low,235,238,100.0,72.9,53.1,0,Maharashtra
822,30,14,11,1,YES,YES,76.0,51.8,Moderate,5750,4305,68.0,77.9,95.5,No,Maharashtra
823,33,24,10,3,True,no,46.5,66.4,Low,812,1042,75.6,54.6,62.4,False,Telangana
824,6,2,3,4,TRUE,TRUE,96.1,,Low,4088,4021,100.0,84.5,70.2,0,Arunachal Pradesh
825,26,3,7,3,Y,Y,68.4,24.3,Low,3137,3538,88.3,53.0,71.0,N,Assam
826,6,20,10,2,YES,1,74.4,22.3,Moderate,5090,4743,91.2,53.9,45.7,0,Punjab
827,23,6,12,2,yes,YES,62.5,79.6,Moderate,3410,3994,86.1,90.9,58.9,False,Goa
828,31,25,3,5,True,Y,37.2,95.2,Low,3461,4208,80.0,54.0,47.7,NO,Tripura
829,29,19,4,5,yes,1,100.0,51.4,High,2852,2741,94.3,68.6,51.8,yes,Odisha
830,19,1,4,6,yes,Y,50.3,63.9,Low,4925,3668,68.0,71.4,22.0,no,Andhra Pradesh
831,28,24,4,4,YES,Yes,88.2,63.2,Low,3923,4372,88.6,72.8,86.4,No,Telangana
832,10,6,1,4,YES,Y,89.0,81.6,Moderate,796,976,82.2,70.3,88.3,FALSE,Goa
833,25,15,11,6,Y,FALSE,44.4,88.8,Low,2735,2125,75.9,60.4,64.0,False, Manipur  
834,30,14,12,6,YES,no,71.4,53.8,Low,4939,4492,87.8,73.2,92.3,0,Maharashtra
835,29,18,10,4,Yes,True,69.0,46.3,High,3257,3530,89.0,80.7,79.5,Yes,Nagaland
836,8,3,10,4,Y,TRUE,75.5,8.4,Moderate,3502,2538,62.1,87.6,66.6,FALSE,Assam
837,2,29,4,4,yes,no,50.1,32.4,Moderate,2802,2069,60.7,64.0,61.0,False,Delhi (NCT)
838,29,13,11,3,TRUE,yes,82.4,67.4,Low,1452,1061,62.5,74.0,66.9,No,Madhya Pradesh
839,31,28,1,1,1,NO,38.4,76.4,Moderate,4278,4560,93.5,83.2,48.7,N,West Bengal
840,7,27,5,6,TRUE,no,77.0,70.9,Moderate,1343,1114,77.9,57.1,78.9,FALSE,Uttarakhand
841,36,7,1,2,TRUE,yes,96.8,51.9,Moderate,1230,1175,90.5,91.4,63.2,N,Gujarat
842,28,20,5,6,YES,0,30.7,42.3,Moderate,3423,3114,89.1,49.4,100.0,N,Punjab
843,36,4,12,2,1,0,,15.4,High,3452,2721,69.6,77.3,85.1,No,Bihar
844,22,25,7,4,1,True,,2.2,High,715,696,94.4,61.0,55.1,yes,Tripura
845,29,29,2,2,Y,yes,,59.2,High,4084,3489,86.0,84.8,67.4,YES,Delhi (NCT)
846,17,23,1,3,1,YES,50.4,94.4,Low,1827,1516,84.0,93.7,68.9,0,Tamil Nadu
847,3,26,3,2,Yes,0,18.7,28.1,Low,4494,4898,93.8,42.0,52.7,False,Uttar Pradesh
848,25,18,7,2,yes,False,74.9,3.9,High,3434,4798,74.1,64.1,49.5,True,Nagaland
849,15,23,5,2,Yes,YES,80.4,46.2,Moderate,631,674,97.4,65.9,61.5,False,Tamil Nadu
850,7,23,7,4,Yes,Yes,84.4,91.2,Low,3259,3320,94.9,74.8,95.1,0,Tamil Nadu
851,35,3,4,5,yes,Y,63.9,82.8,Low,2389,1900,69.7,73.8,83.1,N,Assam
852,1,20,10,4,yes,N,81.9,92.2,Low,1808,1584,86.7,,55.6,no,Punjab
853,30,28,12,6,Yes,N,,95.3,Low,3203,2424,70.0,99.9,72.3,No,West Bengal
854,12,12,2,2,TRUE,0,45.7,,Low,5436,4629,80.7,73.8,45.6,False,Kerala
855,26,21,6,5,TRUE,TRUE,58.4,62.9,Low,2117,1533,64.4,81.9,76.8,No,Rajasthan
856,3,3,5,2,YES,YES,14.6,6.1,Moderate,2512,2424,93.3,57.9,49.2,no,Assam
857,9,27,12,1,True,NO,33.7,64.2,Low,5607,4051,57.8,55.8,57.4,0,Uttarakhand
858,21,21,12,3,True,True,56.4,22.7,High,1000,960,95.9,71.5,75.5,Y,Rajasthan
859,13,1,2,3,True,no,77.7,6.4,High,2098,2625,77.0,100.0,25.4,True,Andhra Pradesh
860,30,7,9,1,Y,TRUE,55.7,79.9,Low,4342,3303,69.1,67.9,55.0,FALSE,Gujarat
861,6,19,10,2,Y,TRUE,57.9,16.5,Moderate,5910,4321,59.2,82.4,63.7,False,Odisha
862,24,3,6,6,True,TRUE,53.4,60.1,Moderate,692,941,70.5,82.0,56.6,False,Assam
863,15,27,9,6,Y,Yes,62.5,39.8,Moderate,5526,4935,89.0,77.0,92.0,N,Uttarakhand
864,1,1,11,2,TRUE,YES,17.2,23.4,High,1483,1998,,80.6,28.8,True,Andhra Pradesh
865,36,24,1,4,Yes,YES,94.8,83.4,High,320,306,91.1,65.4,64.4,1,Telangana
866,15,14,3,5,yes,YES,69.0,13.9,Low,3657,2787,72.8,97.9,57.3,NO,Maharashtra
867,3,17,1,4,True,TRUE,69.2,84.3,High,367,457,83.2,77.3,64.4,No,Mizoram
868,31,32,6,2,TRUE,Y,33.0,33.0,Low,375,446,83.1,83.7,100.0,no,Puducherry
869,35,1,7,2,Y,True,56.8,4.3,Low,1714,1454,80.0,81.2,61.2,FALSE,Andhra Pradesh
870,9,3,11,4,1,True,29.0,49.7,Low,276,246,85.1,77.5,85.8,no,Assam
871,5,28,6,1,Yes,1,71.5,63.8,Low,4043,3596,91.5,52.4,63.2,N,West Bengal
872,4,5,9,6,YES,True,40.5,85.2,Low,3188,2329,66.8,50.3,100.0,FALSE,Chhattisgarh
873,15,15,4,5,True,TRUE,25.4,53.7,Low,3835,2792,57.9,73.0,45.8,0,Manipur
874,32,9,1,1,True,yes,56.9,95.3,Low,604,839,67.1,78.8,36.4,False,Himachal Pradesh
875,22,28,9,5,True,True,92.1,66.3,MODERATE,4570,4704,94.0,65.3,67.9,No,West Bengal
876,2,25,11,5,Yes,yes,95.4,58.1,Moderate,2850,2071,63.7,45.4,59.9,no,Tripura
877,2,23,3,1,True,YES,80.3,19.3,Low,3381,4408,77.6,,61.3,False,Tamil Nadu
878,28,1,9,1,TRUE,1,71.1,40.7,Moderate,995,1352,69.8,79.2,57.1,False,Andhra Pradesh
879,1,17,5,1,1,FALSE,60.7,65.4,Moderate,2040,1579,67.5,72.9,77.1,No,Mizoram
880,32,7,5,2,yes,Y,73.0,50.7,Moderate,1770,1581,83.7,79.3,91.8,0,Gujarat
881,21,17,5,4,Yes,1,98.5,49.1,Low,84,93,90.6,68.1,100.0,FALSE,Mizoram
882,22,3,7,4,yes,no,61.8,74.6,Moderate,1084,1086,100.0,49.0,41.2,N,Assam
883,28,15,11,3,1,TRUE,71.6,69.5,Moderate,4580,4468,98.8,73.5,67.4,No,Manipur
884,32,17,3,3,YES,TRUE,82.3,,Low,2916,2220,66.0,86.5,40.7,0,Mizoram
885,2,19,10,4,Y,YES,49.3,77.4,High,2020,2242,88.2,84.9,73.3,no,Odisha
886,13,19,8,1,1,True,60.7,91.4,Low,1707,2354,70.8,76.4,63.8,no,Odisha
887,13,3,2,2,1,TRUE,46.2,80.3,High,3501,2676,73.6,53.4,43.5,Y,Assam
888,8,31,5,5,yes,1,67.3,71.4,Low,4551,4708,97.3,74.9,66.7,No,Ladakh
889,9,25,3,4,Yes,Yes,54.6,40.4,Low,1442,1080,67.8,91.0,84.9,False,Tripura
890,25,25,3,4,Yes,False,39.5,41.7,Moderate,3694,3618,94.4,56.1,86.8,NO,Tripura
891,20,9,5,5,1,FALSE,,55.5,Low,1100,1008,86.0,,55.7,False,Himachal Pradesh
892,27,31,11,4,YES,True,54.3,81.2,Low,3756,4745,76.9,89.3,52.7,N,Ladakh
893,32,19,1,4,YES,YES,49.2,64.1,High,3351,3447,93.2,100.0,83.7,No,Odisha
894,10,21,3,3,True,TRUE,24.1,19.9,High,3327,4454,77.6,78.1,79.3,Y,Rajasthan
895,3,1,9,5,yes,1,40.0,55.8,Moderate,273,373,69.8,69.8,79.1,N,Andhra Pradesh
896,5,29,3,2,Yes,TRUE,38.8,20.0,High,5711,4915,87.3,78.6,73.1,yes,Delhi (NCT)
897,15,22,4,1,1,no,78.1,58.1,Low,5703,4122,57.3,66.2,37.5,no,Sikkim
898,27,2,6,2,yes,TRUE,66.7,24.2,Moderate,5843,4190,57.0,74.8,87.2,NO,Arunachal Pradesh
899,16,10,3,1,1,No,77.1,21.2,Moderate,4784,3459,57.8,88.8,53.7,NO,Jharkhand
900,18,17,12,3,TRUE,TRUE,100.0,56.9,Low,1371,1560,85.9,77.5,79.8,False,Mizoram
901,5,18,1,4,1,NO,50.0,40.5,Moderate,148,131,86.2,65.4,61.7,no,Nagaland
902,13,30,8,6,True,yes,44.1,60.8,moderate,6359,4993,76.9,100.0,55.8,No,Jammu and Kashmir
903,10,7,2,2,Yes,YES,,5.5,Moderate,1666,2225,75.8,75.4,45.9,N,Gujarat
904,34,6,9,1,True,TRUE,89.2,29.4,Low,3233,2848,88.0,92.8,27.9,0,Goa
905,25,10,5,4,1,True,73.6,49.2,Low,2708,3149,81.4,58.5,100.0,0,Jharkhand
906,28,14,11,4,yes,True,76.0,92.3,Moderate,3936,4752,85.8,60.9,91.0,False,Maharashtra
907,23,9,7,5,1,1,31.7,70.6,Moderate,4614,4692,97.7,40.5,61.6,NO,Himachal Pradesh
908,13,32,11,6,YES,YES,25.2,68.3,Low,2465,3120,76.5,62.6,52.5,FALSE,Puducherry
909,21,13,6,6,1,True,76.0,80.3,High,2924,2422,77.5,59.2,55.3,NO,madhya pradesh
910,36,2,6,3,yes,YES,74.2,19.2,Low,801,1116,74.7,74.2,53.0,0,Arunachal Pradesh
911,34,12,9,3,Y,N,78.0,65.6,Low,4105,4415,97.5,100.0,71.1,N,Kerala
912,28,25,7,5,1,N,35.9,4.1,Moderate,3695,2788,67.5,46.9,50.3,no,Tripura
913,21,29,2,6,Y,no,36.2,75.4,Low,1311,1427,89.7,68.2,95.6,NO,Delhi (NCT)
914,5,14,12,5,YES,No,61.7,83.0,Moderate,2881,2527,88.9,44.9,61.3,no,Maharashtra
915,9,26,3,4,True,yes,66.4,44.7,Moderate,4691,4882,91.4,100.0,81.4,FALSE,Uttar Pradesh
916,6,17,5,1,Yes,True,58.4,79.0,Moderate,1832,2346,75.7,68.5,79.2,N,Mizoram
917,6,18,5,5,Y,yes,68.8,17.6,Moderate,1759,2267,79.6,83.9,76.8,no,NAGALAND
918,30,20,5,5,True,0,74.8,78.0,Low,3540,2884,79.0,93.0,84.6,False,Punjab
919,31,7,2,2,True,YES,66.3,19.7,low,2801,2584,86.7,73.4,74.4,no,Gujarat
920,29,11,10,1,Yes,Yes,98.7,21.3,Moderate,4892,3855,72.2,54.9,56.0,False,Karnataka
921,3,14,11,5,1,Y,87.3,78.0,LOW,5216,3984,67.8,76.8,47.9,no,Maharashtra
922,35,23,9,6,1,0,40.1,73.3,Moderate,887,668,66.2,63.4,41.7,0,Tamil Nadu
923,6,31,9,2,Yes,yes,60.3,91.9,High,2157,3060,74.2,65.4,66.9,0,ladakh
924,10,32,10,2,1,YES,65.8,66.2,Low,2462,2607,90.9,81.1,98.8,N,Puducherry
925,19,3,4,2,YES,True,58.9,60.9,Low,999,1098,95.7,66.6,26.6,0,Assam
926,21,17,9,4,YES,TRUE,63.5,18.4,High,654,681,92.8,57.7,66.0,Yes,Mizoram
927,20,14,7,4,TRUE,True,74.9,32.1,Low,5861,4437,68.6,44.0,69.7,N,Maharashtra
928,17,1,8,4,True,True,91.0,79.3,Low,1059,1306,83.5,67.0,58.7,no,Andhra Pradesh
929,26,1,1,6,YES,YES,63.4,60.8,Low,6058,4737,73.5,46.2,60.7,False,Andhra Pradesh
930,36,10,2,6,TRUE,0,64.4,86.4,Low,2766,2063,63.6,72.8,65.9,NO,Jharkhand
931,8,14,9,5,True,yes,65.8,44.3,High,382,431,87.5,61.6,60.7,True,Maharashtra
932,29,9,7,5,YES,YES,62.2,57.2,Moderate,3772,3285,80.8,70.7,52.5,False,Himachal Pradesh
933,1,20,12,4,1,NO,47.6,84.8,Moderate,2907,2347,,83.1,47.8,FALSE,Punjab
934,3,26,7,3,1,yes,87.4,37.6,Low,5550,4524,,53.4,64.5,NO,Uttar Pradesh
935,7,12,4,3,1,True,92.6,44.4,High,232,250,91.3,78.7,25.8,TRUE,Kerala
936,18,6,2,4,yes,No,42.6,59.3,Moderate,1523,1233,75.9,54.7,65.8,NO,Goa
937,17,12,2,2,Y,1,39.2,58.4,Low,162,207,79.1,86.4,86.9,FALSE,Kerala
938,6,31,12,6,YES,True,65.1,71.1,Moderate,1229,1034,80.7,,54.6,N,Ladakh
939,17,7,2,5,yes,yes,73.7,39.2,Moderate,617,864,72.6,65.1,68.5,FALSE,Gujarat
940,36,24,10,5,YES,N,56.7,25.1,Low,3440,4804,73.3,41.1,57.2,0,Telangana
941,13,7,4,6,Y,no,71.5,64.2,Low,3344,3470,97.4,76.6,84.4,0,Gujarat
942,32,12,8,4,Y,Y,100.0,92.6,Low,782,623,76.5,54.3,92.8,no,Kerala
943,14,24,9,3,Yes,Y,68.7,37.9,Low,205,161,76.9,72.8,28.4,no,Telangana
944,5,23,4,5,TRUE,0,14.9,78.7,High,3404,2883,78.6,69.7,62.9,True,Tamil Nadu
945,20,12,7,5,1,No,66.4,47.8,High,3084,2702,85.9,75.2,51.8,TRUE,Kerala
946,32,26,2,1,Yes,Yes,,34.2,Low,1892,2304,85.1,84.4,15.4,NO,Uttar Pradesh
947,7,22,5,3,YES,TRUE,54.5,13.5, Low ,5422,4005,63.4,65.0,61.9,NO,Sikkim
948,27,17,8,3,1,1,82.6,85.2,Moderate,420,383,86.2,56.6,68.4,No,Mizoram
949,6,1,12,4,True,True,77.9,26.0,Low,1126,1147,95.7,84.5,58.5,False, Andhra Pradesh  
950,17,30,12,6,True,TRUE,42.4,40.9,Low,1962,1577,79.9,76.0,26.9,0,Jammu and Kashmir
951,6,22,8,1,Y,Y,64.4,87.0,Moderate,2119,2756,77.2,62.9,55.8,0,Sikkim
952,25,30,11,1,1,TRUE,64.3,84.5,Low,131,119,94.4,66.9,99.1,N,JAMMU AND KASHMIR
953,8,3,3,4,yes,NO,52.1,78.4,Low,3420,3189,88.2,77.7,71.7,FALSE,Assam
954,12,4,6,5,Y,YES,90.3,95.5,Low,4841,3844,69.4,91.2,81.8,no,Bihar
955,24,31,2,3,yes,TRUE,70.4,86.0,Moderate,5265,3801,59.6,46.9,100.0,N,Ladakh
956,13,11,8,6,yes,yes,,42.2,Low,541,411,66.5,61.6,76.3,FALSE,Karnataka
957,7,30,11,2,TRUE,True,56.0,7.9,Moderate,4594,3521,71.4,55.7,96.4,False,Jammu and Kashmir
958,27,1,10,5,1,TRUE,61.9,24.0,LOW,314,324,100.0,88.9,43.2,0,ANDHRA PRADESH
959,36,27,2,3,TRUE,1,49.5,,Moderate,3062,2327,71.5,72.0,95.5,N,Uttarakhand
960,13,23,9,5,yes,True,97.4,70.2,High,2918,3435,88.5,,56.3,NO,Tamil Nadu
961,13,27,5,2,Y,YES,36.8,29.9,Low,1325,1101,79.8,53.2,81.7,NO,Uttarakhand
962,32,26,8,3,1,Y,66.7,73.4,High,1588,1437,92.5,67.8,21.8,False,Uttar Pradesh
963,17,22,9,4,1,yes,100.0,78.6,Moderate,2781,2378,83.6,78.4,77.1,False,Sikkim
964,17,29,12,6,True,TRUE,72.8,72.3,Low,2582,3515,77.7,81.6,65.3,NO,Delhi (NCT)
965,18,29,5,6,TRUE,NO,76.1,45.9,Moderate,1337,1236,89.1,81.2,95.7,no,Delhi (NCT)
966,2,24,4,6,Yes,1,28.0,75.0,Low,5014,4546,92.1,71.1,74.0,FALSE,Telangana
967,18,26,6,3,yes,No,75.9,79.3,Moderate,3283,3248,100.0,98.7,67.5,NO,Uttar Pradesh
968,29,23,5,4,1,Yes,36.9,81.1,High,217,182,79.9,60.9,59.5,no, Tamil Nadu  
969,15,14,4,4,1,NO,76.0,58.9,Low,2615,2295,89.4,78.0,52.6,NO,MAHARASHTRA
970,8,16,7,6,1,Yes,67.1,91.9,Low,3591,4810,77.0,54.6,59.9,FALSE,Meghalaya
971,18,2,8,3,Yes,yes,70.4,4.8,Low,3883,3095,73.8,55.2,51.9,No,Arunachal Pradesh
972,25,14,3,1,yes,No,70.9,95.9,Moderate,200,182,89.3,51.1,63.4,No,Maharashtra
973,10,27,6,5,Y,YES,58.8,55.2,High,5387,4544,78.2,65.5,67.4,YES,Uttarakhand
974,19,26,8,6,True,Y,,10.0,Low,2103,1546,64.3,77.0,99.6,False,Uttar Pradesh
975,28,3,4,4,YES,True,74.3,71.6,High,2172,2660,80.5,65.2,44.5,True,Assam
976,31,17,2,1,TRUE,True,93.2,25.1,Low,4787,3545,62.0,89.6,52.8,0,Mizoram
977,19,5,1,6,Y,N,67.5,56.0,Low,1841,2340,77.7,63.6,93.6,No,chhattisgarh
978,31,8,11,4,yes,0,67.3,51.8,Low,6027,4387,59.4,90.4,38.7,no,Haryana
979,30,31,10,2,YES,True,69.3,64.9,Low,1033,1123,95.5,79.0,81.2,False,Ladakh
980,2,28,2,3,Y,True,61.7,6.8,low,6210,4630,64.5,76.2,52.8,FALSE,West Bengal
981,24,18,12,2,True,no,68.8,58.2,Moderate,4784,4026,84.9,51.7,72.9,No,Nagaland
982,23,12,7,1,TRUE,Y,77.4,82.8,Moderate,472,478,96.7,82.8,84.3,False,Kerala
983,34,31,6,4,Yes,TRUE,100.0,39.3,LOW,1078,773,56.8,90.5,55.9,False,Ladakh
984,35,8,3,6,Y,Yes,42.9,33.2,Low,3223,2656,79.9,60.5,100.0,False,Haryana
985,14,8,3,3,1,TRUE,27.7,8.0,Low,2347,3350,68.4,,65.1,0,Haryana
986,34,20,11,2,YES,Y,37.6,4.2,Moderate,2774,2825,93.9,70.0,62.7,N,Punjab
987,33,29,1,1,Y,1,65.9,42.7,MODERATE,3806,3036,,92.2,88.3,No,Delhi (NCT)
988,3,26,11,3,Yes,Y,53.5,89.9,High,2852,2377,77.8,95.2,25.0,No,Uttar Pradesh
989,30,14,9,5,TRUE,yes,75.7,24.2,Low,1106,853,72.6,78.1,73.3,0,Maharashtra
990,13,1,4,3,Y,YES,73.9,89.0,Moderate,3999,3296,80.7,80.8,48.4,N,Andhra Pradesh
991,22,19,12,5,YES,Y,76.7,37.3,High,1159,1026,87.3,44.1,69.5,NO,Odisha
992,33,4,10,4,1,True,73.7,28.2,Low,3667,4198,86.0,,80.5,False,Bihar
993,33,16,11,3,YES,FALSE,73.6,24.7,Moderate,951,1342,68.1,68.2,81.4,No,Meghalaya
994,28,32,12,5,True,yes,77.6,13.0,Moderate,3274,2503,68.1,84.6,75.0,no,Puducherry
995,18,3,9,3,TRUE,1,25.1,43.8,Moderate,406,506,84.5,,57.1,NO,Assam
996,2,13,3,6,yes,N,76.7,,Low,3319,3221,99.6,,54.3,No,Madhya Pradesh
997,22,10,7,1,TRUE,yes,80.0,12.4,Moderate,4131,3589,81.4,67.1,62.8,NO,Jharkhand
998,14,3,3,5,Y,Y,84.5,10.0,Moderate,6079,4520,63.1,44.1,53.4,NO,Assam
999,15,2,10,2,yes,False,70.4,19.6,Low,4450,3813,84.5,83.6,100.0,N,Arunachal Pradesh
1000,23,17,1,5,TRUE,0,59.1,20.4,Low,2497,2335,95.6,79.1,92.4,No,Mizoram
1001,23,18,1,2,YES,No,25.1,,Moderate,1504,1870,82.1,91.8,46.2,No,Nagaland
1002,10,23,4,1,yes,YES,56.1,95.3,High,1392,1566,92.2,86.9,52.1,YES,Tamil Nadu
1003,6,9,12,5,YES,True,88.0,58.8,High,1584,1524,95.6,78.5,46.3,No,Himachal Pradesh
1004,20,8,12,1,yes,yes,46.6,23.3,Low,997,1108,90.8,82.9,80.1,0,Haryana
1005,19,29,4,4,1,N,80.6,14.2,Low,369,303,74.4,55.8,55.0,NO,Delhi (NCT)
1006,34,10,5,6,yes,NO,59.9,87.7,Low,872,962,92.3,86.2,58.7,0,Jharkhand
1007,7,24,2,6,YES,True,49.4,14.3,Low,838,1055,77.2,98.5,61.3,0,Telangana
1008,9,28,5,1,1,no,50.7,87.9,Moderate,1290,1761,73.8,84.6,63.1,NO,West Bengal
1009,24,24,11,5,True,1,,74.0,Low,488,442,92.8,51.6,30.2,FALSE,Telangana
1010,6,22,6,5,Yes,1,54.5,37.7,Low,2804,2245,75.0,90.3,82.0,N,Sikkim
1011,22,20,5,1,TRUE,False,45.0,33.7,Low,1480,1068,63.0,45.2,45.4,no,Punjab
1012,1,19,9,1,TRUE,True,23.3,89.9,Moderate,115,112,99.5,41.2,89.0,no,Odisha
1013,2,9,11,3,Yes,YES,44.6,69.1,Low,3271,3791,88.7,64.0,51.0,no,Himachal Pradesh
1014,2,29,7,3,1,TRUE,41.0,34.5, Low ,4350,4048,96.8,59.4,74.3,False,Delhi (NCT)
1015,14,24,6,1,1,True,36.9,49.0,Low,3730,4403,80.2,77.5,58.9,FALSE,Telangana
1016,9,10,8,4,True,True,50.7,65.1,Low,2900,4117,66.9,71.3,100.0,N,Jharkhand
1017,32,32,5,6,Yes,YES,66.8,77.8,High,148,175,85.6,90.7,67.8,YES,Puducherry
1018,33,29,3,2,Y,0,63.0,83.6,Moderate,398,377,98.5,64.7,72.4,N,Delhi (NCT)
1019,3,2,8,3,yes,1,84.2,,Low,1043,1486,73.4,63.8,56.4,no,Arunachal Pradesh
1020,36,20,10,3,TRUE,True,59.5,66.8,Low,1244,1753,71.6,70.5,62.6,No,Punjab
1021,28,28,3,4,TRUE,True,97.2,,Moderate,3133,2288,60.8,52.5,61.9,N,West Bengal
1022,8,10,6,1,YES,True,79.6,2.5,Low,2891,3556,81.6,61.5,61.1,N,Jharkhand
1023,28,29,5,4,yes,Yes,33.7,24.4,Moderate,4841,4723,,71.9,57.0,False,Delhi (NCT)
1024,10,10,8,3,YES,True,,,Low,903,824,95.1,95.6,62.9,No,Jharkhand
1025,19,24,2,1,Y,TRUE,54.3,5.4,Low,1467,1093,64.3,51.1,67.2,False,Telangana
1026,4,4,6,5,YES,True,61.0,47.3,Low,2042,1589,72.5,74.0,100.0,no,Bihar
1027,23,23,10,4,True,NO,,9.6,High,890,776,85.6,71.9,100.0,Yes,Tamil Nadu
1028,28,14,4,6,True,True,68.0,84.9,High,1406,1404,100.0,65.7,99.4,N,Maharashtra
1029,27,4,9,1,yes,False,45.9,2.6,Moderate,4704,4871,92.1,86.6,76.1,FALSE,Bihar
1030,6,2,9,3,YES,Yes,53.7,91.9,Moderate,2542,2538,98.7,57.8,39.4,N,Arunachal Pradesh
1031,6,24,6,2,Yes,TRUE,51.6,73.9,Moderate,2172,1637,70.1,73.1,67.9,FALSE,Telangana
1032,30,15,4,1,True,1,43.1,4.7,LOW,2714,2207,72.4,,46.1,FALSE,Manipur
1033,16,5,11,5,1,1,64.9,76.8,Low,5592,4948,89.4,54.7,79.2,0,Chhattisgarh
1034,23,2,2,5,YES,1,53.8,47.6,Low,3809,4210,90.8,50.5,60.3,No,Arunachal Pradesh
1035,6,7,6,2,Y,no,94.0,82.0,Low,1016,1077,98.9,80.7,70.6,No,Gujarat
1036,3,13,11,2,1,Y,53.1,89.8, Low ,2377,2063,80.3,68.6,84.4,NO,Madhya Pradesh
1037,32,3,3,2,1,0,51.1,29.0,Moderate,5882,4516,71.6,54.8,75.4,FALSE,Assam
1038,29,11,11,5,1,NO,53.4,90.9,Low,2076,2468,84.9,77.0,40.1,0,Karnataka
1039,20,19,8,4,True,Y,76.2,52.2,Moderate,2489,3390,75.2,56.5,84.8,N,Odisha
1040,26,16,12,6,Yes,0,67.9,82.1, High ,2468,2491,100.0,86.1,48.3,NO,Meghalaya
1041,20,6,3,4,Y,yes,,16.6,Moderate,867,907,91.7,57.7,81.2,N,Goa
1042,18,10,12,1,yes,N,80.7,51.7,Low,2622,2342,83.4,63.9,79.1,FALSE,Jharkhand
1043,36,13,11,5,True,N,66.3,43.6,Moderate,1911,1593,80.1,,47.2,N,Madhya Pradesh
1044,16,29,10,1,TRUE,FALSE,65.9,61.6,Low,2665,2144,74.9,64.6,54.2,0,Delhi (NCT)
1045,31,29,5,3,Y,1,82.6,80.5,Moderate,3851,2982,66.6,96.8,77.1,N,Delhi (NCT)
1046,6,20,5,5,1,TRUE,45.8,93.4,Moderate,347,467,74.9,72.9,47.6,no,Punjab
1047,16,6,6,3,TRUE,YES,54.0,4.7,Low,2093,1716,81.9,59.9,81.4,NO,Goa
1048,18,1,3,5,True,Yes,62.0,50.6,Moderate,4421,4216,,72.5,78.4,False,Andhra Pradesh
1049,36,25,5,4,Y,FALSE,63.0,4.8,Moderate,121,121,98.2,65.2,77.5,False,Tripura
1050,34,5,2,2,1,True,21.5,89.5,Moderate,1497,1735,83.0,67.6,72.5,False,Chhattisgarh
1051,10,16,11,6,YES,no,81.4,76.2,Moderate,2934,2163,64.8,76.6,82.4,N,Meghalaya
1052,36,32,3,4,YES,YES,67.6,63.7,Low,67,92,72.8,67.7,52.4,N,Puducherry
1053,36,18,1,1,YES,0,80.9,,Moderate,3155,2825,91.2,93.7,83.1,N,Nagaland
1054,32,20,12,3,Y,0,57.9,34.7,Moderate,971,1154,83.2,60.5,68.1,NO,Punjab
1055,4,17,6,3,TRUE,True,61.5,52.5,Low,365,263,65.4,69.0,81.7,N,Mizoram
1056,26,24,8,1,Yes,yes,46.2,24.0,Moderate,2428,3131,77.8,84.2,89.7,no,Telangana
1057,5,9,7,4,yes,TRUE,41.5,65.5,Low,1178,1429,80.1,81.0,44.4,no,Himachal Pradesh
1058,17,14,7,1,yes,N,52.9,59.8,Low,2511,3053,83.3,81.4,70.4,No,Maharashtra
1059,17,28,6,3,YES,Yes,44.8,93.9,LOW,148,120,79.7,67.1,85.4,No,West Bengal
1060,19,10,2,4,yes,N,93.9,2.6,Moderate,821,675,80.8,75.6,70.5,FALSE,Jharkhand
1061,7,24,3,6,1,Yes,87.1,80.2,Low,482,387,78.7,51.4,76.4,0,Telangana
1062,34,23,11,3,Y,no,43.5,25.8, Low ,4370,3502,74.2,74.5,80.8,FALSE,Tamil Nadu
1063,7,16,4,5,Yes,TRUE,57.8,70.3,High,917,695,70.3,86.1,52.3,yes,Meghalaya
1064,13,12,3,4,Y,N,90.7,47.1,Moderate,1506,1344,84.1,63.4,67.1,FALSE,Kerala
1065,14,12,8,1,True,yes,49.2,89.6,moderate,611,691,90.8,80.5,66.9,NO,Kerala
1066,14,14,9,6,True,1,84.0,78.8,Low,3675,4893,78.6,76.5,70.9,0,Maharashtra
1067,5,32,1,5,Yes,1,76.0,61.9,Low,4179,3511,85.2,76.1,76.0,no,Puducherry
1068,23,30,11,4,yes,0,38.4,94.2,High,1132,1054,90.6,55.0,75.0,1,Jammu and Kashmir
1069,2,22,3,3,1,1,76.2,10.8,Moderate,1742,1420,78.1,84.3,32.8,N,Sikkim
1070,7,8,5,2,Yes,yes,100.0,74.1,High,6309,4939,67.4,89.0,74.6,True,Haryana
1071,1,31,8,3,Yes,NO,,67.1,Moderate,543,620,87.4,61.1,85.1,No,Ladakh
1072,28,5,1,2,Yes,Y,70.5,44.8,Low,4464,4339,96.4,68.0,66.7,0,Chhattisgarh
1073,30,19,6,4,Yes,no,22.7,72.6,Low,1321,1510,91.9,30.5,86.8,N,Odisha
1074,16,10,1,2,Y,yes,76.1,90.9,Low,3514,3799,97.1,71.3,73.0,NO,Jharkhand
1075,6,12,7,1,YES,YES,49.8,95.8,Low,1250,1578,79.3,68.4,73.8,NO,Kerala
1076,26,6,7,1,Y,False,81.0,34.5,Low,2445,2323,91.1,76.9,68.6,NO,Goa
1077,17,30,6,4,YES,Yes,48.9,59.4,Low,3200,2706,80.7,78.1,75.8,FALSE,Jammu and Kashmir
1078,16,26,11,2,Y,FALSE,41.0,50.4,Moderate,3742,2770,69.7,75.7,63.5,no,Uttar Pradesh
1079,8,1,1,6,True,False,68.4,59.7,Low,2503,2425,98.5,100.0,78.6,FALSE,Andhra Pradesh
1080,28,32,1,4,Yes,True,66.8,30.0,Low,1145,1356,89.3,76.0,64.5,No,Puducherry
1081,12,6,12,4,True,TRUE,,66.0,moderate,434,551,76.5,,95.8,0,Goa
1082,13,12,4,5,True,YES,80.8,52.8,Moderate,6630,4816,,79.6,71.3,False,Kerala
1083,15,2,11,3,TRUE,0,51.2,50.4,Low,4377,3517,70.8,60.4,65.6,FALSE,Arunachal Pradesh
1084,21,6,7,4,1,yes,89.6,62.5,Moderate,783,661,77.5,53.3,41.8,NO,Goa
1085,10,7,12,3,YES,Y,42.4,92.3,Low,1530,1094,64.5,44.5,39.2,FALSE,Gujarat
1086,17,27,12,6,yes,TRUE,64.8,16.4,Low,2118,2840,71.2,50.8,81.6,No,Uttarakhand
1087,2,10,12,6,Yes,yes,47.7,64.9,Low,736,544,62.9,61.9,60.7,FALSE,Jharkhand
1088,20,3,6,2,yes,Y,48.6,18.0,Moderate,419,324,71.7,32.9,69.5,False,Assam
1089,24,16,4,2,Yes,no,59.1,83.4,Low,1441,1302,92.0,67.2,34.9,N,Meghalaya
1090,24,20,4,5,yes,Yes,63.4,82.2,High,1338,970,62.4,54.0,70.9,Y,Punjab
1091,17,15,8,6,YES,No,74.3,,Low,765,875,87.1,63.8,64.0,False,Manipur
1092,30,1,12,2,yes,TRUE,75.2,38.6,Low,2397,2072,87.8,72.9,95.2,FALSE,Andhra Pradesh
1093,11,15,4,5,TRUE,N,25.5,89.9,Moderate,2109,1858,88.2,70.7,100.0,No,Manipur
1094,29,24,7,5,Y,yes,46.3,60.2,Low,1815,1369,63.5,100.0,82.6,No,Telangana
1095,23,7,8,6,True,0,98.4,21.3,Low,3012,2519,82.8,70.5,38.6,NO,Gujarat
1096,2,5,1,5,Yes,True,36.1,12.1,Moderate,3368,3276,97.8,66.0,77.1,N,Chhattisgarh
1097,36,13,4,5,YES,N,100.0,75.1,Low,6155,4668,69.8,56.0,79.3,no,Madhya Pradesh
1098,32,2,9,6,yes,Yes,51.0,68.4,Moderate,1464,1344,91.0,39.6,97.3,N,Arunachal Pradesh
1099,23,19,6,2,True,no,71.9,40.9,High,1308,1001,72.3,75.2,33.0,Y,Odisha
1100,2,32,7,3,Y,NO,63.2,,Low,4614,3992,84.3,72.0,64.9,False,Puducherry
1101,1,31,9,2,TRUE,FALSE,64.7,82.3,Low,1534,1601,95.8,83.6,88.7,NO,Ladakh
1102,29,8,10,1,True,YES,58.4,68.4,Low,1374,1461,93.9,71.2,69.9,False,Haryana
1103,25,5,2,1,TRUE,Yes,88.6,15.4,Moderate,3594,3548,94.3,96.5,92.1,No,Chhattisgarh
1104,15,28,1,3,True,1,69.5,90.4,Low,1728,1263,58.9,53.6,81.6,No,West Bengal
1105,36,5,11,2,YES,Y,50.1,22.0,Low,1698,1413,77.3,78.3,57.8,FALSE,Chhattisgarh
1106,26,11,9,6,TRUE,1,71.6,40.1,High,5789,4409,71.1,73.1,77.1,N,karnataka
1107,30,32,8,6,1,N,75.5,75.7,Low,394,517,78.6,52.9,77.7,NO,Puducherry
1108,25,9,2,6,TRUE,True,92.6,13.3,Low,3876,4277,86.4,36.3,74.2,FALSE,Himachal Pradesh
1109,26,20,7,2,TRUE,yes,98.0,49.0,Low,4454,3703,80.5,60.9,62.0,0,Punjab
1110,24,25,12,5,True,NO,74.2,71.7,Moderate,2170,1996,88.4,84.8,67.7,NO,Tripura
1111,3,23,2,2,True,FALSE,85.9,43.9,Low,890,836,93.2,51.4,55.7,False,Tamil Nadu
1112,30,19,12,2,yes,Yes,73.2,49.7,Moderate,3138,2850,93.8,65.4,60.0,No,Odisha
1113,32,23,2,6,1,Y,65.5,36.8,Moderate,347,405,83.5,65.9,79.8,FALSE,Tamil Nadu
1114,31,13,6,6,Yes,Y,72.0,23.9,Moderate,2043,2827,68.2,100.0,69.9,FALSE,Madhya Pradesh
1115,32,17,9,5,YES,yes,86.6,95.5,High,1242,997,72.8,85.5,46.2,True,Mizoram
1116,22,20,4,5,1,1,67.7,84.0,Low,4693,3884,82.8,62.2,53.9,N,Punjab
1117,8,12,6,1,1,YES,85.5,41.4,Low,5286,4536,83.1,99.0,76.6,No,Kerala
1118,25,17,7,4,True,Y,68.3,76.4,LOW,4936,3671,63.9,78.9,71.2,No,Mizoram
1119,6,27,10,2,TRUE,Yes,62.6,91.3,Low,3044,4114,76.8,84.4,58.7,NO,Uttarakhand
1120,5,16,9,3,TRUE,Y,44.4,56.7,Low,6546,4876,63.7,89.3,100.0,0,Meghalaya
1121,9,31,6,3,YES,Y,92.3,19.5,Low,257,207,79.1,75.9,81.3,FALSE,Ladakh
1122,11,4,3,5,Y,yes,48.5,53.4,Low,2950,2144,63.0,87.2,40.7,N,Bihar
1123,33,8,2,5,True,TRUE,96.4,54.7,Low,3751,4118,91.4,72.0,78.1,0,Haryana
1124,13,19,12,5,YES,True,61.9,43.4,Low,3059,2475,73.5,94.8,81.4,NO,Odisha
1125,9,15,2,4,yes,Yes,83.7,24.7,Low,3129,3045,99.1,58.9,60.8,False,Manipur
1126,16,18,11,3,True,False,50.7,60.9,Moderate,3081,3557,82.6,77.8,69.2,FALSE,Nagaland
1127,4,21,6,4,TRUE,N,59.0,53.2,Moderate,422,429,95.1,74.3,66.7,False,Rajasthan
1128,6,30,5,2,yes,TRUE,,38.7,High,1720,1570,85.9,59.1,40.1,no,Jammu and Kashmir
1129,14,23,4,1,TRUE,yes,78.4,20.7,Moderate,5886,4479,63.8,53.4,35.4,N,Tamil Nadu
1130,23,3,10,5,yes,1,56.0,72.9,high,428,438,100.0,81.5,79.6,Yes,Assam
1131,13,25,10,6,yes,N,62.7,77.7,Low,3352,4147,80.1,69.3,76.1,NO,Tripura
1132,17,13,4,4,True,True,37.3,70.9,Low,2555,3632,66.7,95.8,94.8,N,Madhya Pradesh
1133,1,21,6,3,YES,True,52.5,15.6,Moderate,4436,3768,83.6,74.6,93.2,0,Rajasthan
1134,18,18,2,1,yes,YES,67.8,86.7,Moderate,1318,1303,95.0,90.0,78.7,False,Nagaland
1135,32,31,5,5,YES,Yes,45.6,69.6,Low,1261,1147,,75.5,86.1,No,Ladakh
1136,7,5,9,4,1,1,37.7,34.8,moderate,2784,2844,95.1,54.5,93.8,FALSE,Chhattisgarh
1137,8,14,3,3,Y,no,8.7,44.1,High,4403,3514,73.0,81.3,37.6,YES,Maharashtra
1138,34,20,9,1,yes,FALSE,62.2,60.9,Low,589,431,62.0,68.9,46.8,N,Punjab
1139,3,13,5,6,Yes,True,46.1,16.8,Low,514,449,83.7,35.9,84.0,False,Madhya Pradesh
1140,27,19,11,3,yes,yes,,38.3,Low,4193,3353,73.0,66.7,48.8,N,Odisha
1141,11,1,3,3,TRUE,no,66.5,17.6,Moderate,1190,1130,91.9,69.5,87.5,False,Andhra Pradesh
1142,25,11,3,1,Y,True,94.8,10.2,Moderate,5554,4193,64.9,77.9,56.2,False,Karnataka
1143,6,29,4,4,Y,Yes,51.0,90.8,Low,4977,4247,81.5,71.3,78.9,False,Delhi (NCT)
1144,22,17,8,1,Y,Yes,74.5,78.4,Moderate,893,884,94.9,81.1,65.3,False,Mizoram
1145,16,5,1,4,YES,yes,29.5,52.7,High,3547,3148,86.4,49.6,71.6,YES,Chhattisgarh
1146,5,17,11,2,Yes,NO,74.8,6.0,Low,663,929,71.6,78.5,56.6,NO,Mizoram
1147,19,7,8,5,Yes,1,65.1,80.0,Low,2660,3088,83.3,,65.4,no,Gujarat
1148,28,17,11,3,yes,No,52.6,26.0,Moderate,6640,4846,60.5,62.9,90.2,NO,Mizoram
1149,14,13,7,1,YES,1,52.0,80.3,Moderate,3269,3251,95.0,80.1,81.0,no,Madhya Pradesh
1150,5,22,7,4,TRUE,1,,53.5,High,1385,1028,64.8,64.4,63.5,Yes,Sikkim
1151,24,31,9,3,YES,TRUE,55.0,14.1,Low,2840,2325,76.6,76.9,68.2,False,Ladakh
1152,20,12,3,1,TRUE,TRUE,59.5,17.4,Moderate,4515,4350,98.6,,97.3,No,Kerala
1153,19,11,10,5,Yes,yes,15.8,7.5,Moderate,1783,2122,88.0,57.2,80.2,No,Karnataka
1154,19,1,2,3,TRUE,TRUE,25.9,56.9,Moderate,1570,1703,92.1,80.4,47.2,N,Andhra Pradesh
1155,13,8,5,2,Yes,No,40.3,43.7,Low,4641,3747,71.2,,68.4,False,Haryana
1156,11,2,2,5,1,TRUE,75.5,7.1,High,2733,3804,68.3,70.5,56.0,yes,Arunachal Pradesh
1157,20,28,10,5,Y,N,67.4,20.1,Moderate,54,71,74.6,50.9,68.9,no,west bengal
1158,20,5,12,5,Yes,YES,52.9,74.3,Low,6485,4933,67.0,62.9,70.5,FALSE,Chhattisgarh
1159,25,30,11,1,Y,yes,52.2,61.6,Moderate,2761,3294,86.6,77.3,66.6,no,Jammu and Kashmir
1160,8,21,4,5,TRUE,No,41.1,18.8,Moderate,2145,1985,92.8,53.0,100.0,No,Rajasthan
1161,7,13,1,3,Y,True,81.3,92.0,High,4907,4327,87.2,81.1,54.1,1,Madhya Pradesh
1162,11,16,5,6,Yes,TRUE,65.6,53.5,Low,3483,3065,82.7,66.0,80.2,NO,Meghalaya
1163,10,17,7,1,TRUE,YES,57.5,74.9,low,2880,3361,89.4,59.2,61.6,False,mizoram
1164,11,1,3,3,YES,YES,65.5,6.6,High,856,677,70.3,81.2,76.4,0,Andhra Pradesh
1165,28,29,1,1,yes,False,60.2,31.3,Low,431,337,68.5,82.8,69.4,NO,Delhi (NCT)
1166,13,32,11,4,yes,No,59.5,70.2,High,2044,1509,64.5,85.6,72.9,0,Puducherry
1167,32,32,3,3,YES,True,30.4,15.5,LOW,2623,2403,88.0,61.0,75.5,no,Puducherry
1168,4,2,4,3,True,No,54.9,56.1,Moderate,725,581,73.8,60.4,38.2,No,Arunachal Pradesh
1169,32,10,5,2,yes,no,56.3,,Moderate,4010,3057,67.8,76.0,49.6,NO,Jharkhand
1170,28,23,5,6,1,0,63.6,28.9,Low,2943,3622,81.6,61.4,89.3,FALSE,Tamil Nadu
1171,14,12,8,6,True,FALSE,95.4,60.3,Low,443,518,90.5,82.7,74.2,FALSE,Kerala
1172,15,21,12,1,True,1,78.9,76.3,Moderate,3604,3539,95.5,57.6,61.5,NO,Rajasthan
1173,33,13,7,4,1,TRUE,73.1,10.2,High,603,497,81.3,94.6,63.3,N,Madhya Pradesh
1174,34,2,8,1,yes,NO,50.5,81.4,Moderate,91,69,68.9,80.9,61.3,FALSE,Arunachal Pradesh
1175,15,23,8,5,1,0,100.0,,Low,5984,4417,60.7,84.0,49.8,no,TAMIL NADU
1176,16,5,2,5,YES,FALSE,77.4,86.5,Moderate,3209,3565,90.1,58.2,43.1,No,Chhattisgarh
1177,13,21,4,1,yes,Yes,,8.5,Low,1358,1232,92.6,68.1,59.9,False,Rajasthan
1178,31,1,8,5,1,True,77.4,84.1,Low,1430,1330,96.6,67.4,64.2,no,Andhra Pradesh
1179,19,26,4,5,Y,FALSE,70.9,6.4,Low,4198,4463,97.6,92.9,53.4,N,Uttar Pradesh
1180,9,5,4,3,1,yes,50.5,29.8,Low,4101,3577,83.1,87.8,54.6,No,Chhattisgarh
1181,17,18,12,2,yes,1,60.9,9.9,Moderate,3934,2930,62.5,66.7,62.3,no,Nagaland
1182,22,7,4,6,Yes,FALSE,81.2,49.0, Moderate ,3083,4058,71.2,89.0,70.9,no,Gujarat
1183,5,23,5,6,TRUE,yes,95.7,62.6,Low,2869,2648,95.7,92.0,82.4,No,Tamil Nadu
1184,7,2,10,1,TRUE,YES,34.9,77.6,Low,2794,2510,88.7,63.4,71.6,False,Arunachal Pradesh
1185,28,15,7,1,True,no,79.5,25.1,Moderate,790,1000,78.8,65.1,71.0,FALSE, Manipur  
1186,2,17,2,2,YES,YES,89.4,55.2,Low,4296,3881,85.6,60.4,41.2,no,Mizoram
1187,9,27,12,4,True,Yes,37.5,22.0,Moderate,1551,1928,76.3,69.5,83.5,FALSE,Uttarakhand
1188,13,12,4,2,1,Yes,49.6,20.6,Moderate,3557,3100,89.8,75.9,72.7,N,Kerala
1189,5,15,6,4,TRUE,FALSE,56.6,483.50257056715145,Low,1613,1485,88.7,71.9,55.8,False,Manipur
1190,21,9,2,6,yes,1,92.3,75.1,Low,2376,2849,79.8,40.7,45.6,N,Himachal Pradesh
1191,16,32,4,2,YES,Yes,53.2,42.1,Low,186,264,67.7,58.0,87.9,No,Puducherry
1192,35,26,3,4,TRUE,False,61.5,10.7,Low,2531,2552,100.0,47.2,36.2,no,UTTAR PRADESH
1193,17,2,1,1,YES,TRUE,46.0,483.50257056715145,High,4458,4353,98.4,62.2,100.0,Y,Arunachal Pradesh
1194,20,24,12,1,YES,Yes,84.2,61.4,Low,231,327,73.7,72.1,41.4,0,Telangana
1195,10,20,2,1,Y,No,44.6,35.6,Low,2144,2038,91.7,78.5,79.7,NO,Punjab
1196,34,17,7,4,1,Y,52.0,21.2,Moderate,760,662,85.0,73.5,64.9,FALSE,Mizoram
1197,13,12,2,4,True,True,28.4,2.0,Moderate,2594,2415,,79.6,88.9,No,Kerala
1198,14,9,1,6,Y,yes,37.6,15.4,Moderate,4592,4681,98.4,58.0,75.0,NO,Himachal Pradesh
1199,14,20,5,3,Yes,True,85.2,94.2,Low,1763,1950,92.6,68.7,78.0,No,Punjab
1200,2,19,7,3,Yes,YES,70.7,21.4,Low,2764,3926,,47.0,55.9,No,Odisha
1201,16,22,6,5,yes,YES,53.9,29.8,Moderate,2578,3196,83.2,63.7,83.2,No,Sikkim
1202,31,10,11,5,yes,Y,49.6,12.1,Moderate,1544,1106,59.7,76.0,99.2,False,Jharkhand
1203,30,9,11,1,TRUE,1,65.8,60.2,Low,4593,3704,77.6,82.9,81.2,False,Himachal Pradesh
1204,36,32,12,4,Y,Y,97.9,58.7,Moderate,2460,3237,75.8,53.1,66.2,N,Puducherry
1205,29,24,2,6,Yes,YES,70.8,77.1,Low,2941,2639,87.9,53.5,82.8,False,Telangana
1206,14,6,9,4,TRUE,FALSE,80.4,86.5,Low,2388,1993,82.2,50.0,77.4,False,Goa
1207,11,3,5,3,yes,Yes,53.0,84.0,Low,3970,3458,85.6,74.3,56.4,0,Assam
1208,17,21,6,5,True,False,6.9,12.6,Low,837,633,68.6,78.5,79.7,No,Rajasthan
1209,30,15,5,6,Yes,Y,51.7,31.1,Moderate,4701,4842,100.0,72.7,65.5,0,Manipur
1210,26,20,12,6,True,Yes,89.4,59.6,Low,203,174,85.8,100.0,65.6,no,Punjab
1211,32,21,9,5,Yes,True,49.1,90.4,Low,5298,4818,94.1,75.6,85.8,0,Rajasthan
1212,21,16,11,3,yes,True,66.2,63.6,Low,1750,1857,94.8,68.6,77.1,no,Meghalaya
1213,13,16,10,5,yes,yes,67.3,83.4,Low,2363,1842,75.4,76.5,100.0,No,MEGHALAYA
1214,27,15,9,4,Yes,YES,44.2,67.8,Low,2699,3206,81.7,74.0,36.5,No,Manipur
1215,30,5,6,3,YES,Yes,55.5,61.8,Moderate,861,1130,80.7,66.5,82.9,FALSE,Chhattisgarh
1216,23,23,11,2,TRUE,yes,47.9,41.8,Moderate,2957,2191,63.5,68.3,80.2,no,Tamil Nadu
1217,19,3,8,6,Y,N,82.4,69.2,High,3657,4263,88.0,60.5,93.1,N,Assam
1218,33,11,11,1,True,No,58.7,71.1,Moderate,2047,2331,85.0,72.8,53.4,FALSE,Karnataka
1219,3,30,3,3,Yes,True,30.1,81.6,Low,4208,3765,90.8,53.3,65.3,False,Jammu and Kashmir
1220,20,32,2,3,Y,No,53.9,28.3,Moderate,3307,3856,88.4,67.9,89.6,FALSE,Puducherry
1221,29,24,11,3,Yes,Yes,76.2,53.8,Moderate,2733,2611,91.1,54.6,65.9,FALSE, Telangana  
1222,20,28,7,3,yes,YES,68.5,39.7,Moderate,2650,3766,66.3,90.1,68.6,N,West Bengal
1223,9,19,5,3,1,0,67.6,52.2,High,4647,3862,84.6,83.6,62.2,Y,Odisha
1224,31,6,2,4,True,No,40.1,65.7,High,4046,3327,83.2,69.0,36.7,YES,Goa
1225,16,11,6,3,TRUE,yes,56.2,62.5,Low,1188,1221,97.1,62.0,72.6,NO,Karnataka
1226,2,30,4,6,Y,True,100.0,87.0,Moderate,4213,3172,64.6,59.5,40.4,0,Jammu and Kashmir
1227,31,17,10,2,TRUE,False,77.7,5.4,Moderate,4913,3954,72.4,67.6,45.7,No,Mizoram
1228,17,15,9,4,1,0,78.4,23.5,Moderate,1395,1626,85.7,63.5,31.4,FALSE,Manipur
1229,33,10,5,3,Y,Yes,87.7,34.8,Moderate,2484,2237,88.8,48.9,52.2,no,Jharkhand
1230,34,8,2,1,Yes,0,70.7,9.8,Moderate,2617,1915,58.4,80.4,78.0,N,Haryana
1231,19,16,3,3,TRUE,Y,85.0,88.7,Moderate,3376,2834,82.7,62.1,62.5,False,Meghalaya
1232,24,7,9,3,1,No,53.3,89.7,low,4505,4731,95.4,74.9,40.5,False,Gujarat
1233,31,4,1,4,yes,YES,,7.3,Low,875,746,83.7,44.5,48.9,FALSE,Bihar
1234,10,23,7,1,True,False,63.5,34.9,Low,2979,3707,79.0,45.6,54.2,False, Tamil Nadu  
1235,22,14,7,6,TRUE,YES,34.5,23.8,Low,1599,1454,88.9,56.9,48.6,NO,Maharashtra
1236,8,5,6,1,1,True,86.0,25.7,Moderate,1921,1414,63.0,92.8,47.8,No, Chhattisgarh  
1237,9,2,7,6,Y,TRUE,42.6,69.8,Low,2439,2053,81.9,,67.9,0,Arunachal Pradesh
1238,14,4,1,1,TRUE,yes,75.7,47.9,Low,1311,1217,,65.8,46.4,no,Bihar
1239,11,28,8,3,True,YES,100.0,2.7,high,2997,3182,92.7,84.1,75.8,0,West Bengal
1240,17,9,6,4,Yes,FALSE,74.9,87.6,Low,5431,4233,74.4,66.7,75.2,no,Himachal Pradesh
1241,20,18,12,1,1,yes,100.0,71.2,Moderate,2533,2079,75.7,61.1,100.0,False,Nagaland
1242,22,21,4,3,1,YES,71.1,2.7,Moderate,4061,4270,95.2,61.1,66.4,N,Rajasthan
1243,34,9,12,5,Yes,yes,76.0,51.6,Low,3126,2874,89.9,60.7,71.2,False,Himachal Pradesh
1244,20,3,3,3,1,no,78.1,,Low,1778,1655,88.2,64.6,63.5,0,Assam
1245,15,23,9,6,TRUE,TRUE,80.6,,Low,371,416,89.1,75.3,90.6,no,Tamil Nadu
1246,11,2,6,3,Yes,True,74.6,59.2,Moderate,2350,2113,88.5,63.9,73.7,N,Arunachal Pradesh
1247,33,6,10,2,yes,yes,78.2,38.6,High,4139,3474,77.8,69.8,72.9,False,Goa
1248,19,9,6,4,Y,Y,86.7,79.2,Moderate,954,951,99.8,42.6,100.0,N,Himachal Pradesh
1249,17,19,5,5,YES,Yes,77.2,27.9,Low,3154,3238,97.6,72.9,28.4,no,Odisha
1250,28,19,1,5,1,True,54.9,51.7,Low,1472,1738,81.1,88.1,100.0,0,Odisha
1251,9,25,5,6,TRUE,Y,54.3,77.2,Low,6574,4994,66.5,57.1,63.8,no,Tripura
1252,24,14,8,5,yes,TRUE,71.5,59.0,Low,2638,3229,81.2,38.8,64.9,False,Maharashtra
1253,19,25,1,1,True,yes,90.4,30.5,LOW,5359,3893,65.8,,54.5,No,Tripura
1254,30,11,6,5,Y,Yes,100.0,49.9,HIGH,1804,2453,70.9,68.1,73.1,No,Karnataka
1255,28,4,10,2,YES,False,98.9,81.3,Moderate,3076,2394,68.7,79.9,38.8,FALSE,Bihar
1256,17,30,1,2,yes,TRUE,100.0,57.2,Low,1763,2272,82.1,56.6,60.3,False,Jammu and Kashmir
1257,7,31,5,1,YES,YES,36.2,89.0,Moderate,1486,2104,69.3,83.5,47.8,no,Ladakh
1258,4,15,12,5,yes,YES,72.0,65.0,Moderate,760,883,88.0,57.5,86.7,FALSE,Manipur
1259,33,17,5,5,yes,NO,89.9,25.5,Low,3469,2819,77.5,94.2,71.2,FALSE,Mizoram
1260,16,28,2,3,1,N,42.3,7.1,Low,3765,4036,92.7,94.6,68.5,FALSE,West Bengal
1261,17,22,5,3,TRUE,1,73.0,82.6,Moderate,1514,2084,75.5,72.5,78.3,no,Sikkim
1262,30,8,3,1,Y,TRUE,73.7,44.8,Low,435,457,95.3,61.3,57.7,False,Haryana
1263,19,10,8,2,True,NO,64.5,27.2,Moderate,745,1044,,73.8,100.0,FALSE,Jharkhand
1264,18,2,3,6,YES,Y,96.2,65.9,High,3610,4086,87.8,58.0,99.0,Y,Arunachal Pradesh
1265,7,30,7,1,True,FALSE,83.9,72.0,Low,2539,2720,94.8,91.0,71.2,no,Jammu and Kashmir
1266,3,18,12,3,Yes,No,24.6,30.4,Low,1448,1144,74.0,50.5,36.1,NO,Nagaland
1267,36,25,4,3,Yes,YES,44.4,26.3,High,3189,4436,68.8,,56.3,FALSE,Tripura
1268,9,11,1,6,TRUE,yes,82.3,17.0,Moderate,2814,2138,69.5,76.9,78.6,0,Karnataka
1269,23,11,9,4,Y,N,51.2,74.2,High,1752,2062,86.7,64.0,88.0,True,Karnataka
1270,18,12,4,3,YES,True,41.4,64.3,Low,2068,1836,85.5,63.3,88.2,NO,Kerala
1271,30,13,12,5,YES,0,75.0,89.8,Moderate,4379,3390,74.9,75.9,60.4,N,Madhya Pradesh
1272,12,6,6,4,Yes,Y,79.0,21.5,Low,4118,4681,89.1,57.1,78.3,N,Goa
1273,11,5,5,3,TRUE,1,88.2,40.5,Moderate,3717,4596,77.9,73.6,46.4,N, Chhattisgarh  
1274,25,22,4,3,Y,NO,72.1,22.1,Low,3771,4899,72.0,62.4,72.4,No,Sikkim
1275,2,23,3,2,Yes,1,100.0,52.9,Moderate,1015,1165,88.1,66.5,74.5,N,Tamil Nadu
1276,15,2,11,5,YES,False,73.2,23.8,High,2777,3163,88.0,53.1,52.5,YES,Arunachal Pradesh
1277,30,29,4,4,YES,yes,58.3,59.4,Low,4642,4914,94.5,69.8,65.1,No,Delhi (NCT)
1278,20,22,1,6,TRUE,N,59.0,82.9,Moderate,3256,3697,92.9,63.7,38.5,FALSE,Sikkim
1279,24,2,9,1,Yes,1,62.6,54.5,Moderate,2248,1696,66.4,43.0,78.7,No,Arunachal Pradesh
1280,31,10,3,4,Yes,True,58.3,,Moderate,3008,3234,92.0,71.1,86.5,NO,Jharkhand
1281,8,18,6,6,TRUE,yes,46.9,78.6,Moderate,2448,3067,82.0,71.4,47.5,0,Nagaland
1282,27,3,3,3,True,1,52.8,55.3,Low,1057,1182,85.6,66.3,64.2,False,Assam
1283,34,30,6,5,Yes,YES,81.8,,Low,3681,3901,98.6,76.0,45.6,NO,Jammu and Kashmir
1284,13,1,9,4,True,Yes,76.4,,Low,4132,4451,93.8,74.0,59.7,0,Andhra Pradesh
1285,19,5,8,6,yes,Yes,85.6,12.0,Low,1848,1604,89.3,69.9,65.5,NO,Chhattisgarh
1286,2,4,8,4,TRUE,yes,83.6,23.5,MODERATE,4827,4184,83.9,76.0,40.3,0,Bihar
1287,32,21,6,1,1,yes,41.5,36.8,Low,2250,2900,74.7,65.9,66.4,0,Rajasthan
1288,7,20,6,4,YES,YES,68.9,64.8,Moderate,4597,3409,62.2,66.9,60.6,N,Punjab
1289,27,19,11,5,Y,yes,57.4,38.0,Low,2572,2021,74.7,50.1,55.6,No,odisha
1290,35,8,5,3,True,NO,,5.6,Low,1419,1183,81.4,53.2,68.5,FALSE,Haryana
1291,36,18,11,6,yes,Y,62.1,66.3,Low,1343,1351,97.1,93.2,58.4,NO,Nagaland
1292,7,32,7,3,1,True,58.3,6.7,Low,1570,1487,96.6,83.3,47.6,NO,Puducherry
1293,19,7,7,4,Y,no,30.6,16.2,High,5709,4521,73.0,61.8,100.0,No,Gujarat
1294,29,27,10,6,True,yes,86.5,,Moderate,524,542,95.9,69.2,65.9,0,Uttarakhand
1295,21,29,5,4,TRUE,True,84.2,19.9,High,2723,3192,80.7,,35.3,Y,Delhi (NCT)
1296,30,10,7,4,1,YES,36.2,77.2,Low,2395,2263,91.9,73.3,60.7,FALSE,Jharkhand
1297,29,21,4,2,yes,1,62.0,54.0,Low,3954,2828,59.3,61.9,35.2,NO,Rajasthan
1298,8,28,12,5,1,YES,59.5,62.8,Moderate,3385,3517,98.1,70.5,39.1,no,West Bengal
1299,16,29,9,3,Yes,Y,80.6,41.8,Low,6522,4771,,64.1,78.7,FALSE,Delhi (NCT)
1300,13,25,6,4,yes,Y,,,Moderate,683,704,99.6,46.2,67.5,False,Tripura
1301,12,28,12,1,True,False,64.1,3.5,Low,1173,1443,80.1,71.6,47.6,False,West Bengal
1302,15,11,8,1,YES,no,62.9,24.8,High,1591,1369,,74.9,57.0,N,Karnataka
1303,31,12,2,1,1,True,,57.2,Low,4391,4756,94.9,48.3,45.4,no,Kerala
1304,30,23,10,6,yes,YES,60.3,,Low,2324,2874,80.9,54.1,61.1,no,Tamil Nadu
1305,25,25,1,6,True,Yes,76.6,15.9,Moderate,2965,3761,78.3,45.0,99.4,False,Tripura
1306,22,32,9,1,TRUE,YES,37.1,94.8,MODERATE,3446,2877,84.8,55.6,54.5,No,Puducherry
1307,13,18,2,4,yes,FALSE,31.9,78.0,high,417,455,93.2,51.2,36.2,NO,Nagaland
1308,9,21,7,5,TRUE,0,25.4,54.8,Moderate,3664,4258,89.0,50.9,85.6,False,Rajasthan
1309,29,29,1,4,Yes,No,64.0,37.9,Moderate,6549,4949,69.0,56.1,85.8,N,Delhi (NCT)
1310,18,25,2,2,True,N,55.7,91.6,Moderate,2413,3045,77.6,68.8,63.8,No,Tripura
1311,4,18,12,6,Y,yes,76.0,17.9,Moderate,571,418,65.5,54.4,81.9,no,Nagaland
1312,13,25,9,6,True,True,47.9,33.1,Moderate,1455,1347,88.3,53.2,83.2,N,Tripura
1313,16,30,7,3,Y,TRUE,43.0,23.8,Low,5558,4549,80.4,86.4,83.3,N,Jammu and Kashmir
1314,20,1,12,4,Y,Yes,59.2,10.2,High,1185,1285,87.5,78.4,43.7,0,Andhra Pradesh
1315,10,19,9,3,YES,N,88.2,74.0,Low,109,156,69.8,60.5,65.9,0,Odisha
1316,24,15,11,6,1,1,72.8,82.1,Low,3337,2407,63.6,78.3,66.8,0,Manipur
1317,31,12,7,5,YES,Yes,55.5,43.6,Low,2045,2678,81.2,94.3,75.0,FALSE,Kerala
1318,11,9,4,5,True,False,57.8,68.3, Moderate ,1993,2450,79.3,57.0,75.8,0,Himachal Pradesh
1319,11,8,6,4,TRUE,True,52.3,34.3,Low,5535,4368,76.7,91.4,56.7,No,Haryana
1320,14,9,11,3,1,yes,45.0,66.5,Low,4098,3689,85.1,66.3,54.9,False,Himachal Pradesh
1321,23,27,8,3,True,False,81.2,83.5,Low,671,785,87.0,65.5,53.1,FALSE,Uttarakhand
1322,18,8,12,4,Y,No,35.1,3.7,Moderate,1650,1220,65.8,85.7,66.0,no,Haryana
1323,21,27,9,1,Yes,Y,36.9,59.8,Low,554,491,86.6,82.7,70.9,FALSE,Uttarakhand
1324,20,24,8,6,Y,True,52.0,32.9,Low,1318,1491,,71.7,48.4,False,Telangana
1325,26,24,8,3,Y,N,61.4,19.3,Low,2171,1874,87.8,86.1,44.9,No,Telangana
1326,36,23,3,3,True,TRUE,43.1,55.5,Moderate,343,349,99.3,61.9,60.7,NO,Tamil Nadu
1327,28,20,6,3,Yes,no,74.5,4.7,High,1438,1424,96.3,66.6,46.7,1,Punjab
1328,35,32,9,4,YES,Y,72.6,28.5,Moderate,627,579,91.9,100.0,56.9,no,Puducherry
1329,20,18,3,6,TRUE,1,36.7,78.3,Low,533,547,95.1,59.4,60.9,no,Nagaland
1330,3,27,10,4,True,TRUE,49.9,79.4,moderate,4001,4531,87.1,66.7,65.7,NO,Uttarakhand
1331,34,28,11,4,YES,yes,78.5,91.2,Low,2883,2323,74.2,70.6,41.1,N,West Bengal
1332,28,13,10,1,yes,YES,33.7,33.6,Low,1826,1842,100.0,61.9,80.5,No,Madhya Pradesh
1333,13,6,9,2,YES,True,68.9,35.0,High,876,896,100.0,82.5,79.2,No,Goa
1334,6,7,2,6,Yes,N,46.7,49.1,Moderate,4045,3108,66.1,78.0,61.2,no,Gujarat
1335,17,21,6,2,TRUE,yes,70.6,30.6,Low,4760,4437,97.5,54.5,78.4,no,Rajasthan
1336,10,26,2,4,1,Y,72.2,74.6,LOW,5921,4989,77.0,,58.8,no,Uttar Pradesh
1337,23,30,12,1,Y,0,92.6,45.7,Low,1302,1074,75.8,100.0,65.4,0,Jammu and Kashmir
1338,13,30,12,3,yes,N,61.5,,Moderate,4517,4672,98.5,57.4,68.7,N,Jammu and Kashmir
1339,28,16,11,5,TRUE,False,82.2,25.6,Moderate,3879,3820,100.0,66.1,39.4,0,Meghalaya
1340,23,28,11,5,YES,yes,75.6,10.2,Low,420,501,80.6,58.2,87.0,FALSE,west bengal
1341,25,3,12,5,Yes,True,68.8,36.8,Moderate,4610,3318,57.7,79.2,77.8,False,Assam
1342,28,9,5,4,Y,FALSE,47.8,58.1,High,1404,1884,76.7,80.3,91.7,YES,Himachal Pradesh
1343,13,26,11,4,1,False,97.5,7.6,Low,2742,3504,80.5,65.0,64.9,no,Uttar Pradesh
1344,8,32,10,5,TRUE,True,22.7,28.7,Low,4388,3567,77.8,90.5,35.7,0,Puducherry
1345,4,6,1,4,True,Yes,71.9,78.0,High,3106,2296,65.1,100.0,91.6,0,Goa
1346,4,21,12,2,1,FALSE,50.2,3.5,High,4205,4681,93.9,64.5,87.9,N,Rajasthan
1347,11,7,3,1,1,Yes,77.5,56.0,High,949,740,71.9,100.0,36.8,TRUE,Gujarat
1348,18,23,12,3,True,FALSE,76.2,15.9,Low,3990,4895,78.2,37.7,66.0,no,Tamil Nadu
1349,27,12,3,4,Y,YES,74.7,7.2,Low,3151,2583,76.8,71.8,68.8,FALSE,Kerala
1350,16,14,11,3,YES,TRUE,49.0,24.1,Moderate,447,542,80.3,82.0,97.0,NO,Maharashtra
1351,25,9,6,3,Yes,YES,100.0,79.8,Moderate,4204,3105,63.9,61.1,100.0,No,Himachal Pradesh
1352,32,21,6,5,True,no,91.5,90.8,Moderate,330,425,74.0,59.1,55.0,No,Rajasthan
1353,18,11,1,3,YES,True,42.5,14.4,Low,3579,3838,97.0,96.6,79.9,no,Karnataka
1354,4,32,5,6,1,YES,85.0,82.6,Moderate,1331,987,69.1,40.2,73.9,FALSE,Puducherry
1355,16,12,9,5,1,True,50.1,68.2,Moderate,2114,1574,67.0,58.3,68.0,N,Kerala
1356,2,9,5,2,Yes,Yes,69.2,73.1,Low,3169,3899,78.9,75.8,94.2,0,Himachal Pradesh
1357,1,30,8,2,TRUE,yes,44.1,9.9,Moderate,4446,3996,89.6,,100.0,FALSE,Jammu and Kashmir
1358,16,9,8,4,Y,yes,58.2,91.5,Moderate,3108,2371,70.6,49.9,66.0,no,Himachal Pradesh
1359,17,29,7,3,Y,YES,62.1,37.0,Low,1477,1412,94.9,58.1,100.0,no,Delhi (NCT)
1360,21,20,9,1,YES,N,66.3,28.3,Low,1251,1225,94.7,67.4,57.7,N,Punjab
1361,28,7,6,2,True,False,100.0,90.3,Low,4877,3493,60.7,89.2,64.2,0,Gujarat
1362,9,18,3,2,Yes,yes,88.7,79.7,Low,70,68,100.0,66.0,55.9,No,Nagaland
1363,7,14,5,2,1,No,79.5,58.3,Low,4071,3401,78.8,72.8,58.2,N,Maharashtra
1364,11,31,10,5,TRUE,no,66.0,,Moderate,2407,1964,75.4,72.4,80.7,0,Ladakh
1365,12,19,8,5,Yes,True,63.1,31.3,Low,3389,2680,74.0,67.2,80.9,NO,Odisha
1366,3,15,8,1,YES,N,80.0,51.3,Moderate,4426,3657,74.4,93.2,70.2,no,Manipur
1367,16,24,6,2,Yes,True,62.7,77.1,High,3016,4223,68.7,77.3,39.6,FALSE,Telangana
1368,6,27,11,6,Y,True,57.8,33.7,Low,31,26,80.6,71.0,100.0,FALSE,Uttarakhand
1369,21,6,1,3,YES,Y,44.4,13.4,Low,5109,3763,,46.8,48.4,no,Goa
1370,14,26,5,2,TRUE,True,63.6,30.9,Low,4721,3452,58.7,75.4,78.1,0,Uttar Pradesh
1371,27,6,5,6,Yes,TRUE,84.8,94.7,Moderate,1955,2280,81.4,85.0,74.7,No,Goa
1372,30,10,3,5,YES,no,74.9,87.6, High ,2436,2633,91.8,65.5,75.8,YES,Jharkhand
1373,30,4,11,5,yes,TRUE,36.9,58.0,High,5574,4372,70.0,66.5,93.7,Y,Bihar
1374,7,4,10,3,YES,No,70.9,17.4,Low,2734,3240,87.5,89.7,48.2,No,Bihar
1375,3,3,1,2,yes,1,68.4,66.6,Low,3292,4308,73.1,74.2,72.0,FALSE,Assam
1376,28,31,8,3,1,N,86.2,39.9,Low,1266,1260,,61.6,67.6,No,Ladakh
1377,31,11,9,2,yes,yes,89.2,70.1,High,900,870,93.1,73.9,54.5,False,Karnataka
1378,27,14,4,4,yes,TRUE,38.4,54.2,Low,3762,4558,84.0,76.9,64.9,False,Maharashtra
1379,27,19,2,6,YES,yes,55.4,22.6,Moderate,3506,3602,98.4,84.0,51.8,No,Odisha
1380,30,21,8,5,yes,Yes,97.3,45.1,High,4409,3733,,88.6,100.0,False,Rajasthan
1381,32,26,10,5,yes,1,71.8,483.50257056715145,Low,512,494,95.1,60.1,48.3,N,Uttar Pradesh
1382,21,27,1,2,TRUE,YES,75.0,90.5,High,4592,4597,98.7,76.0,94.0,N,Uttarakhand
1383,21,10,3,3,1,yes,71.9,90.2,Low,319,350,89.8,57.2,91.7,FALSE,Jharkhand
1384,9,6,1,2,yes,Yes,57.8,71.8,Low,1169,1255,92.7,49.7,68.7,FALSE,Goa
1385,17,22,6,3,True,TRUE,51.1,19.8,Moderate,2575,2239,89.0,66.7,49.6,NO,Sikkim
1386,30,9,4,3,Yes,yes,88.0,10.1,Low,3231,2560,71.0,92.3,75.2,NO,Himachal Pradesh
1387,28,20,4,4,Yes,1,42.6,67.7,Moderate,1509,1509,100.0,56.1,92.9,No,Punjab
1388,15,32,3,1,Yes,1,44.0,44.4,Moderate,3847,4678,78.9,82.7,59.6,False,Puducherry
1389,13,24,11,6,YES,0,75.4,82.4,Low,2339,3157,70.6,62.1,57.5,NO,Telangana
1390,11,24,1,3,1,Y,79.7,22.8,high,2868,3700,72.6,95.8,69.3,NO,Telangana
1391,36,17,1,6,TRUE,1,100.0,30.5,Low,2727,2811,100.0,75.3,100.0,False,Mizoram
1392,22,13,10,5,YES,TRUE,40.9,15.5,Moderate,2520,1898,66.3,51.4,88.5,FALSE,madhya pradesh
1393,19,32,7,1,Y,1,100.0,59.6,Moderate,3939,3101,69.2,63.1,53.6,NO, Puducherry  
1394,20,20,7,5,yes,TRUE,81.5,46.4,Low,1733,1582,90.3,66.7,68.4,0,Punjab
1395,15,28,11,5,TRUE,no,71.6,39.3,Moderate,890,994,92.1,55.4,98.5,NO,West Bengal
1396,34,27,9,3,TRUE,Yes,40.2,95.5,Moderate,4438,4546,,69.3,42.2,0,Uttarakhand
1397,21,22,10,4,YES,1,31.0,11.7,Moderate,3455,2492,56.7,86.4,85.7,N,Sikkim
1398,12,25,7,2,yes,Y,53.9,,High,1167,1305,86.1,100.0,60.1,TRUE,Tripura
1399,11,32,4,4,1,True,79.8,88.4,Low,3315,3712,88.0,94.0,52.2,FALSE,Puducherry
1400,11,31,1,2,YES,False,62.2,38.9,Low,877,790,84.9,53.8,72.5,FALSE,Ladakh
1401,16,17,11,4,Yes,Yes,51.5,90.9,High,5093,4588,86.5,78.7,78.3,yes,Mizoram
1402,7,20,10,5,Yes,N,74.9,93.6,Low,3529,2560,63.2,57.2,71.5,False,Punjab
1403,33,26,3,6,TRUE,1,75.1,64.5,Moderate,2704,2278,84.6,61.6,81.7,FALSE,Uttar Pradesh
1404,34,31,10,3,1,no,46.9,21.4,Low,1637,1369,81.9,69.5,76.9,No,Ladakh
1405,16,24,2,6,yes,Y,70.0,27.5,Low,3461,2942,78.6,53.9,85.6,False,Telangana
1406,6,15,11,5,1,YES,93.8,78.5,Low,3322,4003,86.2,38.6,83.4,FALSE,Manipur
1407,16,7,9,4,1,TRUE,78.2,,Low,4344,4142,90.4,76.5,36.2,NO,Gujarat
1408,18,31,7,6,True,True,34.9,18.9,Moderate,4704,4880,96.4,83.2,63.9,NO,Ladakh
1409,32,32,10,5,1,False,97.2,16.1,Low,1966,1898,97.1,57.3,60.4,No,Puducherry
1410,6,11,3,4,YES,No,68.9,5.4,Low,3564,4410,76.5,66.4,71.1,0,Karnataka
1411,24,12,1,5,Yes,yes,92.2,68.1,Low,4346,3556,81.5,58.8,79.4,NO,Kerala
1412,14,5,4,6,True,TRUE,61.1,57.2,Moderate,2424,1732,59.9,80.8,86.3,NO,Chhattisgarh
1413,5,19,1,2,Y,Yes,67.1,93.7,Low,1025,742,61.2,73.8,77.3,NO,Odisha
1414,16,8,9,2,Yes,True,56.9,15.8,Low,764,823,92.5,100.0,69.9,No,Haryana
1415,12,23,10,2,Yes,TRUE,83.0,21.3,Moderate,3237,2499,70.0,32.2,50.9,False,Tamil Nadu
1416,30,32,11,1,Yes,TRUE,57.5,62.1,High,5135,4976,98.7,100.0,46.5,No,Puducherry
1417,7,6,8,2,True,True,42.6,65.6,Low,5492,4212,74.2,57.3,63.9,NO,Goa
1418,19,20,9,5,True,Y,52.5,58.4,HIGH,2269,2619,90.8,94.7,42.3,No,Punjab
1419,24,5,6,4,1,Yes,77.9,75.2,Low,2962,2311,72.1,,60.6,No,Chhattisgarh
1420,30,4,12,2,Y,YES,88.7,88.7,Low,6300,4879,74.7,50.1,77.3,0,Bihar
1421,12,3,5,6,TRUE,TRUE,,64.8,Moderate,3375,2577,69.0,87.1,32.0,0,Assam
1422,1,13,5,1,YES,True,42.7,483.50257056715145,Moderate,207,184,90.0,59.6,92.6,NO,Madhya Pradesh
1423,11,8,7,3,True,1,80.4,69.0,Low,2614,2072,73.9,75.7,59.3,False,Haryana
1424,14,12,5,2,TRUE,TRUE,72.6,62.2,Moderate,4662,3390,60.0,60.3,93.4,False,Kerala
1425,23,12,12,2,TRUE,True,62.5,72.6,Low,1481,1617,92.9,63.1,100.0,No,Kerala
1426,11,6,4,5,yes,TRUE,67.0,93.5,Low,2519,1918,69.3,80.3,70.0,no,Goa
1427,11,14,3,1,Yes,FALSE,67.1,43.6,Low,6107,4830,77.2,82.4,51.4,False,Maharashtra
1428,6,26,8,4,Y,True,48.3,48.0,Low,3699,4652,82.7,58.6,61.7,False,Uttar Pradesh
1429,35,27,12,2,yes,Yes,61.6,,Moderate,3851,3564,89.7,70.7,69.5,no,Uttarakhand
1430,13,26,5,2,True,No,65.0,93.2,Low,186,174,92.0,82.0,73.5,NO,Uttar Pradesh
1431,11,3,10,6,True,yes,40.8,16.5,Low,1081,853,69.2,47.2,94.3,NO,Assam
1432,2,19,11,1,1,1,70.8,81.6,Moderate,3810,3068,71.7,54.8,62.1,no,Odisha
1433,5,4,11,3,Yes,1,63.7,29.9,Low,6396,4800,61.9,76.6,90.5,no,Bihar
1434,33,21,3,4,Y,Yes,61.1,67.5,Low,4676,3449,66.1,80.4,91.9,NO,Rajasthan
1435,32,17,7,6,Yes,1,48.7,23.2,Low,2502,2036,75.6,78.1,67.7,FALSE,Mizoram
1436,15,2,11,3,True,Yes,65.9,50.2,Low,113,85,63.7,69.5,89.1,no,Arunachal Pradesh
1437,33,15,6,2,Y,YES,79.8,55.4,High,4298,4091,99.4,89.7,68.9,Y,Manipur
1438,29,16,12,1,Yes,True,92.8,90.7,Low,3117,3059,99.5,69.3,90.2,FALSE,Meghalaya
1439,36,16,3,2,Yes,True,55.3,93.7,Low,1633,1810,90.2,77.3,71.8,NO,Meghalaya
1440,17,2,7,5,Yes,No,57.7,18.8,Moderate,4621,4661,97.5,75.2,46.1,0,Arunachal Pradesh
1441,3,24,1,3,Yes,Yes,50.2,64.8,Low,2648,2584,92.8,63.7,73.7,FALSE,telangana
1442,31,18,8,4,Yes,FALSE,83.1,39.2,Moderate,2769,2005,,73.7,59.7,N,Nagaland
1443,18,23,8,2,TRUE,TRUE,65.9,68.8,High,309,407,76.3,94.3,66.7,Yes,Tamil Nadu
1444,11,17,1,1,yes,TRUE,77.8,15.2,moderate,5051,4079,73.5,100.0,47.7,no,Mizoram
1445,35,6,4,1,1,Yes,72.7,79.5,Moderate,3126,2238,63.4,52.8,84.0,No,Goa
1446,7,18,6,6,Y,Y,,94.3,Low,6185,4890,68.8,87.8,55.5,N,Nagaland
1447,27,5,10,5,Y,FALSE,74.0,74.2,Low,2718,3722,70.4,83.3,78.1,No,Chhattisgarh
1448,7,31,1,4,Y,yes,74.5,57.8,Moderate,1336,1331,100.0,88.0,100.0,no,Ladakh
1449,5,31,8,2,TRUE,NO,59.1,93.3,Low,335,333,99.9,62.4,62.5,0,Ladakh
1450,1,17,12,5,True,NO,53.2,23.6,High,2527,2389,90.0,80.9,100.0,Y,Mizoram
1451,30,9,6,1,1,no,68.9,55.1,Moderate,4781,4820,,97.2,68.5,FALSE,Himachal Pradesh
1452,12,18,9,2,yes,TRUE,75.6,22.4,Low,1326,1286,98.3,100.0,30.2,0,Nagaland
1453,32,12,8,2,YES,FALSE,61.1,50.8,Moderate,932,822,83.6,70.3,68.8,FALSE,Kerala
1454,22,31,11,3,Yes,True,86.4,88.1,Low,4212,4356,96.4,85.0,68.2,0,Ladakh
1455,16,26,11,5,yes,True,100.0,46.7,Moderate,41,47,86.7,96.5,26.7,N,Uttar Pradesh
1456,19,19,5,5,1,YES,84.7,15.0,Low,883,675,67.4,67.5,80.9,no,Odisha
1457,26,23,3,5,TRUE,0,51.3,27.7,Moderate,511,598,82.5,55.7,86.9,N,Tamil Nadu
1458,30,26,3,2,yes,False,72.0,39.3,Low,383,491,76.9,73.2,55.5,NO,Uttar Pradesh
1459,16,20,1,1,True,No,54.9,79.7,Moderate,2178,2379,91.1,57.8,45.0,N,Punjab
1460,28,13,4,3,TRUE,YES,52.4,84.6,Low,3676,3960,88.7,80.8,42.4,No,Madhya Pradesh
1461,24,26,12,2,True,Y,82.1,69.8,High,4079,3269,76.6,92.4,41.0,NO,Uttar Pradesh
1462,26,11,9,2,YES,yes,25.8,51.5,Low,2032,1630,78.1,81.0,57.8,N,Karnataka
1463,3,19,5,6,Yes,TRUE,100.0,25.1,Low,1385,1953,66.5,93.6,69.3,FALSE,Odisha
1464,20,14,5,1,Y,no,80.2,12.8,High,399,369,90.9,73.8,53.8,yes,Maharashtra
1465,17,19,10,2,True,True,,12.9, Moderate ,1377,1884,73.5,45.2,55.8,No,Odisha
1466,36,20,3,4,YES,0,56.0,69.6,MODERATE,3116,2454,,66.9,76.2,No,Punjab
1467,24,5,3,4,yes,True,74.0,61.0,Low,6736,4846,,,69.9,N,Chhattisgarh
1468,12,17,11,5,1,Y,70.0,20.2,Low,430,431,95.7,72.2,52.0,NO,Mizoram
1469,17,29,12,5,1,1,37.9,95.0,Low,2290,1855,75.7,60.7,82.2,N,Delhi (NCT)
1470,24,8,6,4,yes,True,61.3,38.3,Low,4275,4512,97.9,96.1,73.9,No,Haryana
1471,17,24,11,3,Y,1,48.3,38.8,Moderate,3299,2644,75.1,65.5,65.4,NO,Telangana
1472,16,4,6,5,YES,no,88.6,75.3,Moderate,2172,2663,81.9,57.7,63.8,no,Bihar
1473,13,5,1,3,Y,no,73.7,37.5,Low,2369,1960,78.6,57.3,54.6,NO,Chhattisgarh
1474,31,25,3,6,Yes,yes,61.1,8.9,Moderate,3380,4527,79.3,,52.9,FALSE,Tripura
1475,27,1,7,4,Yes,TRUE,77.7,80.4,Moderate,551,515,93.6,50.5,83.7,No,Andhra Pradesh
1476,25,27,4,2,True,False,55.2,74.1,High,3455,2480,57.6,63.5,65.9,False,Uttarakhand
1477,5,32,10,4,yes,No,60.7,4.3,Moderate,5164,4815,95.6,65.0,55.0,N,Puducherry
1478,5,18,8,1,Yes,YES,73.8,78.1,Moderate,2760,2098,72.2,67.7,89.3,no,Nagaland
1479,1,9,12,1,Yes,no,66.7,37.4,Low,3407,4863,73.1,84.6,34.3,False, Himachal Pradesh  
1480,4,12,8,4,True,True,60.8,6.2,High,575,501,88.1,50.8,64.9,0,Kerala
1481,15,9,2,4,Yes,no,65.4,13.0,Low,3902,3104,70.5,65.4,64.5,FALSE,Himachal Pradesh
1482,36,19,3,4,1,1,97.0,29.9, High ,2625,2120,73.8,43.1,67.9,False,Odisha
1483,29,17,3,1,yes,Yes,49.2,2.5,low,3578,4020,93.7,49.1,80.5,no,Mizoram
1484,18,9,5,2,True,Y,54.2,18.7,Moderate,2800,3484,84.2,43.4,37.2,NO,Himachal Pradesh
1485,16,28,2,3,YES,0,51.1,21.6,Low,1332,1352,100.0,73.1,49.9,FALSE,West Bengal
1486,21,18,8,6,Y,NO,57.9,,Moderate,59,78,78.7,83.4,100.0,False,Nagaland
1487,32,11,10,4,Y,1,68.3,44.7,Low,4148,3591,81.3,53.7,61.2,N,Karnataka
1488,35,14,7,3,TRUE,TRUE,83.6,84.3,low,183,258,70.4,29.6,67.6,No,Maharashtra
1489,3,24,10,6,1,Yes,83.9,64.2,Low,911,1289,69.1,67.4,73.8,no,Telangana
1490,1,18,4,4,TRUE,Yes,79.3,8.0,High,4318,3706,80.8,77.5,61.7,True,Nagaland
1491,9,23,9,4,Y,TRUE,78.3,51.8,Moderate,1649,1450,85.3,88.4,72.1,No,Tamil Nadu
1492,27,14,6,4,Yes,Y,59.0,33.2,Low,5728,4915,87.5,43.6,27.5,no,Maharashtra
1493,6,11,2,2,Y,YES,20.7,61.2,Moderate,69,50,66.9,68.2,79.9,FALSE,Karnataka
1494,9,25,5,1,1,No,82.6,17.7,Low,2538,2261,86.4,,47.8,False,Tripura
1495,9,18,6,3,True,1,91.6,90.1,Low,2750,2332,,93.6,59.5,FALSE,Nagaland
1496,15,21,7,3,TRUE,YES,63.9,2.2,Low,3898,3353,,61.4,48.8,N,Rajasthan
1497,30,22,1,4,TRUE,no,85.3,30.3,Moderate,2335,2917,80.4,66.5,81.1,False,Sikkim
1498,21,30,4,6,True,TRUE,45.1,11.8,High,1808,1973,93.6,51.5,56.3,yes,Jammu and Kashmir
1499,10,22,2,6,1,True,44.7,51.2,High,2340,2800,,83.9,37.6,no,Sikkim
1500,27,30,10,6,Y,False,93.6,29.1,Low,1863,2073,87.9,76.3,52.6,no,Jammu and Kashmir
1501,11,11,8,2,1,yes,57.1,47.3,Moderate,3044,3532,87.0,49.1,96.2,0,Karnataka
1502,28,21,3,4,yes,TRUE,87.3,6.0, Moderate ,737,562,69.1,78.8,53.2,False,Rajasthan
1503,4,10,1,3,yes,No,,64.8,Moderate,972,1230,74.8,76.4,54.5,N,Jharkhand
1504,1,4,9,5,TRUE,Yes,71.6,95.3,Low,4595,3652,75.5,65.2,76.3,NO,Bihar
1505,19,10,7,3,YES,True,32.6,5.6,Low,2345,2376,100.0,72.8,53.1,FALSE,jharkhand
1506,35,22,2,5,True,N,,76.0,Low,3721,3466,93.7,38.0,44.5,N,Sikkim
1507,16,22,3,3,YES,TRUE,44.2,,Low,405,504,78.6,69.6,54.8,N,Sikkim
1508,11,2,5,1,Y,True,18.0,17.8,Low,3543,2997,84.2,63.7,86.1,NO,Arunachal Pradesh
1509,14,17,7,4,1,Y,89.6,94.4,Moderate,1522,1836,,69.6,61.5,NO,Mizoram
1510,29,10,9,3,1,True,86.3,87.4,Low,2374,2500,99.0,58.2,50.9,NO,Jharkhand
1511,14,3,5,1,True,True,24.1,23.1,High,294,234,76.6,61.3,100.0,Y,Assam
1512,4,16,4,6,YES,No,73.3,59.9,Moderate,372,275,69.0,94.4,90.1,0,Meghalaya
1513,24,19,5,2,Y,TRUE,78.9,86.8,Moderate,655,509,66.6,49.2,85.3,False,Odisha
1514,28,4,11,5,YES,Yes,70.1,21.9,Low,3321,3501,91.0,70.4,78.3,NO,Bihar
1515,31,4,12,2,Y,Y,50.4,38.1,High,2020,1684,78.5,85.9,43.3,TRUE,Bihar
1516,27,32,8,4,yes,False,59.3,11.2,Low,2953,3443,90.7,,43.2,N,Puducherry
1517,25,20,6,1,YES,yes,38.4,6.8,Low,810,675,82.4,72.2,41.4,0,Punjab
1518,8,22,12,6,TRUE,Yes,,17.7,Low,4488,3389,63.5,64.2,86.7,No,Sikkim
1519,4,9,7,3,YES,YES,90.3,4.1,Moderate,1289,1765,69.6,79.6,57.3,False,himachal pradesh
1520,4,9,4,1,YES,yes,29.1,95.3,Low,654,658,100.0,73.9,79.2,FALSE,Himachal Pradesh
1521,5,20,11,1,Y,Yes,53.1,91.0,Low,2951,3099,98.2,53.5,89.8,NO,Punjab
1522,25,17,1,4,Yes,Y,58.3,38.6,Moderate,508,539,97.5,63.7,60.4,N,MIZORAM
1523,19,7,6,3,yes,True,86.6,,Low,3637,2614,,73.3,82.6,0,Gujarat
1524,31,28,3,3,1,YES,68.7,49.7,High,1739,1876,88.3,100.0,59.4,FALSE,West Bengal
1525,17,9,8,5,Y,YES,48.9,20.7,Moderate,3513,3215,94.1,77.6,30.6,No,Himachal Pradesh
1526,12,19,1,4,YES,yes,68.7,39.2,Low,2621,3332,79.9,75.8,19.7,NO,Odisha
1527,3,11,4,3,1,0,33.2,10.5,Moderate,1859,2360,81.5,55.1,98.2,NO,Karnataka
1528,30,30,2,5,yes,1,88.9,74.0,Moderate,6669,4809,,69.3,75.1,False,Jammu and Kashmir
1529,36,6,10,5,yes,True,83.1,63.8,Moderate,2513,3130,76.8,63.9,66.0,0,Goa
1530,23,6,7,5,Yes,TRUE,59.4,43.1,Low,1608,1230,70.5,68.9,92.7,FALSE,Goa
1531,18,21,7,3,Y,yes,72.5,7.1,Low,1905,1426,63.3,67.5,30.1,False,Rajasthan
1532,21,10,4,3,Yes,no,,62.9,Low,3616,2741,71.7,82.2,69.5,NO,Jharkhand
1533,20,10,12,3,yes,yes,20.5,47.3,Low,992,734,,86.3,91.2,N,Jharkhand
1534,1,5,9,5,TRUE,yes,,42.6,Moderate,5264,4277,,100.0,78.5,False,Chhattisgarh
1535,3,8,11,1,TRUE,1,90.8,5.4,Low,2573,3555,73.2,84.0,16.4,FALSE,Haryana
1536,15,28,8,3,Yes,TRUE,60.6,16.1,Moderate,1873,2466,72.4,76.7,76.4,NO,West Bengal
1537,33,2,1,1,Y,N,73.1,44.0,Low,5103,4661,,86.0,85.3,FALSE,Arunachal Pradesh
1538,3,32,4,2,Yes,Y,85.0,8.7,High,1719,1319,74.4,88.8,69.5,Yes,Puducherry
1539,15,20,1,2,True,FALSE,71.9,76.8,Moderate,3426,4483,76.3,94.3,57.3,FALSE,Punjab
1540,6,25,5,2,Y,yes,65.7,16.3,Low,2221,3041,71.8,82.9,85.1,no,Tripura
1541,12,13,3,4,TRUE,0,100.0,18.4,moderate,1463,1567,88.8,63.1,60.9,no,Madhya Pradesh
1542,6,23,11,5,Yes,yes,56.4,13.5, High ,3177,3451,96.1,59.5,73.2,yes,Tamil Nadu
1543,30,8,12,6,Y,Yes,57.6,51.8,Moderate,989,1331,78.9,77.5,81.8,False,Haryana
1544,27,27,9,5,YES,N,43.4,31.6,High,5323,4547,81.6,79.6,45.8,FALSE,Uttarakhand
1545,16,25,5,5,yes,yes,47.1,45.0,Low,406,307,64.1,62.2,62.8,No,Tripura
1546,27,8,2,4,YES,YES,76.2,8.8,Moderate,2832,2483,85.8,77.6,65.9,NO,Haryana
1547,17,24,2,5,Y,Yes,33.6,75.6,Low,968,721,66.0,83.4,45.2,0,Telangana
1548,9,6,3,5,Y,True,62.8,75.2,low,4318,4636,96.7,84.4,90.1,FALSE,Goa
1549,20,25,10,4,1,True,21.6,35.6,Low,1043,1039,99.0,75.5,65.8,False,Tripura
1550,33,27,12,2,Yes,yes,56.9,5.7,Moderate,3700,3381,95.3,96.2,73.9,NO,Uttarakhand
1551,32,4,5,2,YES,False,60.9,34.3,Low,2797,3397,79.8,81.7,68.6,no,Bihar
1552,6,28,5,1,YES,Y,95.0,61.3,Low,32,45,75.5,74.1,57.3,no,West Bengal
1553,26,1,2,1,True,1,51.8,63.3,Low,3045,3135,98.6,65.8,64.3,No,Andhra Pradesh
1554,33,28,4,1,True,1,47.5,84.5,Moderate,4899,4207,85.4,68.3,78.7,no,West Bengal
1555,23,15,7,2,YES,Yes,77.7,63.3,Moderate,5178,3748,63.4,72.6,67.4,N,Manipur
1556,13,23,7,3,Y,Y,67.9,26.1,Moderate,900,861,90.5,79.3,76.9,no,Tamil Nadu
1557,26,19,3,1,Yes,False,76.6,5.3,Moderate,5985,4727,70.9,57.9,50.3,no,Odisha
1558,1,3,4,2,Yes,NO,,33.5,Low,4208,4287,99.9,68.0,50.7,False,Assam
1559,9,20,9,6,Y,YES,48.8,89.2,Low,2472,2106,80.3,79.4,45.2,FALSE,Punjab
1560,21,9,11,4,Yes,No,82.2,71.5,Moderate,1607,2041,83.5,61.6,90.9,0,Himachal Pradesh
1561,33,10,1,5,Yes,FALSE,52.7,61.0,Moderate,2263,2058,88.6,83.6,40.8,False,Jharkhand
1562,28,22,9,2,TRUE,Yes,64.6,93.9,Low,2912,2148,65.7,77.5,65.2,0,Sikkim
1563,22,13,11,1,TRUE,NO,87.7,56.5,High,1090,1479,77.5,,60.6,0,Madhya Pradesh
1564,6,30,8,2,TRUE,N,76.3,77.3,Low,642,466,67.0,64.0,35.1,N,Jammu and Kashmir
1565,25,26,4,5,yes,Y,12.3,56.6,Moderate,2151,2317,89.0,42.3,84.3,NO,Uttar Pradesh
1566,33,5,11,3,1,1,81.8,52.7,Low,1993,1871,93.0,53.1,97.8,no,Chhattisgarh
1567,22,1,4,5,Yes,TRUE,57.9,12.5,Moderate,6606,4914,60.7,69.6,71.8,NO,Andhra Pradesh
1568,18,2,4,6,TRUE,YES,76.2,69.8,Low,3849,3295,81.6,77.8,58.8,FALSE,Arunachal Pradesh
1569,7,13,3,2,True,FALSE,74.5,6.6,Moderate,2557,2263,82.0,48.7,74.2,N,Madhya Pradesh
1570,22,27,8,3,Yes,False,43.2,34.2,Moderate,4145,3089,63.4,57.9,80.0,False,Uttarakhand
1571,16,4,6,1,Y,True,59.9,83.3,Low,2305,2840,83.7,69.6,47.4,No,Bihar
1572,9,26,6,5,yes,True,62.6,34.5,Moderate,979,915,97.5,38.2,95.1,0,Uttar Pradesh
1573,5,23,3,5,YES,0,78.0,40.9,Moderate,815,724,89.4,75.0,87.9,0,Tamil Nadu
1574,11,1,12,5,Y,Y,79.7,4.5,Low,3256,4289,77.3,74.8,56.8,N,Andhra Pradesh
1575,27,18,10,1,Y,True,33.9,43.2,Low,24,25,92.7,78.4,63.2,no,Nagaland
1576,29,27,6,2,TRUE,True,64.0,12.8,High,1965,2080,90.4,67.9,41.6,True,Uttarakhand
1577,25,7,10,6,1,TRUE,37.6,38.3,Moderate,779,823,90.8,76.4,49.9,False,Gujarat
1578,2,9,10,3,YES,TRUE,75.7,83.1,High,1075,953,90.3,50.8,100.0,True,Himachal Pradesh
1579,17,21,8,4,True,Y,57.9,88.5,Moderate,978,1361,72.9,74.9,57.3,No,Rajasthan
1580,16,28,6,6,Yes,TRUE,48.8,56.6,Low,2626,2485,93.3,69.6,32.8,0,West Bengal
1581,6,24,10,4,1,YES,43.1,48.9,Low,2274,1968,82.8,65.0,72.6,NO,Telangana
1582,14,24,10,1,Yes,0,35.2,94.8,Low,1135,1543,69.6,74.5,88.9,False,Telangana
1583,19,6,3,4,Yes,1,41.9,80.8,Low,736,708,97.9,86.3,92.4,False,Goa
1584,21,15,7,5,Yes,Y,40.7,92.1,Moderate,251,214,78.1,39.8,99.1,NO,Manipur
1585,1,9,1,6,YES,0,58.2,,High,4295,3361,72.9,97.7,64.8,0,Himachal Pradesh
1586,7,5,3,4,True,Y,59.0,37.3,High,3112,4145,76.9,81.3,79.2,N,Chhattisgarh
1587,15,29,3,4,YES,no,55.5,67.2,Low,2164,1731,70.1,61.4,62.9,False,Delhi (NCT)
1588,17,15,7,4,TRUE,Yes,79.3,,LOW,3674,3227,83.9,,71.1,0,Manipur
1589,1,23,7,3,True,True,84.1,90.8,low,6316,4682,65.4,76.7,64.3,False,Tamil Nadu
1590,13,27,8,4,True,Y,21.5,10.7,Low,2777,2992,94.9,55.2,69.0,NO,Uttarakhand
1591,16,5,7,5,TRUE,yes,85.9,57.9,Moderate,4025,4354,95.6,55.3,71.2,no,CHHATTISGARH
1592,28,32,12,1,True,no,74.3,49.8,Moderate,986,1360,72.6,87.6,48.2,0,Puducherry
1593,33,28,9,3,YES,Yes,67.7,38.2,Moderate,3345,2864,79.4,80.1,50.4,NO,West Bengal
1594,12,28,7,4,True,1,41.4,21.6,Low,25,20,78.0,75.8,82.1,No,West Bengal
1595,3,21,9,1,True,yes,59.3,70.8,Low,3689,4109,87.7,59.2,73.3,N,Rajasthan
1596,8,21,10,1,Yes,No,59.1,30.7,Moderate,108,86,70.6,64.4,73.4,No,Rajasthan
1597,4,3,8,3,yes,Y,64.1,35.9,Moderate,5374,4264,76.3,75.1,69.0,N,Assam
1598,15,20,12,4,True,1,70.8,,Low,2513,2123,85.8,63.7,100.0,NO,Punjab
1599,3,18,2,3,1,Y,14.3,86.2,MODERATE,3073,3559,87.6,68.7,53.0,N,Nagaland
1600,5,15,3,2,TRUE,1,86.4,37.9, High ,3179,2613,76.9,63.2,63.4,TRUE,Manipur
1601,17,12,6,5,TRUE,Yes,45.8,74.7,Low,5049,4646,87.1,51.1,55.0,NO,Kerala
1602,23,20,12,6,1,yes,74.7,14.9,Low,104,148,67.5,54.1,84.7,No,Punjab
1603,12,21,10,5,Yes,TRUE,75.5,53.8,Moderate,1888,2110,,58.6,100.0,FALSE,Rajasthan
1604,15,9,4,6,Y,Y,38.3,67.9,Moderate,4448,4541,100.0,74.4,69.9,N,Himachal Pradesh
1605,28,3,11,6,1,1,100.0,90.3,Low,5319,3905,66.1,71.8,71.4,no,Assam
1606,5,13,5,5,True,Y,50.1,60.4,Low,1221,1127,88.9,42.4,29.4,0,Madhya Pradesh
1607,14,30,5,2,Yes,1,74.7,43.6,Moderate,4369,3244,,54.0,44.6,No,Jammu and Kashmir
1608,33,13,7,5,TRUE,YES,66.2,2.7,Moderate,5127,4245,76.0,46.2,88.3,FALSE,Madhya Pradesh
1609,29,1,3,5,YES,Yes,53.8,38.9,Low,4629,3321,64.0,63.6,32.8,N,Andhra Pradesh
1610,8,23,5,1,YES,YES,48.4,86.4,Moderate,6086,4571,,,69.3,False,Tamil Nadu
1611,7,5,8,4,True,Y,53.7,17.8,Low,5529,4878,87.3,65.7,100.0,N,Chhattisgarh
1612,29,32,2,6,1,1,68.2,59.1,High,3078,2879,90.3,51.9,40.6,0,Puducherry
1613,9,3,4,4,yes,True,76.5,46.8,Low,394,287,59.6,44.6,73.6,N,Assam
1614,18,3,6,2,YES,TRUE,100.0,91.0,Moderate,2834,2034,59.0,58.0,59.1,False,Assam
1615,1,14,7,5,Y,Yes,69.6,37.6,Low,518,471,89.9,63.3,44.1,0,Maharashtra
1616,11,18,10,3,True,Y,27.4,64.8,High,2028,1847,90.4,97.9,100.0,Yes,Nagaland
1617,13,26,5,3,TRUE,yes,75.4,28.3,Low,2666,2298,80.7,79.7,67.6,No,Uttar Pradesh
1618,20,21,4,3,Y,TRUE,,72.5,moderate,5779,4566,70.3,66.3,61.3,no,Rajasthan
1619,20,10,6,5,1,Yes,68.3,10.8,Low,2589,2230,85.0,76.4,92.2,FALSE,Jharkhand
1620,8,24,2,1,yes,FALSE,97.4,53.7,Low,1240,1513,80.6,33.4,79.1,N,TELANGANA
1621,31,16,4,3,Y,Y,75.6,73.6,Low,2276,2554,86.1,88.7,81.4,no,Meghalaya
1622,27,32,1,4,True,True,76.5,93.0,Low,660,852,75.8,73.2,79.4,False,Puducherry
1623,35,1,10,2,Yes,True,42.9,41.4,Moderate,5856,4414,64.5,66.7,75.9,0,Andhra Pradesh
1624,15,17,7,4,yes,1,69.6,48.9,Low,2023,1581,72.1,71.9,65.3,N,Mizoram
1625,4,16,11,3,Y,YES,61.6,36.0,Moderate,1210,1710,68.2,99.9,60.1,FALSE,Meghalaya
1626,16,14,9,5,yes,YES,54.9,6.0,Low,264,373,74.5,81.5,58.9,no,Maharashtra
1627,21,29,1,3,TRUE,Y,30.9,19.5,Low,274,372,77.8,65.6,70.4,False,Delhi (NCT)
1628,34,9,7,6,YES,True,25.0,,Moderate,4357,4300,100.0,88.9,45.7,NO,Himachal Pradesh
1629,18,10,8,5,TRUE,TRUE,50.5,91.2,Low,3440,3308,96.0,84.7,63.1,N,Jharkhand
1630,11,25,10,4,TRUE,False,91.6,56.9,High,1416,1299,93.3,88.8,48.3,YES,Tripura
1631,14,31,1,6,yes,Y,39.6,32.0,Moderate,4707,4054,86.0,39.9,60.5,0,Ladakh
1632,29,12,7,2,Yes,True,,7.5,Moderate,3391,2725,75.1,,80.2,0,Kerala
1633,10,12,12,6,YES,TRUE,57.8,34.5,Low,5141,4109,71.2,60.0,77.5,NO,Kerala
1634,9,1,7,5,yes,True,69.4,60.7,Low,1842,1851,96.3,80.6,79.2,FALSE,Andhra Pradesh
1635,7,24,5,5,1,YES,94.2,46.3,Low,2962,3264,94.2,,98.4,no,Telangana
1636,35,16,2,2,yes,Y,91.0,11.7,Low,4030,3769,91.0,82.3,65.3,NO,Meghalaya
1637,2,13,3,2,yes,TRUE,54.1,44.5,Low,2341,2606,89.0,74.0,67.9,no,Madhya Pradesh
1638,1,20,8,4,yes,Y,37.0,43.7,Moderate,6683,4811,57.9,85.1,68.7,No,Punjab
1639,28,28,11,6,True,yes,52.2,21.7,Low,702,576,77.2,39.4,65.5,No,West Bengal
1640,34,27,3,5,yes,N,56.3,54.9,Low,2108,1555,68.0,84.9,55.1,no,Uttarakhand
1641,14,20,8,5,True,True,,,Moderate,5052,4012,77.3,100.0,61.2,0,Punjab
1642,12,14,1,2,1,1,50.3,90.5,High,2612,2048,71.1,43.8,44.3,True,Maharashtra
1643,19,26,8,4,YES,No,42.6,80.5,Moderate,5202,4125,78.2,63.7,76.8,N,Uttar Pradesh
1644,13,16,1,1,Yes,N,74.5,,Low,1929,1455,64.4,83.5,28.7,NO,Meghalaya
1645,26,10,9,2,TRUE,N,55.7,11.0,Low,1740,1394,70.9,43.1,81.0,no,Jharkhand
1646,4,19,11,6,Yes,Y,77.6,3.3,Moderate,3891,3325,81.3,72.1,54.5,False,Odisha
1647,16,17,11,2,Yes,No,,85.3,High,4380,4950,88.9,59.6,52.4,FALSE,Mizoram
1648,7,25,7,2,True,YES,50.7,40.3,Low,3332,4756,67.7,72.5,87.4,0,Tripura
1649,18,24,6,1,1,TRUE,62.3,18.9,Low,3186,3741,,79.8,58.7,no,Telangana
1650,30,25,3,1,True,True,69.5,65.9,Moderate,5175,4054,69.8,48.8,48.8,No,Tripura
1651,1,20,9,6,True,Y,51.8,60.1,Low,3913,3216,,81.3,72.5,FALSE,Punjab
1652,3,4,3,5,Yes,FALSE,53.4,37.4,High,1749,1397,70.8,93.2,94.9,Yes,Bihar
1653,29,17,10,6,1,Yes,74.2,91.2, Low ,4994,4815,94.7,84.8,42.4,False,Mizoram
1654,25,9,5,6,Y,1,70.7,93.6,High,1670,1476,82.5,76.5,76.1,1,Himachal Pradesh
1655,19,21,8,2,Yes,N,71.2,72.6,Low,869,744,83.6,49.2,63.6,no,Rajasthan
1656,4,12,11,5,YES,yes,47.1,66.8,High,141,106,71.7,87.8,26.1,no,Kerala
1657,17,1,8,1,TRUE,Y,62.7,64.6,Low,2827,2734,99.4,60.4,83.2,False,Andhra Pradesh
1658,11,24,1,1,yes,TRUE,91.6,5.3,Moderate,5308,4141,73.8,73.7,56.6,FALSE,TELANGANA
1659,2,28,7,3,YES,YES,36.3,30.0,Low,1465,2015,69.9,48.1,63.9,FALSE,West Bengal
1660,13,8,8,5,True,no,27.4,67.3,Low,4246,3333,77.4,69.8,62.0,no,Haryana
1661,17,5,3,5,TRUE,YES,57.7,81.4,Moderate,4677,4775,100.0,84.3,53.0,no,Chhattisgarh
1662,12,11,1,6,1,No,59.7,60.5,Low,1910,1470,66.2,95.4,68.7,no,Karnataka
1663,12,4,9,1,True,Y,38.9,77.1,High,415,399,100.0,75.9,73.5,True,Bihar
1664,26,1,2,5,Y,NO,69.9,47.0,Low,3798,3175,77.0,54.0,63.7,no,Andhra Pradesh
1665,3,21,1,6,YES,yes,65.3,5.1,Low,4775,4326,88.7,60.5,92.4,FALSE,Rajasthan
1666,5,15,10,6,True,YES,84.6,86.3,LOW,3946,3436,89.2,84.1,72.1,no,Manipur
1667,3,11,8,2,True,YES,78.7,45.3,Low,2410,3168,76.1,92.0,55.9,0,Karnataka
1668,15,19,5,6,True,YES,58.8,78.8,High,3727,3652,98.3,94.9,74.1,N,Odisha
1669,26,23,5,3,YES,True,58.6,50.3,Moderate,4143,4858,87.1,69.4,75.8,FALSE,Tamil Nadu
1670,36,23,12,1,1,Y,55.2,31.0,Low,3564,4389,76.9,44.9,78.4,FALSE,Tamil Nadu
1671,17,7,5,2,1,TRUE,100.0,42.3,Moderate,3781,4830,73.7,49.2,88.6,No,Gujarat
1672,33,21,1,3,TRUE,1,66.8,19.3,Low,429,379,87.9,76.6,74.3,False,Rajasthan
1673,32,7,6,1,1,YES,34.0,53.4,Moderate,945,689,66.3,71.9,64.7,NO,Gujarat
1674,30,32,3,4,yes,yes,40.7,76.4,Moderate,3190,2472,66.8,88.0,98.5,no,Puducherry
1675,31,15,10,1,Y,yes,46.6,42.7,Low,6206,4907,69.5,61.7,77.6,False,Manipur
1676,1,2,4,5,TRUE,0,53.5,54.2,LOW,2432,2138,87.6,58.4,62.5,FALSE,Arunachal Pradesh
1677,18,26,6,2,Y,yes,67.7,16.4,Low,5053,4349,88.6,77.4,66.2,False,Uttar Pradesh
1678,18,25,7,2,YES,Y,71.5,72.0,Low,3548,4338,83.0,78.1,80.6,N,Tripura
1679,4,19,8,5,Yes,1,64.0,64.3,Low,470,564,83.8,82.7,56.7,No,Odisha
1680,13,28,9,2,yes,True,95.2,20.9,Moderate,4314,3525,77.6,44.8,58.3,False,West Bengal
1681,9,19,1,3,Yes,Y,82.8,84.9,Moderate,2051,2043,100.0,54.4,41.3,No,Odisha
1682,9,26,10,4,yes,NO,,47.6,Low,1078,1252,88.0,44.2,66.0,FALSE,Uttar Pradesh
1683,28,27,9,1,YES,TRUE,68.3,28.0,Moderate,3105,2230,56.8,67.3,74.3,FALSE,Uttarakhand
1684,7,28,4,4,yes,YES,50.5,40.9,Moderate,1599,1998,78.5,78.4,89.1,no,West Bengal
1685,36,5,4,3,YES,1,50.1,20.0,Low,6135,4419,59.3,94.1,92.6,False,Chhattisgarh
1686,33,15,10,5,True,yes,71.0,92.0,Low,2290,1900,77.1,78.7,62.8,NO,Manipur
1687,24,9,12,1,1,TRUE,45.5,71.8,Moderate,2642,3770,69.6,47.2,74.4,0,Himachal Pradesh
1688,23,13,3,4,YES,yes,34.7,17.8,Moderate,2235,1906,,85.1,63.0,FALSE,Madhya Pradesh
1689,2,6,2,4,True,TRUE,71.8,68.1,Moderate,3005,3854,,77.8,67.9,no,Goa
1690,30,22,5,6,Y,False,52.9,69.4,Low,1162,1011,83.3,85.0,73.9,N,Sikkim
1691,3,18,10,4,Y,0,53.2,67.0,Low,248,252,98.3,84.5,80.4,No,Nagaland
1692,20,24,7,4,Y,NO,,27.5,Low,2945,2335,73.6,65.9,68.2,0,Telangana
1693,25,7,1,3,Yes,yes,29.2,8.4,Moderate,1541,1347,86.4,80.6,68.3,N,Gujarat
1694,14,26,9,1,Yes,0,48.9,31.5,Moderate,555,435,76.6,62.0,48.1,False,Uttar Pradesh
1695,2,19,2,3,Y,0,53.6,30.1,Low,3191,2519,71.2,83.2,58.7,FALSE,Odisha
1696,18,14,1,2,True,Yes,43.1,70.9,Moderate,3389,2454,60.6,51.1,72.1,FALSE,Maharashtra
1697,33,30,11,6,Y,1,68.0,56.5,Low,5607,4445,69.6,79.4,100.0,0,Jammu and Kashmir
1698,7,25,6,4,YES,yes,100.0,61.5, Low ,1987,2728,71.9,67.3,45.6,False,Tripura
1699,5,8,1,5,TRUE,Y,90.9,36.6,High,3232,2744,77.8,53.7,82.6,Y,Haryana
1700,8,10,7,2,1,True,,16.8,Low,6035,4670,72.6,87.2,55.3,No,Jharkhand
1701,36,10,10,4,True,0,46.6,85.6,Low,1805,1696,93.7,73.1,74.7,0,Jharkhand
1702,35,24,11,6,1,Yes,86.7,31.5,Moderate,5445,4058,65.0,,78.0,0,Telangana
1703,26,2,11,6,yes,TRUE,92.1,30.9,Low,3657,3647,97.6,100.0,69.7,0,Arunachal Pradesh
1704,22,24,4,6,True,yes,32.7,41.4,Low,5562,4230,72.9,66.6,91.7,NO,Telangana
1705,30,27,4,5,Y,Y,100.0,,Low,3028,3930,77.3,73.6,59.4,No,Uttarakhand
1706,32,8,7,3,1,FALSE,48.5,6.7,Moderate,3185,3760,81.6,65.6,85.7,False,Haryana
1707,7,18,12,6,TRUE,yes,86.5,71.5,Low,4850,4304,86.7,52.4,66.1,No,Nagaland
1708,29,24,7,1,Yes,TRUE,70.4,62.6,Low,5395,4887,91.1,55.8,62.7,N,Telangana
1709,20,3,8,2,1,N,100.0,15.5,Moderate,808,746,92.1,76.2,87.3,0,Assam
1710,11,12,12,3,TRUE,True,70.2,53.0,Moderate,1408,1332,96.2,62.0,71.1,no,Kerala
1711,10,30,4,5,TRUE,N,60.2,75.2,Low,1450,1537,98.2,84.4,84.2,0,Jammu and Kashmir
1712,10,24,2,5,Y,FALSE,55.2,36.3,Moderate,4472,3264,60.1,82.7,69.5,NO,Telangana
1713,27,27,11,3,Y,FALSE,83.4,35.4,Low,6608,4775,,46.4,55.5,no,Uttarakhand
1714,33,30,9,2,TRUE,N,48.2,82.2,High,1271,1392,91.6,61.1,75.8,No,Jammu and Kashmir
1715,4,21,4,2,yes,FALSE,56.1,58.2,Moderate,617,449,57.7,63.3,48.8,FALSE,Rajasthan
1716,4,28,12,5,yes,NO,27.3,88.0,Low,284,216,72.8,59.0,54.7,FALSE, West Bengal  
1717,26,1,11,2,TRUE,Yes,38.1,48.0,Low,3230,2858,90.6,94.5,85.5,no,Andhra Pradesh
1718,4,11,6,1,yes,Yes,76.9,78.3,Moderate,1469,1372,93.9,45.8,82.1,NO,Karnataka
1719,7,27,11,3,YES,Y,48.9,30.6,Low,650,799,84.7,73.8,50.5,False,Uttarakhand
1720,1,29,2,6,TRUE,FALSE,54.5,34.5,High,5492,4959,88.5,69.5,99.1,Y,Delhi (NCT)
1721,7,29,7,3,YES,TRUE,42.7,50.7,High,3511,4489,79.0,78.4,53.1,Y,Delhi (NCT)
1722,11,2,12,6,Yes,Y,64.8,24.4,Moderate,1742,2417,69.8,85.8,85.1,FALSE,Arunachal Pradesh
1723,27,30,7,4,Yes,YES,84.7,70.5,High,1129,1370,80.0,63.8,55.0,FALSE,jammu and kashmir
1724,23,20,4,2,1,No,,59.3,Low,4589,4601,98.2,78.1,63.8,no,Punjab
1725,33,20,7,3,Y,Yes,44.5,80.5,Low,369,348,95.2,64.2,75.7,False,Punjab
1726,19,25,8,6,Yes,FALSE,63.0,56.3,Moderate,3826,4640,85.3,85.0,94.4,NO,Tripura
1727,28,2,7,6,True,TRUE,85.1,39.6,Low,2243,3052,77.1,60.9,66.0,no,Arunachal Pradesh
1728,3,12,7,1,TRUE,0,43.9,92.5,Low,2665,1955,61.1,65.4,70.3,False,Kerala
1729,31,15,2,6,Yes,False,56.4,56.4,Low,2968,2124,62.7,78.3,86.2,False,Manipur
1730,28,25,8,1,yes,YES,62.7,8.5,High,5318,4525,80.0,57.3,43.9,TRUE,Tripura
1731,12,18,3,6,True,Y,76.3,58.7,Moderate,2523,3181,76.9,74.2,79.4,0,Nagaland
1732,18,15,6,5,TRUE,Y,22.8,77.5,Low,626,844,76.1,67.7,46.4,No,Manipur
1733,30,1,6,5,Yes,yes,57.0,81.5,Low,1897,1379,58.6,70.7,56.4,N,Andhra Pradesh
1734,15,12,2,4,True,1,90.1,62.2,Moderate,3871,2863,65.3,,60.6,False,Kerala
1735,36,25,5,2,Y,Yes,54.2,44.1,Moderate,2187,2215,93.9,73.7,77.9,no,Tripura
1736,8,2,8,6,yes,Y,100.0,65.9,Moderate,3777,4293,,89.9,58.1,No,Arunachal Pradesh
1737,24,11,10,4,1,N,99.9,2.3,Low,804,802,99.6,39.1,58.8,False,Karnataka
1738,18,19,2,6,1,1,72.5,23.6,Low,1333,1303,93.2,55.7,65.8,False,Odisha
1739,35,28,11,5,YES,True,58.2,42.0,High,1084,840,70.9,63.1,94.5,Y,West Bengal
1740,16,21,7,2,yes,TRUE,86.3,8.2,Low,1058,1125,97.7,63.4,73.4,no,Rajasthan
1741,5,24,2,5,True,True,55.3,15.4,Moderate,2229,2344,98.0,67.6,97.5,N,Telangana
1742,24,5,10,3,YES,Yes,52.1,62.3,High,746,575,73.1,43.3,53.6,True,Chhattisgarh
1743,12,30,4,3,1,TRUE,57.2,49.3,High,479,384,79.9,66.6,74.1,No,Jammu and Kashmir
1744,5,32,7,3,Y,True,33.7,71.7,Low,2064,2887,70.9,78.0,70.8,No,Puducherry
1745,26,18,11,6,True,Y,100.0,79.3,Low,1886,1395,64.4,98.5,82.2,False,NAGALAND
1746,22,16,3,6,True,no,62.1,43.2,Low,224,181,74.8,69.4,70.8,False,meghalaya
1747,29,3,12,1,Yes,yes,,29.7,Low,4884,4977,100.0,70.5,59.3,0,Assam
1748,7,11,10,5,1,no,60.2,17.3,Low,3313,4609,67.3,70.7,78.8,No,Karnataka
1749,36,17,4,3,1,TRUE,43.1,21.6,Moderate,607,654,92.5,69.5,80.1,False,Mizoram
1750,8,9,7,5,YES,Yes,49.3,89.4,Low,4429,3298,62.1,63.1,52.1,FALSE,Himachal Pradesh
1751,1,2,6,5,True,Yes,76.3,91.9,Moderate,2810,2777,96.7,70.9,56.7,no,Arunachal Pradesh
1752,33,3,9,2,yes,TRUE,97.5,53.7,LOW,1393,1723,84.5,63.3,73.9,False,Assam
1753,2,22,1,6,TRUE,Yes,71.5,,Moderate,23,31,70.5,78.2,80.6,no,Sikkim
1754,25,15,6,6,Y,False,45.2,86.1,Moderate,631,580,90.8,91.4,90.7,False,Manipur
1755,3,12,2,6,Y,0,57.0,16.1,High,5174,4544,89.4,76.9,69.2,yes,Kerala
1756,27,2,3,3,Y,N,53.0,75.9,Low,509,389,73.0,55.5,80.5,False,Arunachal Pradesh
1757,28,17,3,6,TRUE,TRUE,80.7,29.3,Low,2652,2216,76.7,73.8,45.1,no,Mizoram
1758,34,13,7,3,1,0,61.9,80.1,Low,1736,1531,85.1,44.1,64.5,False,Madhya Pradesh
1759,36,17,10,5,Yes,False,,96.0,Moderate,3740,3627,96.4,69.5,38.2,NO,Mizoram
1760,25,1,10,1,TRUE,True,50.6,71.9,Low,2720,3698,,76.1,71.2,no,Andhra Pradesh
1761,28,24,7,6,True,No,67.1,22.3,Low,2480,2332,94.9,,40.8,False,Telangana
1762,27,26,6,1,YES,Yes,82.2,21.2,High,247,353,69.2,69.5,99.0,yes,UTTAR PRADESH
1763,23,4,5,6,True,Y,82.2,50.4,Moderate,2798,3158,87.7,72.0,40.5,no,Bihar
1764,7,26,5,2,TRUE,TRUE,49.0,45.2,Moderate,3666,4829,79.9,68.3,74.3,0,Uttar Pradesh
1765,21,13,3,1,Y,NO,96.3,76.3,Moderate,3122,2682,79.5,47.3,51.5,no,madhya pradesh
1766,36,32,7,2,TRUE,True,62.2,69.4,High,3958,3021,73.3,59.9,57.8,1,Puducherry
1767,24,24,8,1,1,TRUE,66.1,25.4,MODERATE,3335,2791,78.5,,41.1,No,Telangana
1768,21,13,10,2,yes,yes,51.8,78.3,High,2702,3713,69.5,78.9,43.8,TRUE, Madhya Pradesh  
1769,18,10,11,3,1,1,,23.5,Moderate,2718,3657,74.9,75.2,74.1,0,Jharkhand
1770,8,12,1,4,1,YES,48.4,69.6,Low,3536,4927,73.4,55.5,70.9,NO,Kerala
1771,24,27,3,2,YES,NO,79.6,30.7,Low,1062,955,,59.8,72.3,N,Uttarakhand
1772,35,16,2,2,yes,No,62.6,54.9,Low,3336,2937,88.8,50.7,68.4,0,Meghalaya
1773,14,23,6,5,True,TRUE,87.9,59.8,Low,1748,1423,74.7,61.9,96.8,False,Tamil Nadu
1774,3,11,3,4,Y,No,38.3,25.2,Low,6798,4964,67.1,59.3,73.2,FALSE,Karnataka
1775,2,27,3,1,YES,TRUE,82.9,28.9,Low,1910,1619,80.4,79.4,54.9,N,Uttarakhand
1776,19,18,8,2,yes,Yes,70.4,45.2,Low,3840,4575,87.2,64.9,59.7,False,Nagaland
1777,19,16,10,2,YES,TRUE,100.0,61.5,Moderate,3955,4309,90.2,52.5,73.3,FALSE,Meghalaya
1778,8,28,11,6,Yes,N,57.7,92.0,High,1856,1640,86.0,97.3,70.7,N,West Bengal
1779,32,17,8,1,TRUE,Yes,100.0,19.2,Moderate,1242,1322,96.4,72.0,46.5,No,Mizoram
1780,4,19,1,2,TRUE,Y,86.6,34.4,Moderate,4188,3486,84.2,64.8,82.5,False,Odisha
1781,36,12,7,5,Y,Y,72.2,49.4,Low,4868,3835,70.0,94.3,44.6,FALSE,Kerala
1782,31,23,11,3,YES,YES,61.9,8.9,High,3997,4235,91.4,77.8,54.3,no,Tamil Nadu
1783,14,15,10,3,True,Y,100.0,,Low,4698,4638,96.3,73.1,49.6,N,Manipur
1784,29,12,8,6,yes,Yes,77.8,61.4,Low,2188,1897,84.4,82.7,87.7,NO,Kerala
1785,7,23,3,3,Y,Yes,51.4,4.0,High,777,991,76.3,63.3,74.9,YES,Tamil Nadu
1786,25,13,9,6,True,1,87.0,13.2,Moderate,3087,3777,85.9,89.9,100.0,N,Madhya Pradesh
1787,35,20,3,6,True,FALSE,95.3,90.2,Low,5046,4580,87.4,82.1,65.1,no,Punjab
1788,30,22,12,2,yes,TRUE,75.2,82.6,High,3198,2921,85.7,68.0,59.0,0,Sikkim
1789,20,29,8,6,TRUE,True,56.7,35.7,Low,3116,3621,83.9,75.8,48.1,NO,Delhi (NCT)
1790,12,22,4,2,yes,yes,33.9,44.0,Moderate,2532,3292,78.6,73.8,75.6,N,Sikkim
1791,6,27,12,5,yes,Y,73.2,5.4,Moderate,3737,2956,70.3,94.5,51.9,FALSE,Uttarakhand
1792,29,29,9,5,1,True,,29.4,Low,157,184,81.6,63.9,74.8,N,Delhi (NCT)
1793,14,27,12,3,1,FALSE,65.3,70.6,High,4969,4704,96.4,73.9,41.5,no,Uttarakhand
1794,21,9,12,5,yes,FALSE,95.2,35.9,Low,4520,3785,76.5,68.3,73.1,N,Himachal Pradesh
1795,12,15,11,1,1,yes,34.4,7.1,Moderate,4150,3556,79.4,68.9,88.5,N,Manipur
1796,14,32,8,6,YES,1,38.9,51.7,Low,2276,2882,77.3,70.7,43.3,False,Puducherry
1797,25,23,5,5,Y,FALSE,57.0,24.9,Moderate,584,507,81.5,71.6,77.8,N,Tamil Nadu
1798,6,31,9,2,Yes,Yes,79.4,65.3,Low,1987,1484,70.3,68.7,64.3,0,Ladakh
1799,8,2,1,5,True,Y,82.7,26.3,Low,4798,4872,96.6,75.5,100.0,FALSE,Arunachal Pradesh
1800,27,4,7,4,yes,1,,24.0,Low,1606,1859,90.3,65.2,35.5,no,Bihar
1801,7,17,10,5,TRUE,N,44.6,,Moderate,5342,4181,69.1,87.6,61.1,N,Mizoram
1802,7,1,11,3,TRUE,yes,98.6,50.4,Low,3949,2996,71.3,72.5,72.2,0,Andhra Pradesh
1803,31,12,5,6,TRUE,yes,92.7,41.5,Low,3351,4220,83.3,58.3,55.5,FALSE,Kerala
1804,26,28,6,3,True,0,76.6,69.7,Low,1845,1446,76.0,72.8,80.5,NO,West Bengal
1805,3,23,2,2,TRUE,yes,38.9,5.3,Moderate,5982,4840,80.3,65.3,69.7,No,Tamil Nadu
1806,12,14,5,4,Y,yes,41.7,32.3,High,2890,3721,75.8,64.0,100.0,TRUE,Maharashtra
1807,29,31,8,6,True,True,68.1,72.3,Low,2167,2945,70.7,58.2,100.0,NO,Ladakh
1808,25,22,9,2,TRUE,No,100.0,76.4,Low,5436,4416,74.2,75.2,57.9,No,Sikkim
1809,20,29,10,4,Yes,TRUE,56.4,29.6,Low,996,1212,83.6,47.9,49.6,FALSE,Delhi (NCT)
1810,12,2,7,5,1,Yes,39.0,3.7,Moderate,4422,4863,92.9,100.0,76.9,N,Arunachal Pradesh
1811,17,26,7,4,True,FALSE,60.1,26.1,High,850,633,62.4,81.8,53.9,no,Uttar Pradesh
1812,31,10,12,2,yes,True,81.8,2.5,Low,1003,1206,79.3,78.6,58.3,NO,Jharkhand
1813,24,25,7,6,Yes,YES,35.5,23.5,MODERATE,2590,1987,74.2,66.5,100.0,NO,Tripura
1814,23,13,7,5,yes,FALSE,52.3,64.8,Moderate,74,71,91.4,,43.9,NO,Madhya Pradesh
1815,24,21,9,4,Y,YES,100.0,62.0,Moderate,1861,1989,92.5,,74.7,no,Rajasthan
1816,1,31,9,6,Y,NO,77.1,77.1,Moderate,4358,3412,70.9,92.0,62.8,0,Ladakh
1817,15,20,8,6,Y,FALSE,54.4,24.9,Low,4346,4320,99.5,87.5,52.5,FALSE,Punjab
1818,5,12,11,6,TRUE,True,81.2,39.5,Low,3574,3598,100.0,52.7,62.6,0,Kerala
1819,14,26,11,5,Y,NO,79.4,59.4,Low,1476,1468,100.0,55.6,73.2,False,Uttar Pradesh
1820,29,22,7,5,True,True,63.6,3.8,Low,120,165,74.5,72.4,31.4,No,Sikkim
1821,21,5,11,4,YES,Yes,27.4,88.9,Low,4952,4466,92.9,86.1,53.0,No,Chhattisgarh
1822,26,13,7,1,yes,TRUE,67.1,70.3,High,112,158,68.0,63.4,79.8,No,Madhya Pradesh
1823,25,17,1,6,True,TRUE,61.8,86.8,Low,764,586,66.2,55.4,55.0,False,Mizoram
1824,4,20,9,6,yes,True,56.5,28.3,Low,1488,1468,94.1,49.8,67.7,False,Punjab
1825,13,31,12,2,1,Y,70.3,60.0,Moderate,3747,3617,92.5,80.5,68.7,no,Ladakh
1826,11,31,11,5,yes,0,61.6,78.1,Moderate,3121,3149,100.0,72.0,63.5,FALSE,Ladakh
1827,35,26,8,3,yes,yes,31.1,73.9,Moderate,3153,2858,89.4,60.1,39.5,0,Uttar Pradesh
1828,3,31,2,5,Y,0,93.7,21.9,Moderate,3933,3202,78.4,83.1,81.0,False,Ladakh
1829,7,21,5,4,Yes,No,95.1,34.2,Low,3583,2974,83.3,62.7,82.3,FALSE,Rajasthan
1830,9,16,4,2,YES,N,68.9,20.9,moderate,3820,3495,94.7,83.7,49.9,0,Meghalaya
1831,13,31,5,2,Y,True,72.6,95.5,Low,1417,1864,79.9,74.5,96.5,0,Ladakh
1832,35,19,2,6,YES,TRUE,86.9,33.4,LOW,966,900,89.7,83.5,32.4,0,Odisha
1833,5,18,3,1,TRUE,0,95.3,16.8,Moderate,1711,1554,89.8,,70.9,no,Nagaland
1834,27,6,8,5,1,YES,100.0,6.6,HIGH,2821,2919,93.1,,65.7,YES,GOA
1835,15,24,6,3,1,N,100.0,94.3,Moderate,3683,4552,80.1,86.3,64.9,FALSE,Telangana
1836,2,28,4,2,1,True,64.5,30.7,Moderate,6185,4726,71.0,81.3,87.4,False,West Bengal
1837,12,15,4,4,1,1,64.4,54.5, Low ,4795,4579,97.3,59.8,67.5,N,Manipur
1838,7,24,12,5,TRUE,N,87.5,63.8,Low,687,693,100.0,46.1,63.2,no,Telangana
1839,32,11,7,6,Y,yes,49.4,17.4,Low,397,472,83.9,58.1,84.7,N,Karnataka
1840,18,24,6,5,YES,Yes,68.3,40.7,Moderate,148,132,84.0,78.9,72.9,False,Telangana
1841,1,8,9,1,1,0,62.3,77.1,Moderate,2810,3026,90.0,61.4,71.2,No,Haryana
1842,35,31,6,3,True,Yes,66.3,11.9,Low,2487,1999,75.3,49.4,45.8,FALSE,Ladakh
1843,22,8,11,1,Yes,1,,17.7,Moderate,1478,1863,82.5,68.7,45.2,FALSE,Haryana
1844,36,27,8,3,yes,Y,74.3,27.8,Moderate,4633,3674,70.1,80.5,88.3,N,Uttarakhand
1845,6,14,8,5,Y,Y,58.1,18.8,Moderate,3198,3125,93.6,52.1,65.7,NO,Maharashtra
1846,25,19,7,2,YES,no,44.1,72.6,Low,2236,2426,95.4,88.6,83.4,False,Odisha
1847,29,29,5,2,YES,N,43.4,95.1,Low,4075,3763,95.8,69.1,100.0,0,Delhi (NCT)
1848,10,10,12,5,Yes,yes,60.0,85.2,High,18,21,89.7,71.8,56.2,Yes,Jharkhand
1849,12,14,8,6,Y,YES,62.7,7.8,Moderate,2080,2811,72.4,79.9,45.7,no,Maharashtra
1850,21,4,6,3,Yes,no,100.0,38.9,Low,2178,2469,91.1,66.9,45.5,FALSE,Bihar
1851,1,17,8,5,Y,True,84.5,17.7,Low,1872,1632,87.2,66.0,100.0,FALSE,Mizoram
1852,28,11,10,5,Y,Y,100.0,6.2,Low,990,739,66.1,62.6,61.9,NO,Karnataka
1853,27,25,1,3,1,Yes,96.8,24.7,Moderate,2697,3390,82.8,54.4,74.2,0,Tripura
1854,36,6,8,6,YES,N,81.4,4.5,Low,4408,3848,88.9,71.2,68.5,N,Goa
1855,24,14,10,3,1,Y,62.1,57.2,Moderate,144,150,93.4,47.7,42.5,False,Maharashtra
1856,20,23,11,2,Yes,False,70.5,95.4,Low,895,1132,75.9,48.7,69.8,FALSE,Tamil Nadu
1857,35,17,5,5,Y,Yes,32.9,3.8,Moderate,474,466,,,100.0,N,Mizoram
1858,16,21,3,4,Y,yes,59.3,28.0,Low,4736,3800,78.2,,63.1,NO,Rajasthan
1859,29,11,2,5,Y,Y,43.4,51.1,Moderate,686,504,62.2,67.1,68.7,no,Karnataka
1860,25,5,10,5,True,1,61.5,26.6,Moderate,4618,3426,62.2,62.3,62.1,N,Chhattisgarh
1861,22,24,8,2,YES,TRUE,54.8,60.6,Moderate,1310,1188,87.6,77.7,48.9,NO,Telangana
1862,3,2,1,3,yes,TRUE,58.7,74.3,Low,1896,2641,75.7,68.3,67.2,No,Arunachal Pradesh
1863,29,15,7,1,yes,TRUE,74.9,75.6,Low,5862,4911,79.0,61.8,36.3,0,Manipur
1864,5,15,5,4,YES,True,72.4,58.4,Low,3841,4330,91.0,54.7,64.9,FALSE,Manipur
1865,31,7,3,1,True,True,54.7,24.7,Low,1163,1022,81.9,81.9,47.9,N,Gujarat
1866,22,16,4,6,yes,1,27.9,483.50257056715145,Moderate,3149,4033,82.0,81.6,70.3,N,Meghalaya
1867,21,2,10,5,YES,TRUE,68.2,45.3,Moderate,3987,4939,76.7,79.4,73.5,FALSE,Arunachal Pradesh
1868,8,26,1,6,yes,TRUE,39.7,21.6,Moderate,2039,1493,62.4,66.9,74.1,N,Uttar Pradesh
1869,33,10,12,4,YES,No,64.1,38.0,High,949,865,94.4,92.8,52.2,1,Jharkhand
1870,31,30,4,6,YES,True,70.3,44.4,Moderate,2262,2495,87.7,63.2,58.0,N,Jammu and Kashmir
1871,25,27,1,4,1,True,63.7,72.3,Moderate,2100,1823,87.7,53.3,85.2,no,Uttarakhand
1872,22,1,1,3,TRUE,Yes,71.2,17.5,Low,5031,3739,65.0,73.5,63.8,N,Andhra Pradesh
1873,9,26,3,6,Yes,FALSE,95.9,28.4,High,1616,2256,67.1,100.0,76.6,No,Uttar Pradesh
1874,2,29,10,2,Y,yes,52.5,49.6,Low,764,713,95.8,66.8,85.9,NO,Delhi (NCT)
1875,29,11,6,3,1,yes,10.8,2.4,LOW,1642,1259,72.9,84.5,78.9,FALSE,Karnataka
1876,6,23,7,4,yes,YES,80.5,90.8,Low,4771,3741,70.5,74.3,60.8,0,Tamil Nadu
1877,36,29,3,5,Yes,TRUE,90.4,51.9,Moderate,2966,3459,82.4,67.6,84.9,0,Delhi (NCT)
1878,36,30,11,5,yes,Yes,88.6,72.1,Moderate,1363,1376,100.0,73.6,81.7,N,Jammu and Kashmir
1879,22,21,4,3,YES,TRUE,36.5,88.5,Moderate,2875,2426,,58.1,54.6,N,Rajasthan
1880,22,31,3,5,yes,Yes,35.6,35.2,Low,1447,1102,67.9,70.2,83.0,False,Ladakh
1881,30,2,6,1,Y,1,69.1,61.2,Low,2262,3201,66.1,80.3,56.0,N,Arunachal Pradesh
1882,29,12,2,3,Y,0,84.3,22.5,MODERATE,3524,2952,77.6,82.7,40.8,NO,Kerala
1883,36,29,1,5,yes,NO,100.0,39.9,Low,1449,1391,100.0,58.8,77.2,N,Delhi (NCT)
1884,36,10,2,3,Yes,YES,32.3,49.9,High,2449,1761,56.7,54.4,88.0,Y,Jharkhand
1885,7,31,4,5,Yes,True,92.8,86.5,High,748,546,58.3,81.2,79.1,0,Ladakh
1886,24,14,1,5,YES,True,39.9,74.0,Low,1461,1214,82.3,81.2,73.1,N,Maharashtra
1887,34,8,7,4,Y,yes,67.7,49.1,Low,3703,2888,71.0,81.4,23.1,FALSE,haryana
1888,27,3,7,3,1,yes,49.6,63.2,Low,2809,2307,79.0,46.7,52.6,N,Assam
1889,16,21,5,6,True,TRUE,46.3,85.4,Low,900,695,70.1,81.2,72.8,FALSE,Rajasthan
1890,29,31,11,2,yes,TRUE,58.5,32.8,High,5370,4933,89.7,100.0,77.1,True,Ladakh
1891,35,5,1,5,Y,YES,,5.4,High,3839,3522,93.8,52.9,64.0,NO,Chhattisgarh
1892,22,32,9,4,TRUE,YES,60.0,86.3,Low,2913,3461,82.2,75.8,43.9,No,Puducherry
1893,34,2,3,3,Yes,yes,47.4,18.1,Low,2491,3380,,73.2,73.4,No,Arunachal Pradesh
1894,30,20,10,1,1,TRUE,53.9,21.5,Low,1229,1105,87.6,62.4,56.2,No,Punjab
1895,28,8,2,4,Y,Yes,58.9,44.8,Low,5007,4822,94.6,90.0,70.2,NO,Haryana
1896,19,2,12,3,Yes,Yes,63.4,29.5,Moderate,372,497,79.3,81.5,65.9,No,ARUNACHAL PRADESH
1897,20,22,9,2,YES,TRUE,40.4,40.7,High,5976,4936,74.2,76.7,86.6,Y,Sikkim
1898,2,26,10,6,Y,yes,60.1,52.5,Low,2927,3054,97.8,67.6,61.6,0,Uttar Pradesh
1899,20,16,6,6,True,TRUE,68.5,16.6,Low,5606,4565,73.5,81.6,78.2,False,Meghalaya
1900,33,3,11,2,1,YES,85.1,95.9,Moderate,1644,2330,73.3,55.8,69.4,N,Assam
1901,19,32,3,3,True,0,59.6,55.2,Low,2471,1995,77.6,54.5,95.8,FALSE,Puducherry
1902,7,32,1,3,Yes,True,53.4,41.9,Low,1813,1803,97.2,72.8,74.5,False,Puducherry
1903,19,12,5,5,TRUE,True,,76.6,Moderate,3601,3255,93.7,95.3,53.3,FALSE,Kerala
1904,27,26,12,1,TRUE,Yes,86.2,62.8,Moderate,354,292,,76.5,73.8,no,UTTAR PRADESH
1905,23,14,10,1,yes,FALSE,68.2,9.2,Moderate,3782,4813,80.1,67.9,64.9,False,Maharashtra
1906,36,27,8,1,yes,Yes,86.5,68.6,Moderate,2259,1750,68.7,48.3,66.4,FALSE,UTTARAKHAND
1907,25,8,12,5,Y,YES,61.9,26.0,Moderate,181,211,88.8,80.1,71.3,No,Haryana
1908,32,1,10,4,Y,1,63.2,64.1,Low,70,52,64.1,67.4,63.5,0,Andhra Pradesh
1909,7,15,1,3,Y,1,86.2,90.6,Moderate,1347,1629,85.4,84.5,65.1,No,Manipur
1910,12,7,6,3,yes,Y,57.1,52.9,Low,4186,4208,,49.8,37.3,N,GUJARAT
1911,10,24,8,3,YES,Y,43.8,95.3,Low,2826,2375,81.4,75.6,100.0,No,Telangana
1912,9,29,7,2,True,True,45.2,90.1,Low,4497,3879,79.6,65.1,85.3,NO,Delhi (NCT)
1913,23,32,12,3,Yes,1,58.9,62.3,High,2470,2941,83.4,93.2,50.6,Yes,Puducherry
1914,33,29,2,2,Yes,True,68.3,44.5,Low,3289,4607,67.3,53.0,76.4,no,Delhi (NCT)
1915,32,7,7,4,True,Yes,45.6,29.0,low,1140,1329,82.5,89.3,40.3,no,Gujarat
1916,17,29,2,3,yes,False,33.4,34.3,Low,3678,3548,99.4,55.3,65.0,No,Delhi (NCT)
1917,24,12,7,5,TRUE,TRUE,77.4,15.4,High,812,1009,81.5,76.9,56.6,NO,Kerala
1918,27,19,12,6,TRUE,False,56.7,35.8,Low,3165,2325,61.1,85.2,78.6,0,Odisha
1919,8,15,12,3,1,0,77.4,58.7,Moderate,3799,4042,96.1,77.2,79.7,N,Manipur
1920,28,9,1,2,Y,YES,100.0,31.5,Moderate,1789,1767,94.6,67.3,71.1,0,Himachal Pradesh
1921,26,21,12,6,Y,Yes,28.8,,High,1783,1818,100.0,72.1,67.7,FALSE,Rajasthan
1922,32,19,11,3,True,True,46.3,39.6,Low,4973,4309,84.4,,54.1,no,Odisha
1923,1,11,7,2,yes,YES,75.2,46.3,Low,2727,2132,68.3,55.0,76.6,no,Karnataka
1924,23,22,7,4,TRUE,YES,47.5,92.1,Low,124,91,64.7,81.7,44.1,False,Sikkim
1925,6,14,9,6,yes,yes,29.8,89.4,Low,1857,1394,64.4,59.1,92.9,No,Maharashtra
1926,1,23,5,2,True,N,59.0,28.0,High,1735,1509,85.3,57.6,64.3,no,Tamil Nadu
1927,1,24,7,1,1,no,93.9,41.1,Moderate,4183,4181,100.0,51.0,92.4,FALSE,Telangana
1928,34,12,12,1,YES,Y,53.4,37.9,Low,3602,2646,60.4,71.3,75.8,NO,Kerala
1929,14,20,1,5,YES,Y,37.6,72.0,Low,827,748,93.1,60.5,98.7,0,Punjab
1930,7,16,3,2,YES,YES,38.0,85.3,Low,2815,3877,70.0,46.7,66.4,N,Meghalaya
1931,9,29,8,3,Y,0,70.4,67.3,Low,96,124,74.8,75.1,5.1,no,Delhi (NCT)
1932,33,8,10,4,1,Y,78.3,19.8,Low,1338,1208,92.0,57.8,91.2,FALSE,Haryana
1933,30,19,10,5,1,YES,63.6,23.8,High,2789,3420,79.8,66.7,80.2,True,Odisha
1934,5,13,7,4,YES,True,66.7,84.3,Moderate,564,445,74.4,51.1,71.3,False,Madhya Pradesh
1935,26,27,9,1,TRUE,yes,100.0,75.3,Moderate,3928,4713,88.2,99.2,97.7,NO,Uttarakhand
1936,26,28,8,2,Yes,YES,54.5,68.6,Low,4345,3554,82.7,49.0,53.3,No,West Bengal
1937,26,8,12,1,Y,N,71.0,74.6,Low,3597,3220,85.2,47.7,41.2,0,HARYANA
1938,1,22,4,5,YES,YES,79.4,37.2,High,2231,2355,,61.4,67.0,YES,Sikkim
1939,7,21,11,5,Yes,No,40.6,85.6,Moderate,2412,2425,100.0,,77.9,N,Rajasthan
1940,26,18,9,4,YES,0,31.5,36.2,Low,1170,1238,96.4,85.1,99.1,No,Nagaland
1941,8,15,9,5,TRUE,True,72.6,94.0,Moderate,2061,2738,79.2,47.8,61.1,no,Manipur
1942,13,5,2,6,YES,1,69.3,23.2,Moderate,3532,4029,85.1,56.5,100.0,N,Chhattisgarh
1943,35,7,6,1,True,yes,86.2,79.6,Low,3264,3131,93.1,53.2,50.5,0,Gujarat
1944,6,2,11,5,Y,True,95.9,4.4,Low,2501,2026,76.2,95.8,50.3,NO,Arunachal Pradesh
1945,16,25,6,2,Y,TRUE,75.2,82.4,Low,5034,3743,66.6,74.9,83.9,NO,Tripura
1946,10,20,8,2,yes,Yes,72.1,32.1,Moderate,4375,3714,78.1,60.0,73.2,FALSE, Punjab  
1947,36,10,7,2,yes,No,21.7,53.0,Low,2578,3507,74.5,73.7,64.1,N,Jharkhand
1948,9,5,1,3,True,Y,52.5,86.3,Low,143,146,97.8,63.4,68.7,False,Chhattisgarh
1949,32,2,7,5,Yes,Yes,48.1,,Moderate,1554,1970,78.0,42.4,72.1,0,Arunachal Pradesh
1950,31,23,3,4,Y,no,100.0,65.9,Low,2705,2198,73.4,69.8,73.4,No,Tamil Nadu
1951,35,14,7,5,True,TRUE,73.0,80.6,Moderate,4585,4168,86.6,56.9,55.8,NO, Maharashtra  
1952,8,19,1,2,Yes,1,81.7,35.8,Low,4288,4134,93.3,59.2,73.4,FALSE,Odisha
1953,30,6,5,2,1,No,34.7,36.5,Moderate,104,105,100.0,57.2,45.9,0,Goa
1954,10,2,1,6,Y,YES,90.1,50.2,Moderate,3937,4306,92.1,90.1,65.7,N,Arunachal Pradesh
1955,3,31,1,4,yes,1,66.0,9.6,High,2399,3351,71.8,69.6,77.5,False,Ladakh
1956,21,29,10,5,1,YES,54.1,95.7,Moderate,3235,2523,73.4,83.1,62.4,No,delhi (nct)
1957,15,11,8,3,YES,YES,73.1,8.4,Low,4051,3153,71.5,69.8,64.5,0,Karnataka
1958,14,12,3,2,True,yes,60.2,23.3,Moderate,1336,1032,73.1,67.0,29.5,no,Kerala
1959,3,8,5,6,True,yes,80.8,8.7,High,2875,2257,76.6,83.7,94.9,Y,Haryana
1960,24,19,4,4,True,yes,74.3,81.7,Moderate,621,610,100.0,84.4,29.1,no,Odisha
1961,18,30,9,6,True,True,100.0,87.1,Low,208,203,95.1,64.0,67.8,0,Jammu and Kashmir
1962,12,18,7,5,True,1,53.0,76.2,Low,96,78,81.0,99.4,84.7,NO,Nagaland
1963,31,23,6,6,Yes,no,67.0,74.1,Moderate,2199,3055,75.7,62.6,76.5,False,Tamil Nadu
1964,22,16,9,6,Y,TRUE,75.6,8.1,Low,5984,4517,62.8,69.6,38.0,N,Meghalaya
1965,3,4,12,2,Yes,TRUE,61.1,61.1,Low,3769,2792,69.3,60.9,60.3,No,Bihar
1966,15,24,10,2,YES,NO,67.4,30.3,Low,5542,4707,84.5,42.7,55.7,No,Telangana
1967,24,27,10,1,Yes,yes,60.9,53.3,Low,5846,4710,74.7,74.4,68.5,N,Uttarakhand
1968,2,6,10,3,YES,Yes,50.0,90.0,High,4392,3266,69.4,62.5,86.8,False,Goa
1969,28,11,3,6,1,NO,99.9,61.7,Low,297,383,74.4,62.5,87.9,No,Karnataka
1970,25,18,3,2,YES,No,29.6,6.8,Low,3270,3007,89.7,70.8,70.4,N,Nagaland
1971,7,19,1,1,Yes,N,38.1,81.3,High,5441,3953,63.1,67.1,33.0,Yes,Odisha
1972,29,8,10,4,TRUE,no,48.4,40.2,Low,2972,3455,90.1,79.6,79.7,No,Haryana
1973,22,8,10,1,1,Yes,83.8,86.1,Moderate,1516,1282,83.8,79.9,71.4,0,Haryana
1974,1,1,6,2,TRUE,yes,63.6,92.3,Low,5583,3988,,89.6,50.0,NO,Andhra Pradesh
1975,27,15,6,4,YES,yes,53.5,483.50257056715145,Low,3806,4358,87.0,56.3,40.3,NO,Manipur
1976,17,8,4,6,YES,True,46.9,87.8,Low,3912,4256,96.7,83.3,100.0,0,Haryana
1977,25,31,2,6,Y,Yes,69.7,13.9,Low,826,793,91.4,77.4,49.7,NO,Ladakh
1978,19,11,4,4,yes,Yes,67.9,44.1,Low,2325,3221,68.2,65.4,87.9,FALSE,Karnataka
1979,20,3,6,2,YES,YES,50.5,93.8,Low,825,739,89.5,54.4,75.3,FALSE,Assam
1980,32,32,12,2,Y,No,39.5,57.1,Moderate,162,198,77.2,54.8,85.1,no,Puducherry
1981,34,30,9,5,True,TRUE,52.9,17.3,High,5195,3714,64.8,84.8,41.4,No,Jammu and Kashmir
1982,26,16,2,1,Yes,Yes,,76.4,Low,2682,3628,70.5,72.3,100.0,no,Meghalaya
1983,11,17,2,5,yes,yes,75.7,483.50257056715145,Moderate,2345,2261,99.8,75.8,56.4,no,Mizoram
1984,27,29,4,2,Y,Yes,56.1,,Moderate,991,937,89.7,64.6,65.7,FALSE,Delhi (NCT)
1985,31,17,2,4,1,yes,55.7,7.7,High,2697,3330,78.9,,73.2,no,mizoram
1986,21,4,9,1,YES,yes,73.0,59.5,Moderate,2293,2927,78.3,55.8,96.3,No,Bihar
1987,8,6,8,4,Yes,YES,35.4,94.5,High,6579,4763,59.9,,56.3,TRUE,Goa
1988,3,8,2,5,YES,True,71.8,87.2,Low,2904,2242,72.0,85.6,56.4,No,Haryana
1989,34,6,8,4,1,Y,80.6,35.2,High,4934,3731,67.3,83.4,57.1,no,Goa
1990,28,17,1,6,True,True,52.2,12.2,Moderate,1950,2149,92.4,79.3,79.0,FALSE,Mizoram
1991,21,19,3,6,True,N,81.8,88.0,Moderate,3421,2980,89.4,90.1,59.2,0,Odisha
1992,10,19,2,6,YES,yes,68.1,75.5,High,6120,4436,65.3,38.8,76.6,TRUE,Odisha
1993,5,8,5,3,TRUE,N,50.8,58.1,Low,1129,927,81.3,48.6,99.8,N,Haryana
1994,10,18,9,1,TRUE,Y,76.3,35.4,Low,3326,2397,64.7,57.1,72.9,no,Nagaland
1995,9,5,2,4,Yes,YES,49.4,87.5,Moderate,71,61,85.9,63.0,70.7,0,Chhattisgarh
1996,23,7,11,2,yes,FALSE,,50.3,Moderate,1321,1473,88.7,100.0,80.8,N,Gujarat
1997,26,21,3,3,Y,yes,79.4,33.7,Moderate,1700,1260,69.8,81.5,64.2,no,Rajasthan
1998,13,15,2,3,1,False,43.6,48.9,Moderate,2602,2852,91.5,70.2,67.3,no,Manipur
1999,1,28,1,3,Yes,No,43.5,80.3,Moderate,5527,4731,85.2,73.3,80.4,FALSE,West Bengal
2000,14,31,11,6,yes,TRUE,43.2,12.7,Low,673,598,84.7,87.2,52.8,N,Ladakh
2001,16,7,11,5,True,TRUE,71.5,18.9,Low,2927,2834,100.0,72.1,56.6,No,Gujarat
2002,31,28,10,4,TRUE,N,73.8,17.4,Moderate,32,31,98.5,58.7,61.0,No,West Bengal
2003,8,15,1,3,TRUE,True,90.9,77.6,Moderate,560,772,75.8,55.1,100.0,no,Manipur
2004,19,32,5,3,TRUE,NO,33.0,61.0,Low,2318,3224,70.0,100.0,38.3,no,Puducherry
2005,31,16,7,1,TRUE,N,72.0,15.3,Low,2291,2099,87.2,56.6,82.3,0,MEGHALAYA
2006,24,10,6,6,Y,False,78.6,16.0,Low,65,93,71.1,51.6,53.7,False,Jharkhand
2007,21,4,5,2,Y,No,49.7,32.7,Moderate,447,574,81.1,68.0,81.0,No,Bihar
2008,8,21,10,4,yes,TRUE,68.2,65.1,Moderate,4236,4207,99.6,73.5,60.7,No,Rajasthan
2009,23,11,10,6,yes,Yes,40.8,94.0,Moderate,532,526,93.9,92.2,100.0,0,Karnataka
2010,23,31,10,3,Y,TRUE,58.9,27.5,Low,3856,3725,96.4,69.7,96.8,NO,Ladakh
2011,25,26,9,5,1,TRUE,79.3,10.3,High,1706,1565,90.2,70.0,100.0,NO,Uttar Pradesh
2012,19,5,7,5,yes,False,97.7,90.8,Low,2624,3667,,39.3,74.6,no,Chhattisgarh
2013,3,25,3,5,Yes,0,56.8,96.0,Moderate,3473,2897,85.0,77.4,77.2,0,Tripura
2014,4,26,9,1,YES,FALSE,67.9,50.4,Low,1551,1225,73.1,70.0,78.5,False,uttar pradesh
2015,8,30,10,5,YES,True,64.7,483.50257056715145,Low,279,352,75.4,60.9,32.7,False,Jammu and Kashmir
2016,11,14,4,4,Y,N,49.8,95.4,Low,69,55,74.7,95.6,59.7,NO,Maharashtra
2017,23,1,12,3,True,N,84.7,74.1,Low,1956,1729,86.8,83.5,75.0,No,Andhra Pradesh
2018,28,12,12,3,Yes,YES,81.3,25.3,Low,1078,917,77.9,78.0,44.2,no,Kerala
2019,12,32,11,2,yes,FALSE,82.2,25.2,Low,1454,1806,78.8,58.4,60.6,N,Puducherry
2020,15,32,5,6,yes,TRUE,73.5,20.9,Moderate,2699,2098,68.3,72.0,89.3,NO,Puducherry
2021,1,17,3,4,yes,Yes,59.4,4.4,Moderate,3108,3033,94.1,67.0,50.0,no,Mizoram
2022,33,30,2,2,yes,Yes,55.9,10.6,Moderate,3093,3070,99.1,56.6,58.1,False,Jammu and Kashmir
2023,22,9,11,2,True,FALSE,74.6,6.9,Moderate,292,279,96.4,64.6,71.8,False,Himachal Pradesh
2024,1,24,6,5,Y,Y,100.0,25.4,Moderate,1052,793,71.4,67.3,76.0,0,Telangana
2025,15,26,5,2,Y,1,79.7,29.8,Low,5639,4233,67.1,65.3,71.0,no,Uttar Pradesh
2026,30,10,4,4,TRUE,True,65.8,,Moderate,1391,1110,79.6,100.0,78.1,No,Jharkhand
2027,9,10,2,6,TRUE,Yes,82.3,76.8,Low,5447,4361,79.0,70.1,77.4,NO,Jharkhand
2028,14,4,2,3,True,TRUE,69.8,,Low,1324,1528,85.0,49.4,74.2,No,Bihar
2029,12,17,7,5,True,False,49.3,64.6,low,1046,889,81.3,70.1,78.4,False,Mizoram
2030,19,7,3,2,YES,YES,25.3,64.4,Moderate,3978,3646,89.8,95.0,59.6,False,Gujarat
2031,11,3,9,3,TRUE,True,54.5,52.3,Low,4014,4611,89.9,64.0,94.2,False,Assam
2032,31,4,12,1,YES,Y,84.5,43.6,Low,2152,1984,88.8,,82.0,No,Bihar
2033,34,23,9,5,YES,No,38.1,38.5,High,511,486,94.7,59.7,78.5,YES,Tamil Nadu
2034,8,28,12,6,Yes,1,32.9,72.7,Low,2549,1867,68.1,59.1,86.5,No,West Bengal
2035,14,29,2,1,Y,True,,34.6,Moderate,1712,1243,61.8,100.0,62.5,0,Delhi (NCT)
2036,20,18,12,2,1,Yes,99.6,51.5,Moderate,4116,3474,78.3,56.6,65.6,NO,Nagaland
2037,29,18,11,2,1,Yes,60.7,67.7,Moderate,2813,2544,84.8,86.0,86.7,No,Nagaland
2038,15,14,8,3,Y,YES,81.2,66.6,Low,2941,2265,68.1,30.1,60.9,no,Maharashtra
2039,24,21,5,1,Yes,yes,63.4,21.7,High,2139,1714,77.1,87.6,78.5,NO,Rajasthan
2040,23,21,11,2,yes,0,100.0,41.0,Moderate,257,222,82.5,72.7,51.8,FALSE,Rajasthan
2041,7,8,9,2,1,TRUE,73.5,63.0,Moderate,3690,4182,86.1,74.4,68.8,FALSE,Haryana
2042,15,21,1,5,yes,N,77.8,18.1,Low,716,652,89.3,,37.2,N,Rajasthan
2043,36,11,6,2,Y,Yes,30.2,6.1,Moderate,2260,1837,73.2,60.8,70.9,no,Karnataka
2044,28,19,2,2,YES,TRUE,86.8,25.7,Moderate,2204,2262,97.3,90.8,55.0,No,Odisha
2045,29,2,7,4,Yes,TRUE,84.0,41.6,Moderate,231,172,67.8,73.3,45.3,FALSE,Arunachal Pradesh
2046,26,14,4,1,TRUE,Y,65.7,58.8,Moderate,1803,1986,92.6,55.1,65.0,FALSE,Maharashtra
2047,6,7,10,1,1,YES,33.9,77.1,Moderate,3623,3748,96.7,100.0,69.5,N,Gujarat
2048,14,8,4,4,Y,1,96.9,32.7,Low,3699,3285,86.7,53.0,54.6,No,Haryana
2049,30,1,4,2,Yes,Y,57.3,34.4,Moderate,1802,1908,97.0,83.3,100.0,No,Andhra Pradesh
2050,35,9,1,3,1,NO,59.5,13.5,Low,1694,1498,85.6,62.2,37.6,No,Himachal Pradesh
2051,31,10,2,4,TRUE,yes,74.2,66.0,Moderate,4087,4439,90.8,79.6,31.3,NO,Jharkhand
2052,20,28,9,2,yes,True,83.4,56.5, Low ,684,941,70.3,85.5,80.0,no,West Bengal
2053,4,28,6,5,Yes,no,78.0,41.3,Moderate,1841,1469,73.5,86.4,68.8,FALSE,West Bengal
2054,15,25,8,1,True,Y,49.1,90.4,Low,2744,2902,91.4,97.6,65.4,NO,Tripura
2055,3,23,8,5,Yes,True,86.5,81.4,Moderate,3678,4072,94.6,79.1,69.9,NO,Tamil Nadu
2056,21,21,1,5,1,False,59.2,69.3,Moderate,1192,1342,89.7,61.7,69.7,False,Rajasthan
2057,27,17,5,6,Y,TRUE,45.5,61.7,Low,39,43,86.6,65.6,77.8,FALSE,Mizoram
2058,35,6,12,2,Yes,yes,77.8,,Low,546,408,69.6,51.9,76.7,no,Goa
2059,4,24,2,6,yes,N,52.0,48.5,High,382,319,81.7,46.7,55.0,N,Telangana
2060,18,1,10,6,Y,FALSE,,30.4,Low,2736,3625,71.2,100.0,99.8,N,Andhra Pradesh
2061,21,16,1,2,yes,False,58.9,60.1,LOW,4302,3735,89.4,84.7,62.6,FALSE,Meghalaya
2062,6,20,1,1,Y,TRUE,100.0,3.3,Moderate,731,694,91.7,81.8,75.8,N,Punjab
2063,2,5,5,4,yes,no,100.0,36.9,Low,1140,854,68.8,86.7,64.6,0,Chhattisgarh
2064,17,1,1,3,TRUE,Y,53.2,57.7,High,517,578,90.5,75.0,54.8,yes,Andhra Pradesh
2065,23,17,10,2,yes,TRUE,58.9,14.8,Moderate,1516,2010,80.1,45.7,74.0,0,Mizoram
2066,29,23,3,5,1,1,78.7,55.0,Low,3093,2445,68.9,,30.9,NO,Tamil Nadu
2067,19,26,7,1,Yes,YES,66.6,39.0,Low,796,760,96.3,89.2,76.8,0,Uttar Pradesh
2068,3,31,10,5,Yes,YES,82.9,88.0,Low,4896,3774,71.0,65.5,46.4,FALSE,Ladakh
2069,7,25,6,1,1,TRUE,100.0,57.1,Moderate,943,1162,,44.4,62.6,No,Tripura
2070,24,22,10,3,Yes,Y,85.7,37.5,Low,2026,1633,78.9,43.9,100.0,False,Sikkim
2071,5,32,5,3,Y,True,95.0,33.3,Low,3254,3373,96.2,95.7,67.1,N,Puducherry
2072,25,13,2,2,True,True,44.4,83.2,Moderate,3331,3291,98.2,55.3,42.8,NO,Madhya Pradesh
2073,16,8,10,2,yes,yes,100.0,16.8,LOW,4829,4125,86.2,52.5,68.9,N,Haryana
2074,7,27,9,4,1,Y,76.2,37.7,Low,3183,2390,64.7,69.1,100.0,no,Uttarakhand
2075,24,12,5,6,1,YES,61.9,69.2,Low,832,800,94.4,56.7,66.9,NO,Kerala
2076,33,5,2,4,TRUE,NO,40.1,57.0,Moderate,1981,2733,71.3,73.7,96.6,no,Chhattisgarh
2077,18,32,12,5,Y,TRUE,23.6,25.3,Moderate,4418,4039,86.7,75.4,33.1,FALSE,Puducherry
2078,21,6,12,5,1,no,41.1,34.9,High,6445,4660,60.5,73.5,65.2,Yes,Goa
2079,1,20,7,5,yes,Y,62.0,,Moderate,3281,3605,93.7,36.2,53.9,NO,Punjab
2080,10,19,9,4,1,No,64.1,84.1,Moderate,1949,1433,59.1,84.7,54.3,FALSE,Odisha
2081,31,16,8,4,Y,True,63.4,86.5,Moderate,3171,3152,100.0,68.1,48.8,no,Meghalaya
2082,31,14,8,3,True,YES,67.6,72.9,Low,3887,4352,89.4,,100.0,no,Maharashtra
2083,8,7,9,5,1,Y,75.7,2.5,Low,4502,4581,100.0,52.5,61.0,no,Gujarat
2084,29,28,8,4,True,Yes,48.3,78.7,Moderate,2184,1757,,95.2,81.1,FALSE,West Bengal
2085,6,8,10,4,True,yes,79.6,19.7,Low,3005,4148,,47.1,88.0,NO,Haryana
2086,22,14,2,1,1,True,85.1,49.1,High,1206,1210,98.1,100.0,54.4,yes,Maharashtra
2087,27,29,6,3,True,TRUE,80.5,60.2,Low,1725,1236,58.6,80.5,60.2,N,Delhi (NCT)
2088,14,27,8,3,True,Y,72.4,7.9,Low,4436,3918,88.2,52.7,93.0,N,Uttarakhand
2089,31,8,5,4,Yes,YES,75.2,,Moderate,967,759,72.9,77.3,52.4,no,Haryana
2090,2,6,6,5,yes,Yes,70.2,53.1,Low,1832,1860,100.0,82.0,81.9,FALSE,Goa
2091,35,21,8,4,TRUE,NO,67.6,89.9,Low,1253,1553,84.0,76.1,87.7,N,Rajasthan
2092,17,18,12,6,yes,TRUE,70.0,83.3,Low,4826,3453,55.6,87.4,93.2,FALSE,Nagaland
2093,31,25,11,3,TRUE,yes,62.7,,Low,1184,1348,85.0,50.2,85.7,NO,Tripura
2094,1,22,1,1,TRUE,N,53.0,93.9,High,2178,2704,80.9,72.6,88.5,NO,Sikkim
2095,31,31,3,2,Y,Y,61.6,75.7,Moderate,2569,2104,80.0,53.3,72.6,0,Ladakh
2096,21,32,1,3,True,False,60.2,66.2,Moderate,2527,2761,92.6,60.0,100.0,NO,Puducherry
2097,28,26,1,5,Yes,True,46.8,95.4,High,1218,1034,80.0,99.1,66.5,FALSE,Uttar Pradesh
2098,12,30,7,5,YES,TRUE,62.4,11.8,Low,4187,3510,81.1,71.7,13.5,False,Jammu and Kashmir
2099,19,13,12,4,1,True,61.6,77.4,Low,1688,1258,62.4,72.2,54.5,N,Madhya Pradesh
2100,7,28,6,4,TRUE,1,,26.6,Low,371,445,83.3,87.6,92.1,no,West Bengal
2101,9,18,8,1,1,Yes,58.2,92.3,High,389,371,94.2,67.1,67.0,Y,Nagaland
2102,13,28,10,2,yes,1,47.8,14.9,High,2854,2282,76.8,80.2,83.7,NO,West Bengal
2103,23,3,2,4,1,Y,95.1,33.8,Low,1942,2328,80.3,90.6,76.4,0,Assam
2104,4,31,10,4,TRUE,Yes,93.5,77.3,Low,3753,4598,80.2,,60.7,No,Ladakh
2105,34,5,4,3,True,TRUE,80.2,39.4,Moderate,4657,3826,,58.6,78.9,0,Chhattisgarh
2106,2,10,4,2,YES,False,76.0,,Low,6221,4520,62.2,47.7,83.3,N,Jharkhand
2107,12,18,10,1,TRUE,Y,79.6,36.0,Moderate,2089,2887,77.2,72.3,50.1,FALSE, Nagaland  
2108,23,8,2,3,Y,yes,51.3,49.4,Low,2490,2495,100.0,88.9,71.9,No,Haryana
2109,16,5,2,5,Yes,yes,54.3,46.8,Moderate,3970,3516,83.1,86.1,68.1,N,Chhattisgarh
2110,23,23,2,1,True,NO,,28.1,Moderate,2976,3650,82.1,60.7,39.8,False,Tamil Nadu
2111,15,4,6,4,TRUE,Y,37.6,17.9,Low,1434,1084,72.2,95.4,85.4,FALSE,Bihar
2112,17,10,4,5,TRUE,YES,38.2,28.5,High,5865,4723,75.5,69.9,56.1,FALSE,Jharkhand
2113,31,23,11,5,1,no,94.5,60.3,High,1065,877,76.2,91.0,69.3,N,Tamil Nadu
2114,16,31,12,5,TRUE,True,97.1,28.3,Low,2301,1676,58.2,80.6,91.9,no,LADAKH
2115,4,16,1,4,Y,False,68.0,64.3,Moderate,1173,1491,80.8,80.3,37.1,NO,Meghalaya
2116,6,30,10,2,yes,Yes,86.4,80.4, Low ,2116,2353,,93.3,39.5,False,Jammu and Kashmir
2117,22,23,4,5,YES,yes,46.1,57.1,Low,4929,4220,85.5,42.7,48.5,False,Tamil Nadu
2118,20,16,12,5,TRUE,Y,99.7,,Low,640,822,82.8,,65.2,False,Meghalaya
2119,32,16,12,5,True,yes,100.0,75.1,Moderate,2973,3375,84.4,42.5,36.7,False,Meghalaya
2120,6,11,9,5,Y,N,55.0,94.2,Low,656,602,95.7,97.7,68.2,no,Karnataka
2121,32,25,10,4,Y,TRUE,67.8,5.7,Low,2196,1917,90.2,57.4,63.4,False,Tripura
2122,11,25,10,2,True,FALSE,34.8,483.50257056715145,Low,1547,1232,74.9,,57.3,no,Tripura
2123,7,21,8,1,YES,Yes,59.0,5.3,Moderate,3387,2767,74.3,67.3,59.4,no,Rajasthan
2124,2,17,2,1,1,No,83.9,90.1,Low,3732,3233,82.5,69.6,42.4,NO,Mizoram
2125,18,16,12,2,Y,yes,97.9,58.4,Low,3776,3090,82.6,92.1,67.1,N,Meghalaya
2126,34,7,5,3,yes,Yes,56.7,4.8,Low,3783,4223,85.0,51.4,63.3,No,gujarat
2127,14,24,4,1,Yes,FALSE,78.6,76.2,Moderate,802,961,81.7,79.7,100.0,no,Telangana
2128,33,20,6,1,True,YES,81.3,5.6,Moderate,3167,3806,82.3,72.3,58.0,N,Punjab
2129,4,3,12,6,TRUE,Y,55.7,66.4,Low,1506,1887,78.0,,60.7,no,Assam
2130,13,6,8,2,Yes,YES,83.6,36.7,High,1207,1601,80.0,78.3,37.1,No,Goa
2131,29,14,8,4,True,TRUE,100.0,26.7,Moderate,2289,2394,99.3,51.8,51.9,FALSE,Maharashtra
2132,3,6,1,2,Y,YES,24.2,66.5,High,219,200,85.9,64.3,71.2,Yes,Goa
2133,36,11,3,3,Yes,No,67.9,75.4,Moderate,3154,2587,81.5,95.9,100.0,N,Karnataka
2134,5,14,9,6,1,Y,50.0,75.9,Low,2819,2479,89.9,44.1,50.9,N,Maharashtra
2135,4,11,11,3,YES,yes,72.3,87.6,Low,2167,1592,68.7,92.3,73.8,0,Karnataka
2136,3,18,8,6,True,Yes,57.4,48.7,Moderate,1710,2049,88.1,72.6,56.3,False,Nagaland
2137,3,20,6,1,TRUE,Yes,70.0,25.9,High,3542,4338,83.4,61.8,58.6,0,Punjab
2138,21,27,1,4,1,False,40.4,19.6, Low ,2083,1573,72.4,73.0,58.2,NO,Uttarakhand
2139,18,32,8,3,yes,1,44.5,31.4,Low,73,57,75.3,82.9,83.1,False,Puducherry
2140,22,25,3,3,YES,YES,73.2,74.5,Low,3428,2632,74.2,97.8,58.1,no,Tripura
2141,26,17,1,6,1,Y,65.5,5.2,High,2238,1823,75.5,79.6,62.8,False,Mizoram
2142,8,32,6,2,Y,False,43.0,8.7,High,2080,1593,69.3,74.5,64.3,N,Puducherry
2143,7,8,5,1,Y,Yes,57.9,33.4,Moderate,3738,4486,86.8,60.9,49.4,no,Haryana
2144,36,2,2,3,yes,Y,45.9,84.6,MODERATE,3212,3307,100.0,90.8,80.5,No,Arunachal Pradesh
2145,36,11,7,3,Yes,yes,38.8,77.9,Moderate,4541,3307,64.2,82.8,66.8,no,Karnataka
2146,19,6,5,2,1,no,80.0,31.2,Low,4404,4926,86.8,68.6,35.7,False,Goa
2147,10,26,8,5,Yes,FALSE,34.0,9.9,Low,5928,4487,69.9,78.2,74.9,no,Uttar Pradesh
2148,3,5,6,6,1,FALSE,80.4,,Low,2274,2589,84.3,45.2,67.7,N,Chhattisgarh
2149,12,27,9,4,Yes,yes,67.0,27.3,Moderate,2502,3492,68.8,81.2,49.3,NO,Uttarakhand
2150,17,5,7,1,yes,NO,61.7,21.6,Moderate,1179,1675,72.2,47.4,65.8,False,Chhattisgarh
2151,1,29,7,6,Yes,Yes,94.0,59.3,Low,1090,1278,89.4,39.8,49.2,N,Delhi (NCT)
2152,35,5,5,4,YES,TRUE,54.0,19.7,Low,1670,1941,86.6,78.6,50.1,NO,Chhattisgarh
2153,30,26,7,3,yes,No,94.1,70.1,Moderate,335,334,98.4,62.7,74.1,False,Uttar Pradesh
2154,30,6,6,4,Yes,Yes,78.3,21.9,Moderate,1397,1916,74.9,93.7,84.7,FALSE,Goa
2155,30,23,2,1,Yes,N,53.0,66.3,Moderate,1469,1962,77.5,67.8,71.4,N,Tamil Nadu
2156,36,17,3,4,Yes,1,71.5,46.5,High,174,185,89.1,68.6,68.0,TRUE,Mizoram
2157,28,31,8,4,YES,FALSE,49.4,9.9,Low,2447,3026,81.1,82.1,100.0,No,Ladakh
2158,11,12,9,1,yes,NO,,85.7,Low,3573,4557,73.4,45.2,66.6,No,Kerala
2159,10,8,6,5,Y,1,51.0,59.0,High,2940,2672,93.6,100.0,76.8,NO,haryana
2160,13,28,8,6,Yes,0,,36.5,Low,4536,3717,80.5,55.8,69.9,FALSE,West Bengal
2161,7,11,11,5,True,no,100.0,87.6,Low,2367,2374,95.6,64.3,76.4,False,Karnataka
2162,19,30,11,6,True,0,78.6,29.2,Low,5869,4763,80.6,83.3,30.7,False,Jammu and Kashmir
2163,35,2,2,3,True,Y,61.4,72.4,Moderate,5817,4910,80.9,71.5,76.3,False,Arunachal Pradesh
2164,9,4,9,1,True,1,76.0,89.1,Low,5631,4099,62.5,88.4,22.8,0,Bihar
2165,3,10,6,1,True,Y,48.7,82.8,Moderate,3398,3545,92.8,100.0,56.7,False,Jharkhand
2166,11,4,12,4,Yes,YES,54.4,90.0,Moderate,1088,1106,98.5,48.5,57.8,no,Bihar
2167,22,23,10,4,Y,True,21.5,16.5,Low,1599,1963,86.1,75.9,64.5,No,Tamil Nadu
2168,28,27,3,3,1,False,,67.8,Low,1187,1349,91.2,70.0,61.9,N,Uttarakhand
2169,13,25,1,4,1,Y,55.6,35.7,Low,3172,2390,67.7,69.3,55.9,NO,Tripura
2170,10,4,10,3,yes,Yes,76.0,41.7,Low,4292,4746,92.8,63.7,52.2,False,Bihar
2171,36,2,7,4,1,True,71.1,3.5,Low,2879,3078,90.1,62.6,68.9,N,Arunachal Pradesh
2172,14,32,2,2,TRUE,no,74.2,67.6,Moderate,1211,1099,89.6,81.4,39.1,No,Puducherry
2173,4,4,11,5,yes,1,85.0,483.50257056715145,Low,3388,2512,66.4,55.6,80.6,no,Bihar
2174,16,15,1,1,YES,FALSE,54.6,79.2,Low,5144,3996,70.9,62.0,72.6,False,Manipur
2175,21,27,1,6,Y,No,56.9,74.4,Moderate,2865,3858,77.2,78.0,55.7,N,Uttarakhand
2176,18,16,8,3,yes,Y,36.6,71.9,Moderate,230,304,75.2,79.0,46.2,0,Meghalaya
2177,4,21,12,3,Y,Yes,58.6,79.3,Low,1857,1675,90.4,78.3,76.0,NO,Rajasthan
2178,32,2,3,3,Yes,NO,75.3,71.1,Low,1302,1218,95.3,70.2,77.8,No,Arunachal Pradesh
2179,4,21,11,5,1,no,60.1,62.3,High,3150,3915,83.5,66.1,83.6,Y,Rajasthan
2180,22,20,8,1,1,yes,45.4,51.0,Moderate,1345,1578,80.8,66.2,83.6,NO,Punjab
2181,32,20,1,5,yes,True,45.0,19.0,Moderate,2677,3357,81.6,59.3,61.1,No,Punjab
2182,29,11,6,3,TRUE,YES,39.5,59.7,Low,357,417,86.2,65.7,84.9,0,Karnataka
2183,24,5,6,3,YES,no,18.2,27.6,High,3273,3549,87.7,66.6,95.0,Y,Chhattisgarh
2184,6,6,8,3,Yes,TRUE,100.0,2.8,Low,1757,1461,82.0,55.6,69.0,no,Goa
2185,8,14,10,5,TRUE,no,57.3,,Low,1925,2108,92.9,70.8,64.5,No,Maharashtra
2186,33,2,6,1,YES,No,71.4,62.3,Moderate,1594,1559,100.0,64.0,58.4,FALSE,Arunachal Pradesh
2187,1,32,5,3,TRUE,yes,85.1,,Low,1675,1207,56.9,80.5,64.9,No,Puducherry
2188,22,28,10,2,True,True,51.8,46.6,Moderate,3238,2798,,82.2,100.0,NO,West Bengal
2189,31,27,12,4,1,1,30.6,11.1,MODERATE,3283,4566,75.4,56.3,97.0,0,Uttarakhand
2190,17,29,4,2,Yes,1,81.6,39.0,Moderate,2029,1832,92.4,67.2,60.1,NO,Delhi (NCT)
2191,24,12,4,1,yes,Y,89.8,29.7,Low,3206,3361,97.4,66.8,46.6,NO,Kerala
2192,27,3,8,1,YES,Y,60.7,22.6,Low,783,605,73.3,85.0,67.8,NO,Assam
2193,20,6,3,1,1,YES,58.4,8.3,Moderate,1391,1557,87.7,86.8,64.6,N,Goa
2194,25,19,4,4,yes,TRUE,71.8,26.8,Low,1601,1825,87.8,65.0,68.2,FALSE,Odisha
2195,13,6,11,3,TRUE,1,76.7,8.4,Moderate,108,86,77.1,59.6,83.1,False,Goa
2196,18,24,7,1,True,1,56.7,,Low,1843,2296,,46.7,33.7,0,Telangana
2197,21,7,5,6,Yes,1,59.9,56.6,Low,1202,1401,89.3,27.9,70.0,N,Gujarat
2198,36,31,7,6,True,No,73.7,42.5,Low,256,281,94.5,58.2,74.5,NO,Ladakh
2199,13,1,5,2,True,YES,45.0,94.7,MODERATE,4149,3269,74.9,86.6,46.9,FALSE,Andhra Pradesh
2200,34,16,2,2,yes,Yes,61.6,42.3,Low,786,571,58.1,85.1,54.6,0,Meghalaya
2201,10,32,1,3,YES,True,61.2,89.0,Low,5222,4702,87.5,89.0,60.9,False,Puducherry
2202,35,28,7,1,True,Y,100.0,59.5,Low,2411,2823,86.8,72.5,86.0,FALSE,West Bengal
2203,10,25,1,4,TRUE,0,59.9,80.0,Low,4862,4526,96.9,73.9,94.8,0,Tripura
2204,27,28,4,2,Y,YES,54.8,80.9,Low,2587,2016,70.3,72.4,43.6,0,West Bengal
2205,4,10,4,1,Yes,1,50.0,21.3,High,2352,2416,96.3,60.5,84.6,True,Jharkhand
2206,35,11,5,6,Y,yes,68.9,77.8,Low,1799,1940,89.3,55.0,41.1,No,Karnataka
2207,34,26,3,6,TRUE,True,26.9,40.0,Moderate,5118,4776,96.7,51.9,78.8,FALSE,Uttar Pradesh
2208,27,13,7,5,TRUE,TRUE,34.1,3.6,High,1331,1067,70.8,,64.9,No,Madhya Pradesh
2209,28,25,1,4,True,True,63.6,65.7,Moderate,2444,2843,89.8,95.2,68.9,0,Tripura
2210,34,5,3,6,True,YES,100.0,19.2,Low,494,635,72.9,89.7,93.3,no,CHHATTISGARH
2211,11,18,7,1,TRUE,Y,60.0,38.0,High,3367,4367,79.2,72.0,47.8,1,Nagaland
2212,9,11,11,5,True,Y,85.3,21.8,Moderate,4480,4493,95.9,66.2,89.8,0,Karnataka
2213,29,1,4,5,YES,yes,38.5,61.0,Moderate,18,26,64.4,80.0,100.0,0,Andhra Pradesh
2214,1,23,12,5,1,Yes,59.5,11.9,High,4438,3469,76.7,92.8,45.1,False,Tamil Nadu
2215,18,16,4,4,TRUE,Y,53.1,18.5,High,2289,2303,97.6,63.0,72.7,TRUE,Meghalaya
2216,9,25,1,6,1,TRUE,100.0,71.5,Low,232,291,74.9,,50.3,No,Tripura
2217,28,28,12,3,TRUE,0,71.0,36.5,Low,2059,2122,100.0,100.0,51.2,0,West Bengal
2218,31,20,4,6,1,Yes,69.9,62.9,Moderate,3309,3334,95.0,64.7,22.5,False,Punjab
2219,14,29,9,6,True,YES,87.7,2.4,High,1324,1438,88.6,87.3,69.4,N,Delhi (NCT)
2220,7,9,7,1,yes,No,85.6,86.7,High,2286,2616,,79.7,59.9,yes,Himachal Pradesh
2221,21,32,9,6,TRUE,N,61.2,17.9,Low,3641,4633,77.0,50.3,75.1,NO,puducherry
2222,5,19,3,4,TRUE,no,42.8,9.6,Low,6181,4694,72.8,61.0,65.2,N,Odisha
2223,9,18,8,6,yes,YES,56.1,12.1,Low,5490,3969,62.4,79.8,91.5,NO,Nagaland
2224,8,32,9,1,yes,TRUE,92.6,47.0,Low,2626,3101,82.9,78.2,91.7,False,Puducherry
2225,31,27,7,1,Y,1,72.0,90.1,moderate,1136,1378,84.0,52.3,71.5,no,Uttarakhand
2226,26,17,1,4,yes,N,57.3,89.4,Low,5099,4990,98.6,63.9,59.2,N,Mizoram
2227,9,8,10,6,yes,True,66.3,37.9,Low,1100,831,68.4,78.0,36.5,N,Haryana
2228,22,9,6,3,YES,no,71.4,93.0,Moderate,5812,4797,76.6,64.5,72.4,no,Himachal Pradesh
2229,36,28,7,5,1,Yes,64.1,31.9,Moderate,3304,3390,100.0,68.8,55.1,N,West Bengal
2230,11,9,12,1,Y,TRUE,48.6,14.4,Moderate,2720,2933,95.1,63.4,51.4,No,Himachal Pradesh
2231,7,21,5,4,TRUE,YES,75.6,38.4,Moderate,1805,1813,100.0,75.0,65.7,0,Rajasthan
2232,27,14,4,5,TRUE,True,58.4,57.7,Moderate,4652,3857,76.1,70.1,82.5,0,Maharashtra
2233,34,25,3,3,Y,TRUE,84.0,38.8,Moderate,1017,1048,100.0,73.2,67.3,0,Tripura
2234,27,12,10,1,Yes,YES,46.6,21.6,Low,3468,3434,100.0,63.3,100.0,no,Kerala
2235,26,24,8,5,yes,YES,100.0,4.6,Moderate,1168,1432,78.1,58.6,59.2,N,Telangana
2236,6,20,10,2,TRUE,yes,26.4,70.2,Low,6132,4483,65.6,44.8,38.8,No,Punjab
2237,26,3,1,4,Y,False,55.9,15.5,Low,3267,3576,92.1,21.9,61.8,no, Assam  
2238,25,3,10,5,True,No,33.2,22.4,Low,5793,4347,64.9,73.9,74.8,0,Assam
2239,6,1,1,3,True,TRUE,48.7,41.7,Low,159,154,,58.7,88.9,0,Andhra Pradesh
2240,21,20,6,1,Yes,N,33.1,89.2,HIGH,4247,3897,88.7,,52.8,1,Punjab
2241,18,26,3,6,TRUE,YES,78.2,83.0,High,6250,4706,70.4,57.0,56.3,False,Uttar Pradesh
2242,1,21,3,6,TRUE,0,55.4,25.9,Low,3167,2920,92.4,82.0,63.2,0,Rajasthan
2243,33,30,11,4,True,NO,94.7,61.0,Low,2520,3098,85.6,74.5,35.3,NO,Jammu and Kashmir
2244,7,27,7,4,1,Yes,31.7,33.7,Moderate,4038,4862,84.2,77.6,50.6,No,Uttarakhand
2245,29,4,11,1,True,Yes,92.0,38.0,Moderate,1829,1939,95.9,88.9,46.7,False,Bihar
2246,32,6,4,6,YES,yes,44.9,85.9, Low ,2026,1733,,62.1,57.5,No,Goa
2247,2,27,5,3,YES,yes,72.8,83.2,High,3589,3736,98.7,49.1,78.9,False,Uttarakhand
2248,20,27,6,6,yes,Yes,54.3,45.5,Low,1621,1544,90.6,54.6,57.0,False,Uttarakhand
2249,21,13,5,3,Yes,Yes,58.7,24.9,Low,3606,3873,97.2,63.0,100.0,N,Madhya Pradesh
2250,1,11,9,3,YES,TRUE,72.3,67.6,Moderate,4483,3454,71.5,77.1,64.2,False,Karnataka
2251,36,32,6,5,Y,yes,52.4,,Moderate,5132,3870,69.1,85.3,87.2,0,Puducherry
2252,12,4,5,3,YES,False,31.7,83.2, Moderate ,4338,4615,95.8,62.3,96.5,0,Bihar
2253,11,15,1,3,TRUE,NO,63.9,95.2,Low,4241,4422,100.0,75.0,33.8,No,Manipur
2254,16,9,10,3,yes,FALSE,45.2,32.6,Low,4851,3752,71.5,69.0,69.6,False,Himachal Pradesh
2255,19,15,4,3,yes,FALSE,83.4,86.4,High,1104,1417,77.2,48.5,81.8,Y,Manipur
2256,34,28,8,6,Yes,yes,66.6,46.3,Moderate,1519,1149,64.0,64.2,70.6,False,West Bengal
2257,31,30,3,4,TRUE,yes,61.2,40.9,Moderate,4548,3268,59.4,61.6,83.9,0,Jammu and Kashmir
2258,31,10,12,3,Yes,0,98.3,84.5,Low,1953,2585,72.8,86.1,79.3,False,Jharkhand
2259,1,27,8,1,Yes,Yes,56.6,23.3,Moderate,2559,2637,92.6,38.5,60.7,0,Uttarakhand
2260,29,19,5,2,1,0,76.6,12.4,Moderate,391,484,80.0,70.1,89.1,NO,Odisha
2261,5,25,11,5,YES,Y,50.0,63.2,Low,2312,2086,87.1,86.7,64.8,no,Tripura
2262,33,23,10,2,yes,1,53.5,59.5,Moderate,2075,1497,60.9,51.2,67.7,0,Tamil Nadu
2263,5,1,6,5,1,Yes,57.1,24.7,Low,2277,1962,84.5,58.1,86.4,no,Andhra Pradesh
2264,34,17,4,3,Yes,TRUE,64.8,32.9,High,215,297,75.8,59.1,86.7,NO,Mizoram
2265,15,19,4,6,True,N,65.8,73.8,Low,85,88,98.2,,70.4,FALSE,Odisha
2266,2,2,7,6,YES,0,75.5,41.5,Low,5533,4462,78.4,55.1,100.0,no,Arunachal Pradesh
2267,19,16,6,6,yes,False,37.6,,Moderate,2438,2201,87.1,52.7,100.0,no,Meghalaya
2268,2,31,4,1,YES,0,43.7,76.9,Moderate,3412,2476,59.5,45.6,100.0,NO,Ladakh
2269,5,7,2,2,Yes,TRUE,35.0,58.2,Low,3201,3038,97.3,71.3,42.8,0,Gujarat
2270,6,21,5,5,1,1,74.2,81.7, Low ,2327,2063,88.3,68.7,70.0,NO,Rajasthan
2271,30,30,1,1,Y,Yes,100.0,68.3,Low,2329,2761,88.2,61.6,69.0,0,Jammu and Kashmir
2272,24,2,11,6,YES,YES,74.3,95.1,Low,1707,1880,95.0,42.1,78.3,N,Arunachal Pradesh
2273,26,12,5,2,YES,N,30.0,24.9,High,5534,4353,69.9,67.0,70.5,no,Kerala
2274,29,10,1,5,Yes,no,53.1,88.5,Low,5985,4500,63.5,95.2,71.3,FALSE,Jharkhand
2275,32,3,8,6,YES,Y,47.9,54.7,High,3191,3805,79.2,69.6,78.5,0,Assam
2276,34,32,8,6,YES,1,43.2,72.0,Low,542,601,88.7,71.0,51.5,0,Puducherry
2277,28,13,7,5,yes,yes,62.0,,Low,2577,3387,72.7,73.3,79.8,no,Madhya Pradesh
2278,18,7,11,2,1,no,56.0,63.6,Moderate,1426,1224,83.0,82.6,52.6,N,Gujarat
2279,10,11,7,1,Yes,N,67.6,22.2,Moderate,4132,3471,82.8,69.0,77.9,False,Karnataka
2280,23,7,6,2,Y,yes,36.5,24.7,Moderate,867,1002,82.4,66.6,39.1,N,Gujarat
2281,35,32,2,2,YES,YES,100.0,67.9,Low,4329,4234,92.8,67.2,74.2,No,Puducherry
2282,29,15,2,3,True,N,63.8,,Low,3733,3785,95.9,,80.2,no,Manipur
2283,25,5,10,4,Y,no,77.9,31.7,Moderate,516,685,77.2,97.0,60.3,FALSE,Chhattisgarh
2284,4,10,2,1,YES,N,61.4,93.7,Moderate,946,696,61.3,93.0,65.7,0,Jharkhand
2285,28,20,11,5,TRUE,True,49.8,10.8,Moderate,1130,1262,87.0,76.8,57.7,False,Punjab
2286,30,4,1,3,YES,1,68.5,94.1,Moderate,869,1207,67.7,78.7,49.7,FALSE,Bihar
2287,4,27,4,3,YES,Y,67.7,85.6,Moderate,2315,2805,86.4,79.6,74.8,False,Uttarakhand
2288,25,14,3,5,True,FALSE,59.5,33.8,Low,5385,4111,65.1,47.7,54.7,NO,Maharashtra
2289,32,19,11,2,YES,N,85.8,27.6,Low,4090,4011,95.9,57.8,83.8,0,Odisha
2290,31,21,4,3,YES,TRUE,29.4,34.7,Moderate,3159,4480,70.0,82.5,68.7,no,Rajasthan
2291,14,32,3,3,Y,0,77.8,15.7,Low,5060,4789,98.2,67.1,44.7,NO,Puducherry
2292,7,20,11,3,True,True,49.1,32.1,Moderate,3070,3570,90.7,69.0,61.1,False,Punjab
2293,8,25,11,6,Y,YES,78.3,87.1,High,5358,4378,79.7,92.8,47.5,TRUE,Tripura
2294,17,13,9,6,True,YES,67.3,18.5,High,674,727,93.5,52.2,36.2,False,Madhya Pradesh
2295,32,29,11,2,TRUE,TRUE,87.0,56.0,Low,4119,4836,80.6,56.9,58.1,N,Delhi (NCT)
2296,34,22,1,6,Yes,1,43.1,2.9,Low,2357,2745,84.1,44.2,79.7,NO,Sikkim
2297,23,6,11,2,Yes,FALSE,34.8,67.0,Moderate,546,597,,69.4,64.1,0,Goa
2298,28,29,3,5,Yes,no,56.3,59.5,Low,2870,4035,74.0,96.8,83.1,no,Delhi (NCT)
2299,24,27,7,4,True,N,59.2,80.1,Low,5770,4478,73.2,53.5,83.1,FALSE,Uttarakhand
2300,30,25,1,1,TRUE,no,100.0,37.3,MODERATE,2853,2743,96.9,71.9,54.0,NO,TRIPURA
2301,18,1,2,6,yes,yes,80.8,25.4,Low,1863,1875,100.0,78.6,56.9,N,Andhra Pradesh
2302,25,20,8,4,yes,TRUE,50.0,92.4,Moderate,3106,2339,64.0,58.4,68.8,N,Punjab
2303,13,9,10,3,Yes,True,75.3,66.8,Low,1953,2743,66.3,65.7,79.4,No,Himachal Pradesh
2304,22,1,7,6,YES,YES,,50.0,Moderate,3604,4134,91.5,56.6,75.4,NO,Andhra Pradesh
2305,4,20,7,3,TRUE,N,64.4,,Low,1140,1522,71.8,72.8,17.6,FALSE,Punjab
2306,2,27,2,4,YES,False,68.0,69.0,High,2326,1811,70.7,78.5,63.1,True,Uttarakhand
2307,1,21,4,5,Yes,N,87.1,7.8,High,382,306,74.4,66.5,76.5,TRUE,Rajasthan
2308,34,5,11,5,YES,No,69.2,40.2,Low,1273,1225,,67.1,73.3,0,Chhattisgarh
2309,25,8,6,1,Y,N,81.8,84.7,Low,1981,2687,71.0,81.7,60.0,No,Haryana
2310,26,4,4,5,Yes,yes,71.8,68.8,High,1605,1188,60.7,60.6,62.1,Yes,Bihar
2311,8,30,11,6,Y,N,55.9,91.9,Moderate,5084,4223,74.7,95.3,84.0,0,Jammu and Kashmir
2312,28,13,2,1,1,1,85.0,39.6,High,1906,2027,,87.7,100.0,Y,Madhya Pradesh
2313,4,30,5,2,YES,1,70.5,36.2,Moderate,1415,1861,78.6,71.4,73.8,False,Jammu and Kashmir
2314,33,15,1,5,1,yes,100.0,73.9,Moderate,1768,1822,94.6,77.0,37.7,FALSE,Manipur
2315,31,29,10,2,Y,yes,76.8,,High,2852,3814,75.5,77.3,64.3,1,Delhi (NCT)
2316,26,26,9,3,1,YES,82.7,35.7,High,2852,2082,63.8,72.8,84.0,TRUE,Uttar Pradesh
2317,15,1,1,3,yes,Y,72.0,18.6,Low,750,633,86.4,60.8,56.4,False,Andhra Pradesh
2318,22,23,1,2,Y,Y,79.0,88.8,High,6163,4407,55.8,89.5,66.0,False,Tamil Nadu
2319,10,6,2,6,1,No,52.1,18.3,Low,3695,4968,77.8,90.6,42.9,no,Goa
2320,2,11,9,4,yes,1,53.4,45.1,Low,2048,2211,91.5,45.9,66.0,FALSE, Karnataka  
2321,8,16,8,1,1,yes,91.0,88.2,Moderate,863,1141,74.3,66.4,39.1,FALSE,Meghalaya
2322,11,14,11,2,Y,1,75.8,86.5,High,573,519,92.1,100.0,44.6,Yes,Maharashtra
2323,15,8,11,1,1,FALSE,78.2,22.4,Low,2107,1962,88.2,55.0,63.2,No,Haryana
2324,16,25,10,4,1,No,58.7,40.3,Low,2147,2612,79.9,63.6,70.9,no,Tripura
2325,28,20,5,3,TRUE,True,59.6,55.5,Low,1306,1459,91.6,73.8,71.2,0,Punjab
2326,5,22,2,3,YES,Y,56.0,,Low,5688,4997,87.5,49.9,95.8,0,Sikkim
2327,6,5,10,5,1,No,60.2,20.3,Low,4550,3971,90.1,58.9,65.0,No,CHHATTISGARH
2328,33,28,11,5,Yes,True,80.1,5.0,Low,2925,2294,75.0,75.7,71.2,no,West Bengal
2329,20,6,7,6,Y,No,50.4,87.6,Low,3228,2836,90.0,83.6,92.5,No,Goa
2330,31,30,11,2,Yes,Y,51.1,,Moderate,1910,1774,92.7,59.6,56.1,False,Jammu and Kashmir
2331,31,4,9,5,TRUE,no,77.8,94.4,Low,1740,1532,84.3,61.9,67.8,0,Bihar
2332,10,18,11,4,Y,TRUE,48.1,69.2,Moderate,69,70,99.0,79.5,23.4,FALSE,Nagaland
2333,21,31,3,2,Yes,YES,78.8,73.8,Low,3270,3020,94.0,76.9,51.7,No,Ladakh
2334,24,5,12,3,1,0,48.6,21.0,High,2114,2813,75.0,81.5,44.5,1,Chhattisgarh
2335,28,12,3,6,Y,Y,94.7,89.0,Moderate,3101,3903,74.9,100.0,54.4,no,Kerala
2336,7,18,10,5,YES,NO,,75.1,Low,366,407,88.5,61.1,79.8,no,Nagaland
2337,5,3,2,2,YES,yes,66.6,90.0,High,1292,1436,89.4,85.4,54.5,0,Assam
2338,9,10,8,4,Yes,0,58.6,5.8,Low,3086,3479,86.0,50.5,78.1,no,Jharkhand
2339,20,11,7,6,TRUE,yes,69.1,38.9,Low,1865,1779,96.9,,100.0,FALSE,Karnataka
2340,24,17,4,2,Yes,YES,84.9,88.1,Low,1224,1201,99.2,74.5,83.0,0,Mizoram
2341,1,8,2,5,yes,True,53.1,3.2,HIGH,4199,3855,93.4,89.5,60.1,Yes,Haryana
2342,24,7,4,3,yes,True,71.1,49.3,Moderate,4429,4233,96.1,83.7,59.5,NO,Gujarat
2343,11,14,8,2,1,Y,31.9,483.50257056715145,Moderate,5558,4333,75.6,65.9,76.4,NO,Maharashtra
2344,8,30,6,2,TRUE,FALSE,100.0,47.2,Moderate,3717,3223,80.9,,44.3,NO,Jammu and Kashmir
2345,10,18,4,6,YES,1,100.0,34.3,Low,3238,2728,85.2,76.2,100.0,no,Nagaland
2346,31,28,6,1,Y,NO,76.4,65.1,Low,2315,2169,92.3,72.4,100.0,NO,West Bengal
2347,24,2,1,6,yes,True,44.0,11.7,Low,1509,1347,90.4,56.6,91.4,no,ARUNACHAL PRADESH
2348,34,3,5,3,Yes,N,41.4,90.0,Low,5098,3743,64.9,80.7,77.8,False,Assam
2349,35,11,9,3,1,Y,52.7,20.9,Low,1048,1343,73.8,44.6,85.3,FALSE,Karnataka
2350,12,13,12,4,True,NO,48.6,69.8,Low,2277,2159,99.1,63.2,74.8,FALSE,Madhya Pradesh
2351,24,30,12,1,yes,yes,59.2,89.0,Low,2459,2294,97.1,60.5,65.4,0,Jammu and Kashmir
2352,9,9,7,6,TRUE,Yes,71.5,95.4,Low,3769,4704,78.6,77.1,45.4,N,HIMACHAL PRADESH
2353,30,24,1,2,TRUE,Y,,61.5,Low,2469,1965,70.8,80.4,57.7,FALSE,Telangana
2354,2,14,5,3,Y,N,80.4,4.6,Moderate,5018,3712,63.6,59.1,82.0,no,Maharashtra
2355,25,27,4,4,1,0,45.4,71.9,Low,2453,2924,83.6,74.4,29.0,0,Uttarakhand
2356,31,1,9,3,YES,1,57.6,53.7,Moderate,3683,2830,65.0,67.3,49.0,NO,Andhra Pradesh
2357,35,5,3,2,TRUE,False,63.0,,Moderate,5203,4844,88.2,97.3,70.9,0,Chhattisgarh
2358,25,22,8,2,True,TRUE,93.8,85.7,Low,4384,4855,87.5,48.1,78.2,N,Sikkim
2359,25,18,5,3,Y,YES,,56.7,Low,2351,2950,82.0,,51.8,NO,Nagaland
2360,10,1,9,3,True,N,,61.4,Moderate,3618,3542,96.2,52.7,89.5,False,Andhra Pradesh
2361,17,18,3,4,Yes,YES,77.0,21.5,Moderate,3080,2580,81.4,78.8,91.2,0,Nagaland
2362,4,29,2,6,Y,1,82.8,77.8,High,4490,4559,100.0,62.6,70.2,1,Delhi (NCT)
2363,13,17,6,5,YES,1,78.7,40.4,High,3671,2787,65.3,68.0,67.8,FALSE,Mizoram
2364,10,10,2,6,Y,Yes,98.3,13.3,High,3453,3544,99.4,81.9,89.3,yes,Jharkhand
2365,12,32,9,1,True,Yes,,47.4,Low,2866,3976,69.2,74.6,66.4,NO,Puducherry
2366,27,13,11,3,TRUE,TRUE,44.0,44.0,Low,2494,3109,80.3,,70.8,False,Madhya Pradesh
2367,27,12,6,4,1,yes,80.5,15.9,Moderate,4345,4752,96.3,60.8,57.7,No,Kerala
2368,9,14,6,5,1,TRUE,86.0,75.5,Moderate,3103,2957,97.9,92.9,74.7,False,Maharashtra
2369,1,25,1,1,Y,Yes,54.8,64.8,Low,206,163,76.8,98.1,69.3,no,Tripura
2370,12,14,12,4,1,Yes,60.1,30.2,Low,6043,4714,71.4,66.7,91.3,0,Maharashtra
2371,22,19,5,4,YES,False,53.6,20.0,LOW,6234,4755,64.6,63.0,63.9,No,ODISHA
2372,13,12,7,4,Y,False,48.8,47.4,Moderate,1220,1313,90.4,80.5,96.6,N,Kerala
2373,14,15,2,5,Yes,False,82.8,22.3,Low,3705,3678,95.6,68.8,39.0,no,Manipur
2374,15,20,12,4,1,Y,,13.5,Moderate,2249,2251,100.0,61.1,78.7,no,Punjab
2375,25,17,3,1,Yes,True,75.3,23.2,Low,1620,1791,88.7,74.9,50.5,0,Mizoram
2376,31,18,8,6,YES,Yes,59.8,25.4,Low,3590,3876,91.0,58.5,62.5,No,Nagaland
2377,11,25,6,4,Yes,YES,48.9,18.9,Low,271,326,83.5,73.7,78.1,No,Tripura
2378,9,14,2,1,Y,True,49.1,40.8,Low,1487,1328,89.5,86.6,62.3,False,Maharashtra
2379,2,20,3,3,1,0,77.4,93.4,High,441,398,85.9,81.4,59.0,1,Punjab
2380,6,6,9,1,Y,YES,41.6,37.5,Moderate,3101,2269,59.7,42.7,82.9,No,Goa
2381,17,8,7,4,Yes,1,96.0,79.3,High,3659,3299,85.0,47.8,65.4,1,Haryana
2382,7,1,10,1,Yes,True,55.7,50.1,Low,1048,851,72.1,61.7,90.5,No,Andhra Pradesh
2383,30,12,6,6,YES,YES,54.1,17.7,Low,3309,2572,,,44.6,NO,Kerala
2384,35,2,2,1,YES,Yes,70.3,87.5,Low,2657,2207,75.1,,54.6,False,Arunachal Pradesh
2385,36,6,10,3,Y,1,36.6,19.6,Low,6329,4842,72.4,67.9,52.4,N,Goa
2386,6,16,7,2,Y,YES,59.4,86.1,Low,4739,4378,91.8,75.8,94.7,No,Meghalaya
2387,19,24,1,5,Yes,Y,84.8,84.6,Moderate,402,411,93.3,65.9,86.8,FALSE,Telangana
2388,14,23,4,1,Yes,Y,81.7,18.6,Low,2022,2843,,77.8,54.8,FALSE,Tamil Nadu
2389,12,27,3,3,True,True,44.7,4.3,Low,1594,1927,79.7,83.3,80.2,0,Uttarakhand
2390,18,25,2,3,TRUE,Yes,82.0,46.5,Low,2225,2395,97.2,42.9,81.1,False,Tripura
2391,22,7,4,5,Y,Y,62.1,85.0,Low,1828,1520,75.1,78.5,94.4,NO,Gujarat
2392,4,10,5,1,TRUE,False,99.6,67.7,Low,150,108,64.4,56.0,76.8,NO,Jharkhand
2393,22,27,7,1,YES,True,68.8,19.2,Low,2649,3560,72.3,76.7,64.8,N,Uttarakhand
2394,15,24,8,1,1,yes,48.5,29.3,Low,229,219,97.0,55.4,78.4,False,Telangana
2395,33,2,12,3,Yes,Y,48.5,25.3,Moderate,4277,3995,90.0,55.4,84.4,NO,Arunachal Pradesh
2396,25,32,6,4,1,YES,86.4,21.5,Moderate,2611,1904,62.8,60.3,55.2,FALSE,Puducherry
2397,8,18,7,2,1,yes,52.9,67.7,High,75,84,89.2,43.9,49.3,False,Nagaland
2398,24,24,9,3,Y,False,77.1,,Moderate,5789,4442,,47.2,100.0,FALSE,Telangana
2399,19,11,1,6,1,Yes,52.1,3.6,Low,1624,1163,62.7,87.2,59.1,NO,Karnataka
2400,14,11,1,5,1,1,52.5,32.0,High,2765,3459,79.6,76.8,74.7,Yes,Karnataka
2401,26,2,10,3,Yes,Y,34.0,66.1,Low,545,453,79.8,72.1,47.3,no,Arunachal Pradesh
2402,8,11,7,6,yes,False,86.6,58.5,Low,1523,1393,94.6,,62.5,No,Karnataka
2403,18,26,2,6,YES,FALSE,50.4,79.0,Moderate,1252,1180,95.8,50.8,76.8,FALSE,Uttar Pradesh
2404,33,19,4,3,Y,0,44.6,62.4,Moderate,3229,2442,70.8,59.7,63.8,FALSE,Odisha
2405,36,32,3,5,Y,Yes,100.0,87.9,High,2719,2710,100.0,76.0,34.7,Yes,Puducherry
2406,15,25,11,4,True,yes,77.0,71.7,LOW,1612,1511,95.2,79.1,84.7,No,Tripura
2407,17,19,3,6,Y,No,52.4,75.4,Moderate,3081,2910,91.2,62.4,85.4,FALSE,Odisha
2408,29,19,6,3,yes,Yes,28.4,89.2,High,2696,3574,76.4,100.0,50.6,1,Odisha
2409,4,4,3,6,1,yes,76.3,30.0,High,3168,4276,72.5,50.9,55.0,no,Bihar
2410,31,13,6,4,TRUE,YES,52.8,32.1,High,1439,1545,97.8,55.6,61.9,1,Madhya Pradesh
2411,17,14,7,5,Yes,1,36.5,94.7,Low,599,809,76.7,57.6,84.4,0,Maharashtra
2412,11,17,6,3,TRUE,Y,50.8,88.8,Moderate,2050,1649,71.3,68.2,70.4,FALSE,Mizoram
2413,20,29,1,1,Y,yes,37.8,21.5,Low,734,1005,75.8,84.7,84.4,No,Delhi (NCT)
2414,32,4,7,2,yes,yes,74.6,72.5,Low,801,689,87.8,74.4,56.7,NO,Bihar
2415,6,13,5,2,YES,0,,70.6,Low,969,1162,84.0,95.8,26.7,No,Madhya Pradesh
2416,23,20,2,1,Yes,Y,66.5,76.2,Low,3766,4312,86.7,59.6,48.5,NO,Punjab
2417,29,3,6,2,1,No,73.4,11.8,Low,2952,2442,79.1,69.3,75.8,N,Assam
2418,13,14,4,4,1,FALSE,72.9,20.2,Moderate,1167,1588,71.1,86.0,38.9,No,Maharashtra
2419,2,11,10,3,Y,Yes,42.7,7.5,Moderate,2936,3502,88.0,78.7,64.1,NO,Karnataka
2420,4,25,5,4,Y,yes,35.1,28.2,Moderate,2655,3541,76.1,56.0,67.7,N,Tripura
2421,36,23,7,3,Yes,TRUE,65.2,19.0,High,862,819,90.9,67.6,49.1,TRUE,TAMIL NADU
2422,5,20,4,5,1,0,23.6,58.5,Moderate,3073,2380,66.7,69.9,74.5,NO,Punjab
2423,23,30,1,2,1,N,64.2,95.5,Moderate,3596,3530,98.3,78.5,60.4,No,Jammu and Kashmir
2424,1,10,9,1,yes,YES,46.4,43.9,Low,5111,4574,91.4,64.5,71.9,0,jharkhand
2425,10,21,11,2,TRUE,True,83.4,54.8,Low,3353,4673,66.9,,73.6,FALSE,Rajasthan
2426,35,27,6,1,True,False,53.0,26.4,Low,1981,1465,62.0,69.2,58.4,0,Uttarakhand
2427,34,3,6,1,True,True,49.8,89.6,High,6305,4854,66.8,78.2,59.2,no,Assam
2428,13,1,7,5,YES,True,66.1,34.1,High,1690,1748,97.7,85.0,88.9,No,Andhra Pradesh
2429,15,19,1,4,Y,True,64.4,4.8,low,3194,4519,70.1,84.2,74.6,N,Odisha
2430,10,5,10,1,yes,No,53.7,3.1,Low,857,646,69.4,76.8,60.9,False,Chhattisgarh
2431,32,7,10,4,yes,True,77.0,94.8,Moderate,2197,1656,63.0,51.7,73.9,no,Gujarat
2432,23,18,1,1,yes,NO,67.4,69.2,Moderate,3249,2419,67.7,58.2,61.8,0,Nagaland
2433,30,28,8,2,Yes,True,29.5,12.4,Moderate,2523,3029,86.9,82.9,57.0,FALSE,West Bengal
2434,21,24,7,5,Y,1,,24.4,Moderate,2381,2311,97.6,78.2,50.3,NO,Telangana
2435,25,12,12,4,YES,YES,60.9,59.3,Low,2084,2766,74.1,95.2,92.0,no,Kerala
2436,15,32,1,5,TRUE,Yes,38.6,26.6,High,1696,1302,71.5,55.1,66.7,no,Puducherry
2437,27,26,6,3,Yes,TRUE,83.7,4.2,High,3507,4415,81.5,82.7,54.0,NO,Uttar Pradesh
2438,20,13,1,6,True,NO,56.5,5.0,Low,436,374,87.6,58.0,50.6,NO,Madhya Pradesh
2439,33,29,7,6,TRUE,FALSE,53.4,55.9,Moderate,2217,2739,81.5,,31.1,N,Delhi (NCT)
2440,3,23,12,4,True,Yes,92.2,49.6,Moderate,5001,4013,77.6,86.1,65.7,NO,Tamil Nadu
2441,18,12,4,3,TRUE,TRUE,45.7,52.2,Low,3653,4117,93.2,83.0,62.0,NO,Kerala
2442,30,16,9,1,1,yes,89.2,3.2,Low,1508,1599,95.3,73.6,39.1,NO,Meghalaya
2443,19,5,4,6,Yes,True,63.4,56.5,Moderate,606,752,75.6,100.0,57.4,N,Chhattisgarh
2444,36,10,7,3,Y,Y,100.0,8.1,Low,5053,4993,100.0,64.4,64.7,NO,Jharkhand
2445,2,29,4,2,TRUE,yes,70.8,29.0,Moderate,1477,1461,95.1,80.0,100.0,no,Delhi (NCT)
2446,8,18,6,4,True,no,87.0,64.4,Moderate,1998,1486,67.3,59.8,77.0,N,Nagaland
2447,13,5,11,5,yes,1,83.8,55.4,Low,3144,3644,84.0,83.3,25.1,NO,Chhattisgarh
2448,26,26,4,1,1,True,65.5,30.6,Moderate,3929,4774,82.8,76.7,69.5,FALSE,Uttar Pradesh
2449,34,18,4,3,1,TRUE,28.9,95.9,Low,1542,1343,87.9,,72.2,no,Nagaland
2450,31,7,7,5,1,Yes,61.8,25.8,Low,1903,2115,94.7,90.9,74.9,FALSE,Gujarat
2451,17,5,9,6,YES,yes,55.7,82.1,Low,5032,3805,68.3,51.4,56.1,no,Chhattisgarh
2452,26,12,9,1,Y,YES,81.9,27.2,Low,6610,4757,57.2,,50.3,no,Kerala
2453,25,3,9,4,True,YES,78.6,89.5,Moderate,3062,2775,94.4,88.0,31.4,No,Assam
2454,17,13,12,4,YES,True,73.5,30.3,Low,2202,2621,80.7,100.0,72.9,NO,Madhya Pradesh
2455,13,1,5,1,True,TRUE,52.8,5.3,Moderate,4350,3657,77.1,82.1,77.6,0,Andhra Pradesh
2456,15,18,10,3,Y,Y,66.5,29.8,Low,4361,3895,91.5,66.6,57.6,no,Nagaland
2457,12,31,4,1,YES,YES,89.8,71.7,High,1904,1805,94.4,73.4,74.6,TRUE,Ladakh
2458,31,9,12,6,True,1,79.6,21.4,Low,5406,4396,79.8,55.4,65.4,No,Himachal Pradesh
2459,36,5,6,5,YES,yes,56.3,18.3,Low,4992,3723,64.4,58.5,63.3,FALSE,Chhattisgarh
2460,33,16,1,4,Y,No,69.9,16.7,Low,917,1052,,69.1,76.4,N,Meghalaya
2461,4,16,4,6,Y,True,75.7,88.0,Low,6025,4751,77.0,79.8,38.9,0,Meghalaya
2462,30,26,1,5,Yes,Y,,88.0,Low,1487,1873,78.6,39.2,52.4,NO,Uttar Pradesh
2463,27,17,9,6,Yes,YES,69.9,48.6, Low ,3000,3303,88.4,65.1,74.1,0,Mizoram
2464,6,27,8,5,TRUE,YES,56.6,66.1,Low,4634,3424,68.8,,65.6,N,Uttarakhand
2465,15,22,11,5,YES,True,37.5,40.5,High,3234,3862,82.1,,46.7,NO,Sikkim
2466,29,7,5,5,yes,YES,78.1,69.7,Low,95,128,75.1,73.5,73.0,False,Gujarat
2467,27,10,4,1,Y,NO,97.0,43.2,Moderate,5369,4098,73.7,62.8,83.0,FALSE,Jharkhand
2468,20,27,2,4,True,FALSE,38.5,9.7,Low,1907,2046,97.8,80.0,51.4,False,Uttarakhand
2469,11,15,1,5,Yes,No,40.8,95.9,Low,1412,1112,76.6,89.6,91.3,FALSE,Manipur
2470,18,25,8,6,Yes,True,62.7,59.6,Low,1221,1025,76.6,81.4,67.8,NO,Tripura
2471,36,1,5,2,Yes,1,90.5,70.3,Low,3539,4115,86.5,70.6,58.3,NO,andhra pradesh
2472,27,9,5,3,Y,YES,69.9,39.0,Low,3816,3676,100.0,98.5,88.3,NO,Himachal Pradesh
2473,29,28,12,2,True,Y,32.8,81.5,High,5491,4771,80.9,65.0,47.2,N,West Bengal
2474,27,2,12,5,TRUE,TRUE,,73.5,Moderate,3000,3992,78.2,62.5,86.1,no,Arunachal Pradesh
2475,5,16,7,3,True,Y,56.1,54.1,High,5604,4722,80.4,,57.8,yes,Meghalaya
2476,5,27,10,4,Y,TRUE,41.4,33.0,Moderate,625,837,75.9,64.7,93.6,NO,Uttarakhand
2477,16,31,12,1,True,0,67.8,8.9,Low,3846,3425,84.8,53.8,65.0,no,Ladakh
2478,23,15,6,4,1,yes,,95.5,Low,1520,1810,82.3,74.8,84.1,0,Manipur
2479,9,18,6,5,TRUE,True,84.8,81.3,Low,2198,2702,85.0,83.6,64.1,0,Nagaland
2480,13,29,5,2,True,1,43.6,14.9,High,1864,1563,85.5,69.0,91.1,N,Delhi (NCT)
2481,3,19,3,2,yes,True,66.4,57.7,Low,223,287,79.5,81.5,51.4,False,Odisha
2482,25,32,11,4,True,1,45.0,43.4,low,3275,3502,96.1,60.5,79.1,NO,Puducherry
2483,22,5,7,2,Y,FALSE,53.1,10.9,Moderate,5348,4460,84.9,72.6,60.5,N,Chhattisgarh
2484,14,11,10,5,True,TRUE,34.9,9.6,Low,3303,4440,74.9,77.1,74.5,No,Karnataka
2485,20,14,8,4,1,True,88.4,20.5,Moderate,3449,3167,88.4,75.0,61.6,0,Maharashtra
2486,1,25,6,5,Y,True,80.7,23.3,Low,294,219,69.7,58.6,68.0,False,Tripura
2487,7,30,1,6,1,NO,43.9,79.3,Moderate,699,756,97.2,71.6,66.8,0,Jammu and Kashmir
2488,14,6,4,2,TRUE,Y,48.6,15.0,Low,3359,3748,85.9,71.2,63.1,False,Goa
2489,24,19,3,4,yes,Y,62.0,39.1,Low,283,292,98.8,67.9,41.6,no, Odisha  
2490,24,21,8,6,YES,1,66.9,56.0,Low,4012,4749,89.2,62.6,89.3,No,Rajasthan
2491,1,32,11,3,Y,No,77.4,76.3,Low,1068,776,59.4,65.7,89.6,False,Puducherry
2492,22,21,8,3,Yes,Yes,31.0,36.4,Moderate,2248,1774,72.5,70.9,14.7,0,Rajasthan
2493,26,1,1,4,True,FALSE,85.1,13.3,High,960,739,71.6,67.6,61.4,False,Andhra Pradesh
2494,5,22,4,4,Yes,False,76.0,56.0,Low,3134,3796,87.0,61.1,78.5,FALSE,Sikkim
2495,11,19,5,4,TRUE,1,22.6,27.9,Low,2252,2744,78.5,75.7,91.0,No,Odisha
2496,33,6,5,4,True,1,73.0,86.9,Moderate,155,175,89.4,60.6,59.2,N,Goa
2497,22,30,6,4,True,No,97.9,62.1,Low,291,210,61.0,89.5,60.1,N,Jammu and Kashmir
2498,36,13,5,1,yes,NO,58.0,14.6,Low,1315,1238,90.1,64.1,80.6,NO,Madhya Pradesh
2499,34,11,11,4,1,Y,41.4,,Moderate,686,674,95.6,39.9,43.8,N,Karnataka
2500,4,8,9,5,Yes,yes,42.8,77.2,Low,2740,3120,88.9,54.3,65.2,No,Haryana
1448,7,31,1,4,Y,yes,74.5,57.8,Moderate,1336,1331,100.0,88.0,100.0,no,Ladakh
1115,32,17,9,5,YES,yes,86.6,95.5,High,1242,997,72.8,85.5,46.2,True,Mizoram
1065,14,12,8,1,True,yes,49.2,89.6,moderate,611,691,90.8,80.5,66.9,NO,Kerala
2288,25,14,3,5,True,FALSE,59.5,33.8,Low,5385,4111,65.1,47.7,54.7,NO,Maharashtra
1538,3,32,4,2,Yes,Y,85.0,8.7,High,1719,1319,74.4,88.8,69.5,Yes,Puducherry
669,27,8,2,4,YES,FALSE,83.6,2.5,Low,2088,1732,84.0,85.0,49.5,NO,Haryana
1584,21,15,7,5,Yes,Y,40.7,92.1,Moderate,251,214,78.1,39.8,99.1,NO,Manipur
2405,36,32,3,5,Y,Yes,100.0,87.9,High,2719,2710,100.0,76.0,34.7,Yes,Puducherry
498,30,16,2,5,True,no,38.8,14.4,Low,3355,3327,94.5,53.3,51.2,False,Meghalaya
2481,3,19,3,2,yes,True,66.4,57.7,Low,223,287,79.5,81.5,51.4,False,Odisha
472,10,20,12,6,True,YES,73.0,12.2,Moderate,1248,1478,85.8,25.9,52.0,no,Punjab
247,2,26,5,4,yes,TRUE,100.0,3.5,Moderate,876,980,88.9,88.1,49.9,no,Uttar Pradesh
924,10,32,10,2,1,YES,65.8,66.2,Low,2462,2607,90.9,81.1,98.8,N,Puducherry
1132,17,13,4,4,True,True,37.3,70.9,Low,2555,3632,66.7,95.8,94.8,N,Madhya Pradesh
671,21,15,2,2,Y,TRUE,92.4,17.4,Low,2199,2612,83.2,71.5,84.3,no,Manipur
917,6,18,5,5,Y,yes,68.8,17.6,Moderate,1759,2267,79.6,83.9,76.8,no,Nagaland
1415,12,23,10,2,Yes,TRUE,83.0,21.3,Moderate,3237,2499,70.0,32.2,50.9,False,Tamil Nadu
1607,14,30,5,2,Yes,1,74.7,43.6,Moderate,4369,3244,,54.0,44.6,No,Jammu and Kashmir
403,22,18,8,5,1,FALSE,62.2,75.7,Low,4119,3230,69.8,35.0,59.8,NO,NAGALAND
1104,15,28,1,3,True,1,69.5,90.4,Low,1728,1263,58.9,53.6,81.6,No,West Bengal
2073,16,8,10,2,yes,yes,100.0,16.8,LOW,4829,4125,86.2,52.5,68.9,N,Haryana
720,21,4,12,3,Yes,YES,60.7,29.8,High,3419,3337,100.0,35.0,99.5,True,Bihar
2012,19,5,7,5,yes,False,97.7,90.8,Low,2624,3667,,39.3,74.6,no,Chhattisgarh
2437,27,26,6,3,Yes,TRUE,83.7,4.2,High,3507,4415,81.5,82.7,54.0,NO,Uttar Pradesh
197,3,20,8,5,True,Yes,38.5,90.4,High,790,713,91.0,63.5,100.0,yes,Punjab
892,27,31,11,4,YES,True,54.3,81.2,Low,3756,4745,76.9,89.3,52.7,N,Ladakh
1265,7,30,7,1,True,FALSE,83.9,72.0,Low,2539,2720,94.8,91.0,71.2,no,Jammu and Kashmir
1035,6,7,6,2,Y,no,94.0,82.0,Low,1016,1077,98.9,80.7,70.6,No,Gujarat
1326,36,23,3,3,True,TRUE,43.1,55.5,Moderate,343,349,99.3,61.9,60.7,NO,Tamil Nadu
510,6,8,11,3,Y,No,62.0,56.5,Low,5457,4856,90.4,61.4,57.4,N,Haryana
