fact_id,date_id,state_id,program_id,program_coverage_pct,people_screened,beneficiaries_reached,maternal_health_beneficiaries,child_immunization_count,children_population,adults_population,elderly_population,high_risk_individuals,chronic_disease_patients,health_vulnerability_index,socioeconomic_score
1,1,1,1,85.0,135857.0,115673.0,18060,8431493.0,13215224,31231346,6957695,19425,16015,25.0,42.9
2,1,1,2,65.6,146606.0,102320.0,33298,11757218.0,13215224,31231346,6957695,21466,8878,49.9,45.2
3,1,1,3,44.1,113323.0,97228.0,21849,11858458.0,13215224,31231346,6957695,8402,16404,52.5,37.9
4,1,1,4,59.1,128387.0,86287.0,18308,8340853.0,13215224,31231346,6957695,18276,3194,48.8,40.9
5,1,1,5,67.4,43864.0,20970.0,5091,9117993.0,13215224,31231346,6957695,1982,3710,30.5,62.7
6,1,1,6,71.6,114199.0,49638.0,16072,12897506.0,13215224,31231346,6957695,11016,4973,53.1,63.2
7,1,2,1,98.3,1521.0,,291,339137.0,428284,921925,192916,158,159,51.8,68.0
8,1,2,2,37.5,1554.0,980.0,168,290925.0,428284,921925,192916,207,107,39.8,34.8
9,1,2,3,98.6,2358.0,1029.0,306,326013.0,428284,921925,192916,98,105,62.5,40.4
10,1,2,4,74.0,2233.0,1889.0,524,336055.0,428284,921925,192916,327,58,57.4,72.6
11,1,2,5,36.7,1828.0,924.0,258,268029.0,428284,921925,192916,160,104,31.6,58.3
12,1,2,6,41.1,3962.0,2905.0,632,273212.0,428284,921925,192916,376,106,46.4,49.1
13,1,3,1,82.8,97972.0,84493.0,28525,8761125.0,9873008,21191808,4528133,12282,11871,63.4,34.8
14,1,3,2,69.3,53312.0,23077.0,4815,7470562.0,9873008,21191808,4528133,3794,1619,81.0,64.4
15,1,3,3,37.5,72403.0,29147.0,8571,8828953.0,9873008,21191808,4528133,2869,2547,40.4,77.4
16,1,3,4,67.0,51382.0,23561.0,3142,7571198.0,9873008,21191808,4528133,4241,2820,42.7,29.8
17,1,3,5,41.5,82534.0,59015.0,19276,9650088.0,9873008,21191808,4528133,2954,5245,57.7,64.0
18,1,3,6,69.1,57664.0,31343.0,7361,5978415.0,9873008,21191808,4528133,5184,1429,23.7,76.9
19,1,4,1,49.6,115883.0,49238.0,10876,18574205.0,30532941,70386751,13517862,11676,5396,100.0,68.4
20,1,4,2,37.2,69284.0,35891.0,6995,29126007.0,30532941,70386751,13517862,6778,2149,,34.2
21,1,4,3,72.0,115406.0,67149.0,16026,24864371.0,30532941,70386751,13517862,10453,9299,30.5,57.8
22,1,4,4,89.0,111447.0,97796.0,19038,23236793.0,30532941,70386751,13517862,17328,15425,13.7,36.8
23,1,4,5,98.5,170992.0,92470.0,26991,22120429.0,30532941,70386751,13517862,22466,12198,28.2,0.0
24,1,4,6,85.1,150244.0,100837.0,33496,23407125.0,30532941,70386751,13517862,9638,15947,64.9,57.1
25,1,5,1,48.0,20873.0,17922.0,3330,4591226.0,7141922,16403404,2836515,4078,2152,52.8,36.5
26,1,5,2,73.3,18590.0,12423.0,1759,4710992.0,7141922,16403404,2836515,982,633,59.6,76.7
27,1,5,3,37.5,44125.0,23231.0,4691,4967321.0,7141922,16403404,2836515,1339,2762,,50.9
28,1,5,4,95.1,59817.0,46880.0,14698,6587071.0,7141922,16403404,2836515,6248,3695,76.1,49.4
29,1,5,5,38.9,67436.0,50731.0,6958,5060066.0,7141922,16403404,2836515,6667,6450,57.3,59.8
30,1,5,6,38.8,75137.0,45969.0,5534,5020299.0,7141922,16403404,2836515,5518,2128,54.3,61.8
31,1,6,1,52.5,3995.0,2111.0,639,301937.0,392251,952345,141510,149,376,43.5,58.3
32,1,6,2,67.0,2791.0,1379.0,450,281089.0,392251,952345,141510,104,196,39.8,33.1
33,1,6,3,81.8,4632.0,,469,346040.0,392251,952345,141510,760,248,37.0,62.5
34,1,6,4,45.7,2512.0,1916.0,597,277256.0,392251,952345,141510,99,310,56.7,63.2
35,1,6,5,91.4,2567.0,1128.0,305,273856.0,392251,952345,141510,90,150,52.5,30.5
36,1,6,6,52.8,2868.0,1841.0,597,,392251,952345,141510,317,91,40.5,61.0
37,1,7,1,45.2,204572.0,88774.0,19064,13079355.0,19972926,39175300,8322291,21639,11109,38.6,40.0
38,1,7,2,44.1,169509.0,79262.0,11297,17211013.0,19972926,39175300,8322291,17545,6023,70.5,98.7
39,1,7,3,80.0,127781.0,57874.0,13749,13615101.0,19972926,39175300,8322291,4151,9734,59.5,51.8
40,1,7,4,95.4,59302.0,52815.0,6653,12866486.0,19972926,39175300,8322291,12293,2514,80.3,36.4
41,1,7,5,96.4,51607.0,41583.0,14367,13317161.0,19972926,39175300,8322291,6791,5740,57.6,42.1
42,1,7,6,85.6,82973.0,42564.0,14361,17285779.0,19972926,39175300,8322291,6394,6040,49.8,38.2
43,1,8,1,47.3,36428.0,27809.0,2851,5874754.0,8618914,16830480,2654210,5359,4715,79.0,73.1
44,1,8,2,75.9,82248.0,40871.0,10655,8055578.0,8618914,16830480,2654210,3380,1750,52.6,70.6
45,1,8,3,91.5,24367.0,11587.0,2263,6396863.0,8618914,16830480,2654210,1245,777,49.1,75.2
46,1,8,4,61.7,80399.0,58488.0,7806,6478667.0,8618914,16830480,2654210,9116,5740,50.0,77.3
47,1,8,5,45.1,77059.0,55265.0,6128,7071278.0,8618914,16830480,2654210,13482,7536,52.6,29.4
48,1,8,6,68.0,18917.0,9195.0,1762,7555935.0,8618914,16830480,2654210,797,897,36.7,33.8
49,1,9,1,96.7,20442.0,16838.0,4103,1427575.0,2152427,4422671,959021,1475,1882,70.1,22.6
50,1,9,2,41.9,15862.0,12653.0,3113,1844861.0,2152427,4422671,959021,1869,1494,47.4,81.1
51,1,9,3,54.9,12234.0,6503.0,1882,1850355.0,2152427,4422671,959021,885,430,42.7,58.0
52,1,9,4,38.4,4717.0,1943.0,563,1374354.0,2152427,4422671,959021,309,136,56.7,78.6
53,1,9,5,96.3,17307.0,13816.0,4349,1366336.0,2152427,4422671,959021,2095,1360,18.6,72.9
54,1,9,6,54.9,19353.0,17297.0,2581,1418959.0,2152427,4422671,959021,1842,2359,,56.6
55,1,10,1,45.8,89113.0,36462.0,4565,7023719.0,9910938,21964088,4246995,4356,2542,,9.0
56,1,10,2,39.7,35362.0,20461.0,3625,6726814.0,9910938,21964088,4246995,2231,841,58.9,67.6
57,1,10,3,78.7,36698.0,26906.0,8536,8223654.0,9910938,21964088,4246995,3506,914,52.1,60.1
58,1,10,4,80.9,52880.0,32685.0,3882,8295651.0,9910938,21964088,4246995,6984,1456,46.3,65.1
59,1,10,5,65.1,91466.0,47165.0,16324,9614752.0,9910938,21964088,4246995,9866,7448,50.5,33.4
60,1,10,6,49.2,58725.0,29099.0,6694,,9910938,21964088,4246995,5455,3956,62.1,53.5
61,1,11,1,116.1,168381.0,130627.0,29677,14414741.0,16248472,40535694,6407976,23071,17170,48.7,56.0
62,1,11,2,77.6,58277.0,49255.0,12802,11916717.0,16248472,40535694,6407976,6595,4000,57.7,68.2
63,1,11,3,78.2,41773.0,27681.0,6083,10758998.0,16248472,40535694,6407976,4545,4481,33.7,33.4
64,1,11,4,78.3,197301.0,177487.0,42104,10463709.0,16248472,40535694,6407976,29536,28444,85.3,39.6
65,1,11,5,88.3,183534.0,158337.0,32565,10290958.0,16248472,40535694,6407976,37401,24914,55.4,78.5
66,1,11,6,43.9,97846.0,71331.0,20935,10519412.0,16248472,40535694,6407976,17602,12519,22.7,69.6
67,1,12,1,90.6,80287.0,64921.0,14701,7657273.0,10147536,20237549,4709286,10026,6827,,38.8
68,1,12,2,63.8,31719.0,15774.0,1581,9240471.0,10147536,20237549,4709286,2938,936,41.4,43.5
69,1,12,3,42.3,,36467.0,5798,9338867.0,10147536,20237549,4709286,8873,2458,72.0,67.9
70,1,12,4,94.7,30084.0,26662.0,4474,6375640.0,10147536,20237549,4709286,4044,933,42.3,39.1
71,1,12,5,49.0,98091.0,78514.0,17157,9557959.0,10147536,20237549,4709286,19329,8249,53.0,68.3
72,1,12,6,45.5,18226.0,10122.0,2422,8343307.0,10147536,20237549,4709286,1449,1785,23.6,62.4
73,1,13,1,53.0,52943.0,33086.0,4994,21291642.0,22505223,48707864,8290323,6372,5045,76.8,53.9
74,1,13,2,47.2,107523.0,64854.0,12308,20887654.0,22505223,48707864,8290323,7571,2723,75.3,60.3
75,1,13,3,93.2,170806.0,71868.0,7701,20873193.0,22505223,48707864,8290323,16290,8181,6.3,71.9
76,1,13,4,53.0,159582.0,69704.0,22603,21872937.0,22505223,48707864,8290323,11650,11148,48.0,65.6
77,1,13,5,54.0,,64391.0,15876,14646605.0,22505223,48707864,8290323,15819,2125,30.8,62.6
78,1,13,6,43.6,252764.0,156708.0,42072,21980275.0,22505223,48707864,8290323,36669,6017,75.3,61.3
79,1,14,1,84.8,297535.0,153416.0,25363,28920041.0,31601977,73895902,10789734,27524,15870,,44.7
80,1,14,2,90.8,365278.0,166929.0,55740,24190565.0,31601977,73895902,10789734,32859,22588,48.8,68.5
81,1,14,3,64.1,77381.0,51628.0,12193,24460360.0,31601977,73895902,10789734,6695,3623,88.0,56.5
82,1,14,4,86.5,329584.0,255069.0,88871,28463638.0,31601977,73895902,10789734,63674,39448,60.8,28.5
83,1,14,5,39.8,89188.0,63613.0,18932,21400968.0,31601977,73895902,10789734,15661,2174,46.6,42.6
84,1,14,6,60.6,262663.0,207210.0,28571,28547019.0,31601977,73895902,10789734,51250,25204,79.7,28.2
85,1,15,1,94.1,4378.0,2497.0,653,516146.0,795115,1771892,377366,594,291,36.8,55.3
86,1,15,2,60.2,7564.0,4825.0,620,711638.0,795115,1771892,377366,663,328,52.5,63.7
87,1,15,3,59.6,5448.0,3150.0,454,680507.0,795115,1771892,377366,546,399,78.9,63.7
88,1,15,4,67.5,8436.0,,1654,694416.0,795115,1771892,377366,1504,989,45.6,62.1
89,1,15,5,45.8,4423.0,2771.0,752,528859.0,795115,1771892,377366,676,384,73.8,64.7
90,1,15,6,64.8,5593.0,2758.0,956,574190.0,795115,1771892,377366,354,330,20.3,42.1
91,1,16,1,74.3,6701.0,5725.0,1357,951370.0,980367,1891884,284968,1299,630,43.3,55.3
92,1,16,2,91.2,1713.0,811.0,203,605194.0,980367,1891884,284968,154,57,48.0,31.8
93,1,16,3,84.2,2248.0,1521.0,359,680842.0,980367,1891884,284968,204,120,35.3,68.4
94,1,16,4,71.4,3958.0,2202.0,589,769173.0,980367,1891884,284968,303,324,41.4,13.1
95,1,16,5,56.9,6337.0,5009.0,1210,653666.0,980367,1891884,284968,1091,285,40.5,60.9
96,1,16,6,57.2,3370.0,2615.0,618,769317.0,980367,1891884,284968,248,173,52.4,77.8
97,1,17,1,40.4,2924.0,2478.0,794,205843.0,326730,721184,127174,315,158,60.9,61.9
98,1,17,2,86.2,2603.0,2106.0,408,300730.0,326730,721184,127174,424,277,42.2,27.0
99,1,17,3,95.3,1041.0,868.0,91,237047.0,326730,721184,127174,72,46,50.1,82.1
100,1,17,4,97.3,1873.0,1453.0,462,308445.0,326730,721184,127174,285,45,16.9,43.0
101,1,17,5,74.4,2709.0,1200.0,370,210878.0,326730,721184,127174,64,117,66.1,31.7
102,1,17,6,80.4,1103.0,826.0,214,287344.0,326730,721184,127174,149,143,67.3,61.1
103,1,18,1,63.6,2334.0,1562.0,529,583427.0,607668,1214919,250851,-316,78,62.3,40.5
104,1,18,2,43.1,2687.0,2075.0,640,376415.0,607668,1214919,250851,394,357,70.5,75.4
105,1,18,3,97.8,4851.0,3339.0,754,407867.0,607668,1214919,250851,432,443,88.1,74.8
106,1,18,4,53.0,3072.0,1531.0,426,449129.0,607668,1214919,250851,259,93,58.8,41.0
107,1,18,5,95.8,,2411.0,711,507200.0,607668,1214919,250851,360,421,62.3,38.1
108,1,18,6,94.5,,3014.0,680,469684.0,607668,1214919,250851,719,228,70.0,29.9
109,1,19,1,75.0,116132.0,88068.0,27339,8519087.0,13013371,28275717,5486529,7965,14212,61.7,93.3
110,1,19,2,58.6,63869.0,42337.0,10180,10591574.0,13013371,28275717,5486529,9512,2899,57.1,71.9
111,1,19,3,84.1,42886.0,19004.0,3972,10089699.0,13013371,28275717,5486529,2498,1657,10.5,51.3
112,1,19,4,84.2,122098.0,62573.0,9603,11227465.0,13013371,28275717,5486529,7206,5219,41.6,49.7
113,1,19,5,98.2,29204.0,22439.0,2412,10499051.0,13013371,28275717,5486529,1717,3130,45.3,31.8
114,1,19,6,90.2,99475.0,52933.0,16846,9834744.0,13013371,28275717,5486529,5546,5855,46.4,30.9
115,1,20,1,67.7,16973.0,12559.0,3575,7153999.0,7779696,17800804,4206960,2771,1386,54.4,68.6
116,1,20,2,35.5,25167.0,21581.0,6719,4934962.0,7779696,17800804,4206960,3126,3379,39.8,24.8
117,1,20,3,83.0,48090.0,35793.0,10416,6585097.0,7779696,17800804,4206960,3119,3884,43.5,49.6
118,1,20,4,80.9,40460.0,21592.0,5318,7084111.0,7779696,17800804,4206960,3588,1197,50.4,60.5
119,1,20,5,38.5,23774.0,20189.0,4577,5576935.0,7779696,17800804,4206960,2286,923,74.6,42.4
120,1,20,6,61.7,52634.0,21732.0,2702,4852852.0,7779696,17800804,4206960,3246,2112,,58.0
121,1,21,1,99.0,137237.0,108742.0,22171,17899185.0,22464657,46794641,8610844,20838,7785,28.7,62.6
122,1,21,2,83.6,196832.0,82345.0,17460,20950179.0,22464657,46794641,8610844,18980,5323,59.1,64.6
123,1,21,3,85.3,62568.0,52762.0,15319,,22464657,46794641,8610844,8550,5611,33.2,68.6
124,1,21,4,69.5,61331.0,25676.0,3821,21108890.0,22464657,46794641,8610844,2611,3259,36.5,67.3
125,1,21,5,81.9,159749.0,136440.0,27006,13907650.0,22464657,46794641,8610844,31492,22945,52.5,68.7
126,1,21,6,63.8,51177.0,31552.0,4457,16987155.0,22464657,46794641,8610844,4328,2932,64.3,73.4
127,1,22,1,56.0,665.0,417.0,78,129967.0,183668,428448,91145,88,71,27.8,77.5
128,1,22,2,62.3,928.0,638.0,101,159029.0,183668,428448,91145,154,39,,18.4
129,1,22,3,52.6,1601.0,1068.0,262,134205.0,183668,428448,91145,87,123,74.9,100.0
130,1,22,4,92.5,1735.0,780.0,224,160464.0,183668,428448,91145,158,118,22.1,75.5
131,1,22,5,93.1,746.0,413.0,73,156706.0,183668,428448,91145,77,16,26.9,70.2
132,1,22,6,69.1,368.0,226.0,69,157898.0,183668,428448,91145,35,14,50.0,55.4
133,1,23,1,49.7,106672.0,54833.0,6936,16643008.0,22656985,42935575,8185381,12248,9178,2.6,44.0
134,1,23,2,65.0,72091.0,37502.0,12005,15957897.0,22656985,42935575,8185381,6555,2613,56.4,73.2
135,1,23,3,88.7,182555.0,138075.0,17654,14961451.0,22656985,42935575,8185381,8777,23471,54.0,48.7
136,1,23,4,98.2,84112.0,57592.0,7104,16127417.0,22656985,42935575,8185381,7300,6148,41.1,52.9
137,1,23,5,50.7,,140485.0,30882,18197855.0,22656985,42935575,8185381,21909,10296,28.3,38.7
138,1,23,6,71.9,217927.0,118395.0,18672,21338105.0,22656985,42935575,8185381,6544,13345,50.7,16.2
139,1,24,1,62.8,31840.0,19131.0,4302,8836968.0,11862032,22211111,5025697,3024,1385,28.9,79.6
140,1,24,2,80.8,56401.0,34005.0,6361,7520154.0,11862032,22211111,5025697,8207,2642,75.7,65.2
141,1,24,3,91.5,65020.0,55236.0,11677,8255343.0,11862032,22211111,5025697,4432,5658,52.7,66.9
142,1,24,4,78.0,62119.0,55124.0,16861,10811693.0,11862032,22211111,5025697,2798,3292,54.9,47.3
143,1,24,5,97.2,114459.0,77344.0,9538,10571664.0,11862032,22211111,5025697,16425,4983,37.5,67.4
144,1,24,6,93.2,93944.0,70073.0,23935,9725352.0,11862032,22211111,5025697,6450,8212,48.4,77.1
145,1,25,1,48.4,7273.0,6209.0,2036,1150558.0,1191965,2517576,505315,667,989,57.0,67.3
146,1,25,2,58.7,11824.0,6049.0,1129,747388.0,1191965,2517576,505315,381,407,48.9,77.2
147,1,25,3,69.1,10014.0,5456.0,1373,966599.0,1191965,2517576,505315,1188,271,72.0,60.5
148,1,25,4,93.1,3653.0,1915.0,378,1035929.0,1191965,2517576,505315,374,299,45.2,80.4
149,1,25,5,69.8,9765.0,6878.0,2040,1040810.0,1191965,2517576,505315,762,759,34.1,58.7
150,1,25,6,96.3,9536.0,5096.0,1039,1031876.0,1191965,2517576,505315,624,172,27.6,65.9
151,1,26,1,55.4,238343.0,143196.0,42840,59812284.0,67042224,129928688,29639975,23788,8134,54.9,31.8
152,1,26,2,64.9,217819.0,104634.0,12995,53955503.0,67042224,129928688,29639975,11114,13044,43.6,46.5
153,1,26,3,85.3,664113.0,321364.0,105742,40375324.0,67042224,129928688,29639975,57264,50485,39.5,52.7
154,1,26,4,58.2,562108.0,248530.0,68856,53723116.0,67042224,129928688,29639975,26976,23722,64.3,70.1
155,1,26,5,49.5,523977.0,455234.0,138880,52479960.0,67042224,129928688,29639975,49006,27988,53.3,38.4
156,1,26,6,86.1,576948.0,494613.0,153471,57798656.0,67042224,129928688,29639975,26242,52057,86.4,99.5
157,1,27,1,64.6,36910.0,,4840,4443402.0,4947180,12509841,1685836,1632,3104,45.3,49.8
158,1,27,2,58.8,52602.0,32030.0,4987,3492315.0,4947180,12509841,1685836,6571,2249,57.0,32.9
159,1,27,3,55.4,56784.0,41464.0,13536,4481005.0,4947180,12509841,1685836,9398,7002,47.1,53.0
160,1,27,4,38.0,30825.0,24586.0,4366,3111109.0,4947180,12509841,1685836,1475,3509,36.6,79.0
161,1,27,5,70.5,24177.0,21144.0,5847,3184032.0,4947180,12509841,1685836,2298,2476,90.5,80.0
162,1,27,6,48.3,56667.0,34624.0,5172,,4947180,12509841,1685836,5120,5141,,56.5
163,1,28,1,93.1,239878.0,121938.0,29176,28116666.0,29727320,57343231,11254249,26754,16102,52.3,78.5
164,1,28,2,51.8,249155.0,143082.0,38329,23213907.0,29727320,57343231,11254249,10710,6493,36.6,45.1
165,1,28,3,90.3,286172.0,156455.0,32691,22278241.0,29727320,57343231,11254249,35024,21944,62.7,46.6
166,1,28,4,59.6,209550.0,112966.0,17739,23999690.0,29727320,57343231,11254249,18742,16457,60.8,28.0
167,1,28,5,70.1,296276.0,146794.0,25150,22180151.0,29727320,57343231,11254249,23543,21181,40.6,24.5
168,1,28,6,87.2,220827.0,196859.0,27866,25783813.0,29727320,57343231,11254249,33880,16052,44.2,67.4
169,1,29,1,57.5,26628.0,13370.0,2791,7520133.0,8277755,18935934,3020092,1428,2066,55.8,35.4
170,1,29,2,83.0,93344.0,39792.0,12320,6685457.0,8277755,18935934,3020092,5524,2980,33.7,64.4
171,1,29,3,97.3,79158.0,33736.0,8923,5364061.0,8277755,18935934,3020092,8021,2872,7.9,42.9
172,1,29,4,80.8,56540.0,25949.0,2867,5331909.0,8277755,18935934,3020092,3497,3161,64.3,58.5
173,1,29,5,64.9,58576.0,24808.0,4560,7862676.0,8277755,18935934,3020092,2049,3067,50.7,57.0
174,1,29,6,53.1,35454.0,26596.0,4625,6921739.0,8277755,18935934,3020092,2750,1388,37.3,35.2
175,1,30,1,89.3,25719.0,11360.0,2454,2425105.0,3588317,8278100,1186896,854,1972,79.4,43.4
176,1,30,2,61.5,13028.0,10841.0,2453,,3588317,8278100,1186896,1992,1489,60.8,32.7
177,1,30,3,75.5,21647.0,14354.0,3641,3508790.0,3588317,8278100,1186896,3390,546,71.5,49.7
178,1,30,4,39.8,7175.0,6303.0,1753,2500702.0,3588317,8278100,1186896,623,518,56.5,40.3
179,1,30,5,43.6,40033.0,,8555,2453326.0,3588317,8278100,1186896,4186,5629,55.2,14.4
180,1,30,6,63.2,17346.0,13547.0,3714,2888435.0,3588317,8278100,1186896,3365,2368,55.5,33.2
181,1,31,1,82.7,815.0,483.0,124,56317.0,88614,180486,37364,45,42,76.2,38.1
182,1,31,2,54.8,540.0,336.0,95,76506.0,88614,180486,37364,61,21,36.0,44.7
183,1,31,3,72.1,747.0,410.0,80,61298.0,88614,180486,37364,20,25,41.5,11.8
184,1,31,4,46.1,575.0,267.0,73,68467.0,88614,180486,37364,22,21,61.5,53.5
185,1,31,5,52.6,859.0,413.0,70,85870.0,88614,180486,37364,44,29,42.0,62.9
186,1,31,6,69.4,898.0,403.0,70,73345.0,88614,180486,37364,94,49,32.5,58.3
187,1,32,1,38.7,818.0,691.0,221,293271.0,408409,845336,137123,83,53,53.9,55.3
188,1,32,2,86.4,3810.0,2188.0,424,312876.0,408409,845336,137123,322,142,36.2,33.0
189,1,32,3,62.8,3997.0,3394.0,784,344089.0,408409,845336,137123,735,138,64.6,67.4
190,1,32,4,65.0,2009.0,1185.0,340,267482.0,408409,845336,137123,273,43,18.7,64.0
191,1,32,5,74.6,1891.0,1289.0,245,296895.0,408409,845336,137123,297,121,80.6,67.9
192,1,32,6,57.1,3941.0,3313.0,1015,375865.0,408409,845336,137123,550,143,60.4,65.7
193,2,1,1,88.4,142372.0,65548.0,10297,10114588.0,14278918,29971451,5224605,13963,3568,48.3,80.7
194,2,1,2,92.5,72974.0,34289.0,9107,10013554.0,14278918,29971451,5224605,7501,4477,66.0,53.9
195,2,1,3,91.9,54979.0,36907.0,12789,10890861.0,14278918,29971451,5224605,3755,3210,27.7,74.5
196,2,1,4,84.8,117090.0,49911.0,14126,11581833.0,14278918,29971451,5224605,2879,3638,64.9,88.4
197,2,1,5,43.0,153139.0,67262.0,6782,,14278918,29971451,5224605,16383,5260,64.4,68.5
198,2,1,6,68.4,90291.0,60699.0,18543,9764893.0,14278918,29971451,5224605,10726,7507,59.2,11.9
199,2,2,1,79.5,3393.0,1540.0,337,260843.0,405074,930081,219302,234,134,40.4,32.0
200,2,2,2,74.4,2319.0,1660.0,248,352616.0,405074,930081,219302,387,108,24.3,22.1
201,2,2,3,81.2,2922.0,2547.0,271,302977.0,405074,930081,219302,242,93,49.5,82.1
202,2,2,4,56.5,2653.0,1927.0,318,326266.0,405074,930081,219302,292,282,51.6,51.3
203,2,2,5,48.9,3122.0,1469.0,325,380995.0,405074,930081,219302,165,150,72.3,76.4
204,2,2,6,55.5,2035.0,1486.0,219,253763.0,405074,930081,219302,202,66,28.7,28.5
205,2,3,1,85.3,61070.0,45383.0,11895,6463676.0,9785227,20142639,3843446,3266,5549,67.1,20.4
206,2,3,2,38.2,91660.0,73014.0,15342,7595501.0,9785227,20142639,3843446,9543,3131,66.2,34.6
207,2,3,3,37.7,31228.0,23497.0,5459,9083702.0,9785227,20142639,3843446,3272,3757,55.3,73.1
208,2,3,4,37.4,42449.0,29313.0,8926,9185356.0,9785227,20142639,3843446,2264,886,52.2,56.5
209,2,3,5,52.4,101333.0,69752.0,23965,8319023.0,9785227,20142639,3843446,5105,9761,36.9,88.5
210,2,3,6,47.3,48371.0,,5510,6244226.0,9785227,20142639,3843446,8760,2525,11.0,61.4
211,2,4,1,38.1,228399.0,134043.0,15249,22050995.0,35425708,73382906,12754834,10081,9449,60.7,40.5
212,2,4,2,89.9,361632.0,256862.0,75317,29563621.0,35425708,73382906,12754834,24118,20876,51.0,79.5
213,2,4,3,77.0,94525.0,,18353,31867509.0,35425708,73382906,12754834,4313,8848,50.5,29.8
214,2,4,4,83.7,152389.0,127608.0,42198,22104725.0,35425708,73382906,12754834,27719,15328,56.3,42.5
215,2,4,5,67.5,320134.0,209541.0,21434,30418019.0,35425708,73382906,12754834,33701,10557,47.9,91.5
216,2,4,6,41.2,323002.0,221475.0,38049,29465167.0,35425708,73382906,12754834,35870,9184,,71.4
217,2,5,1,92.7,26528.0,11756.0,1888,6063894.0,7100749,17941190,3248456,2363,953,37.0,15.0
218,2,5,2,35.9,22857.0,20306.0,2585,6793133.0,7100749,17941190,3248456,2490,3460,37.8,72.9
219,2,5,3,75.4,60632.0,28026.0,8459,4676855.0,7100749,17941190,3248456,1544,4430,88.4,73.8
220,2,5,4,96.8,87607.0,67180.0,15016,5372604.0,7100749,17941190,3248456,9908,7369,61.0,57.0
221,2,5,5,42.5,35922.0,27960.0,5385,6294025.0,7100749,17941190,3248456,1875,3410,48.5,48.7
222,2,5,6,65.4,34390.0,14514.0,4667,5569312.0,7100749,17941190,3248456,3125,508,61.4,75.8
223,2,6,1,48.1,4278.0,,1276,273116.0,404757,907058,149997,404,343,58.6,53.3
224,2,6,2,61.2,3873.0,2211.0,524,357845.0,404757,907058,149997,477,330,59.2,84.3
225,2,6,3,43.3,1392.0,615.0,212,277487.0,404757,907058,149997,134,72,50.1,54.8
226,2,6,4,40.8,3175.0,,512,317220.0,404757,907058,149997,142,128,50.6,45.6
227,2,6,5,37.8,3043.0,,400,,404757,907058,149997,226,108,63.7,71.9
228,2,6,6,84.6,1843.0,1518.0,335,366197.0,404757,907058,149997,201,263,58.2,53.7
229,2,7,1,37.5,194165.0,97856.0,12864,14635238.0,20840420,42153076,8130168,22041,5230,27.8,43.2
230,2,7,2,37.5,66308.0,55592.0,5814,14658114.0,20840420,42153076,8130168,8505,3304,78.2,59.0
231,2,7,3,64.0,75150.0,65781.0,17983,17389287.0,20840420,42153076,8130168,7253,5491,24.6,58.9
232,2,7,4,64.9,141434.0,121478.0,15375,15803132.0,20840420,42153076,8130168,28775,6025,77.0,60.8
233,2,7,5,46.3,162972.0,74997.0,18165,16510406.0,20840420,42153076,8130168,13755,11842,57.2,99.7
234,2,7,6,60.0,111339.0,46028.0,9612,15321498.0,20840420,42153076,8130168,6599,5445,39.2,53.0
235,2,8,1,74.3,32984.0,22554.0,7810,4481779.0,7089258,16035616,2749164,3837,815,55.2,52.5
236,2,8,2,75.0,63069.0,36531.0,6167,6383041.0,7089258,16035616,2749164,5879,1645,51.7,32.8
237,2,8,3,74.7,51642.0,44988.0,13624,6680412.0,7089258,16035616,2749164,7073,2325,73.7,60.0
238,2,8,4,80.3,81983.0,69723.0,23592,4374686.0,7089258,16035616,2749164,3572,8703,48.7,42.0
239,2,8,5,94.0,64852.0,34024.0,7191,6597516.0,7089258,16035616,2749164,5953,3454,52.1,51.5
240,2,8,6,83.8,22352.0,15962.0,4289,6424322.0,7089258,16035616,2749164,2360,2749,70.9,66.7
241,2,9,1,86.2,,3238.0,442,1342872.0,1912093,4123180,1021727,668,239,62.2,60.5
242,2,9,2,80.9,9618.0,5423.0,867,1268855.0,1912093,4123180,1021727,801,407,55.4,86.0
243,2,9,3,81.1,10655.0,7303.0,1332,1845641.0,1912093,4123180,1021727,688,711,62.2,42.6
244,2,9,4,63.4,21621.0,14851.0,3909,1661547.0,1912093,4123180,1021727,2830,2583,59.4,49.1
245,2,9,5,53.5,16006.0,11009.0,2382,1612898.0,1912093,4123180,1021727,1571,1457,29.3,74.7
246,2,9,6,44.1,12406.0,5973.0,1043,1781634.0,1912093,4123180,1021727,1448,1061,64.6,32.7
247,2,10,1,68.9,30527.0,24922.0,7785,8909655.0,11489475,23694677,3725987,5219,1684,44.3,81.0
248,2,10,2,86.2,20649.0,10001.0,1553,9918432.0,11489475,23694677,3725987,-515,1753,32.5,46.1
249,2,10,3,83.8,107634.0,96410.0,26353,11021545.0,11489475,23694677,3725987,15545,6732,,57.2
250,2,10,4,86.5,60060.0,52437.0,13470,10121517.0,11489475,23694677,3725987,4694,3413,33.2,30.5
251,2,10,5,69.9,103669.0,53842.0,14457,10940473.0,11489475,23694677,3725987,11115,9426,27.6,70.5
252,2,10,6,65.7,65739.0,52496.0,6508,9788355.0,11489475,23694677,3725987,5798,7120,78.2,68.9
253,2,11,1,65.0,52444.0,37459.0,11057,15645038.0,17293071,37715596,7347259,2460,5339,57.7,67.1
254,2,11,2,57.8,,55744.0,19234,14231238.0,17293071,37715596,7347259,10057,1774,60.5,59.9
255,2,11,3,92.7,64964.0,57957.0,17621,11375515.0,17293071,37715596,7347259,10472,9921,40.4,45.1
256,2,11,4,94.3,79565.0,67957.0,13610,14267251.0,17293071,37715596,7347259,5481,8440,58.3,37.4
257,2,11,5,60.1,87636.0,47296.0,8350,10442330.0,17293071,37715596,7347259,8430,3501,64.0,96.6
258,2,11,6,89.1,88449.0,43941.0,7743,16870312.0,17293071,37715596,7347259,5013,4404,76.2,63.4
259,2,12,1,94.9,90237.0,37582.0,5237,7961711.0,8899482,20244695,4569421,6244,1847,43.2,69.8
260,2,12,2,78.5,32910.0,17377.0,2789,7637474.0,8899482,20244695,4569421,2848,1225,20.3,58.1
261,2,12,3,75.7,62814.0,31357.0,5749,6185412.0,8899482,20244695,4569421,2859,1168,28.0,39.9
262,2,12,4,83.1,93186.0,66405.0,11477,8125177.0,8899482,20244695,4569421,10248,6981,48.3,20.9
263,2,12,5,63.3,60800.0,,5939,8164900.0,8899482,20244695,4569421,1983,1388,95.5,75.5
264,2,12,6,60.0,95187.0,84746.0,21000,7884982.0,8899482,20244695,4569421,17489,13200,66.1,72.9
265,2,13,1,35.0,51693.0,31718.0,4640,16813783.0,24932408,51189159,8043697,6755,3277,42.4,69.2
266,2,13,2,38.1,251653.0,121335.0,27876,21838580.0,24932408,51189159,8043697,17638,18686,56.6,33.8
267,2,13,3,43.7,225082.0,,19324,22075875.0,24932408,51189159,8043697,34235,19497,73.0,58.3
268,2,13,4,35.3,129931.0,53372.0,6393,21655051.0,24932408,51189159,8043697,5781,4198,78.1,56.9
269,2,13,5,41.4,56489.0,49884.0,5094,15062279.0,24932408,51189159,8043697,9004,1550,75.0,49.4
270,2,13,6,51.0,218468.0,91891.0,28509,21718407.0,24932408,51189159,8043697,13230,12488,27.8,66.4
271,2,14,1,38.6,84290.0,75223.0,14024,22551809.0,34099890,76644028,10375372,7594,6767,46.2,64.5
272,2,14,2,85.8,173021.0,94313.0,23748,28993487.0,34099890,76644028,10375372,18048,15325,80.9,86.8
273,2,14,3,38.2,311150.0,187526.0,38061,30802731.0,34099890,76644028,10375372,20260,28873,41.6,53.1
274,2,14,4,91.1,168627.0,77508.0,19529,30772286.0,34099890,76644028,10375372,11221,11773,75.3,77.6
275,2,14,5,40.7,312114.0,227734.0,29584,25638015.0,34099890,76644028,10375372,21771,38271,57.1,49.6
276,2,14,6,77.2,156630.0,95783.0,13866,31214876.0,34099890,76644028,10375372,10369,15494,10.0,42.9
277,2,15,1,86.2,6482.0,4047.0,1367,570778.0,780267,1836910,419415,652,495,18.1,23.8
278,2,15,2,84.4,8990.0,7543.0,1295,744806.0,780267,1836910,419415,1029,1347,57.2,32.9
279,2,15,3,74.5,4353.0,2836.0,395,516059.0,780267,1836910,419415,597,280,49.1,29.3
280,2,15,4,52.3,4687.0,3966.0,1232,586989.0,780267,1836910,419415,863,591,38.3,49.6
281,2,15,5,43.4,3913.0,,720,645681.0,780267,1836910,419415,411,95,63.7,56.5
282,2,15,6,95.4,7732.0,5021.0,1559,683314.0,780267,1836910,419415,1237,444,30.0,96.6
283,2,16,1,73.9,8206.0,6572.0,1146,619378.0,945046,2116079,342896,512,271,11.1,67.1
284,2,16,2,47.0,2830.0,1382.0,189,798033.0,945046,2116079,342896,139,87,77.6,37.0
285,2,16,3,85.0,8844.0,7351.0,848,839019.0,945046,2116079,342896,804,983,24.7,64.1
286,2,16,4,90.0,2268.0,1066.0,276,702077.0,945046,2116079,342896,257,180,53.5,33.8
287,2,16,5,93.2,7595.0,3178.0,1013,813076.0,945046,2116079,342896,461,166,44.0,42.8
288,2,16,6,48.7,5546.0,3047.0,756,836552.0,945046,2116079,342896,334,254,43.5,90.8
289,2,17,1,67.8,2978.0,2280.0,524,267908.0,347462,739478,112233,148,177,39.9,55.3
290,2,17,2,96.5,815.0,672.0,111,291700.0,347462,739478,112233,92,114,24.7,13.2
291,2,17,3,97.5,1752.0,1004.0,164,231851.0,347462,739478,112233,193,114,44.7,98.6
292,2,17,4,96.2,1848.0,1337.0,300,228700.0,347462,739478,112233,133,135,53.3,70.4
293,2,17,5,58.9,606.0,309.0,85,331266.0,347462,739478,112233,31,20,52.7,20.7
294,2,17,6,82.3,846.0,559.0,158,224784.0,347462,739478,112233,56,19,40.5,71.2
295,2,18,1,84.1,4138.0,2327.0,366,438676.0,631871,1336992,246987,279,114,69.4,76.1
296,2,18,2,35.3,4696.0,2424.0,634,565765.0,631871,1336992,246987,489,220,59.9,24.2
297,2,18,3,66.4,4589.0,2806.0,292,579245.0,631871,1336992,246987,638,367,52.8,61.6
298,2,18,4,36.3,3957.0,1643.0,199,497444.0,631871,1336992,246987,229,207,48.4,63.5
299,2,18,5,74.7,4429.0,3858.0,986,529256.0,631871,1336992,246987,608,588,60.3,79.0
300,2,18,6,53.4,5540.0,4928.0,778,415480.0,631871,1336992,246987,957,282,45.4,52.0
301,2,19,1,76.4,105451.0,76408.0,7891,9650277.0,11987702,28586139,3891291,13466,9182,64.4,66.9
302,2,19,2,95.1,114383.0,50001.0,8550,7669590.0,11987702,28586139,3891291,4727,3261,56.6,88.4
303,2,19,3,53.3,81168.0,61207.0,10158,7313025.0,11987702,28586139,3891291,5666,2030,59.6,48.4
304,2,19,4,90.9,24125.0,15571.0,4488,8658555.0,11987702,28586139,3891291,3622,1478,63.2,46.9
305,2,19,5,86.6,29784.0,14262.0,4344,11697522.0,11987702,28586139,3891291,1229,1364,47.2,41.9
306,2,19,6,85.2,54810.0,36004.0,5620,11377585.0,11987702,28586139,3891291,2611,5869,56.0,71.7
307,2,20,1,85.9,31694.0,15869.0,2848,6520521.0,8867841,16571683,3813073,1708,922,36.2,72.2
308,2,20,2,74.1,73416.0,54677.0,14122,6211235.0,8867841,16571683,3813073,4261,3183,41.7,44.7
309,2,20,3,70.4,87515.0,35498.0,11023,8619139.0,8867841,16571683,3813073,3148,3395,44.2,24.4
310,2,20,4,82.2,47053.0,32170.0,6221,7094772.0,8867841,16571683,3813073,4678,1067,53.5,54.3
311,2,20,5,73.8,41065.0,36307.0,11744,7134189.0,8867841,16571683,3813073,7695,4248,44.0,38.3
312,2,20,6,45.6,54801.0,29449.0,8819,8381024.0,8867841,16571683,3813073,5294,2608,78.4,54.2
313,2,21,1,35.4,182284.0,152500.0,19267,13995820.0,20417463,49702082,8592608,10163,20655,42.2,33.4
314,2,21,2,57.9,137855.0,58302.0,12132,12745650.0,20417463,49702082,8592608,6790,9060,77.4,72.5
315,2,21,3,67.9,147492.0,111414.0,14076,19543948.0,20417463,49702082,8592608,27543,8747,71.1,61.0
316,2,21,4,77.8,236659.0,,18935,18871716.0,20417463,49702082,8592608,36056,20828,50.0,9.7
317,2,21,5,90.7,168562.0,77781.0,24781,16839496.0,20417463,49702082,8592608,5359,6836,77.8,58.0
318,2,21,6,96.9,112115.0,66561.0,23081,19524455.0,20417463,49702082,8592608,12788,10207,69.7,57.2
319,2,22,1,79.5,1593.0,1348.0,370,167435.0,200967,409941,76509,268,200,57.0,67.0
320,2,22,2,69.2,1747.0,1364.0,297,179413.0,200967,409941,76509,279,184,56.4,37.3
321,2,22,3,76.7,899.0,,184,184178.0,200967,409941,76509,100,65,55.3,22.3
322,2,22,4,81.6,569.0,509.0,117,182072.0,200967,409941,76509,46,61,56.5,73.6
323,2,22,5,118.3,1180.0,505.0,134,183728.0,200967,409941,76509,51,46,84.7,26.0
324,2,22,6,36.4,2083.0,1521.0,473,162878.0,200967,409941,76509,250,73,,62.6
325,2,23,1,79.3,159076.0,72140.0,14718,18564696.0,20066216,44446722,7285076,12579,10982,74.4,33.9
326,2,23,2,57.0,127522.0,54344.0,18873,14636679.0,20066216,44446722,7285076,11437,3305,48.8,57.1
327,2,23,3,117.9,92905.0,64211.0,15569,17773894.0,20066216,44446722,7285076,7240,8415,70.9,73.0
328,2,23,4,36.6,194134.0,131260.0,34851,19009367.0,20066216,44446722,7285076,8514,11852,56.2,63.2
329,2,23,5,88.1,201739.0,81476.0,13085,18845194.0,20066216,44446722,7285076,20241,5660,11.0,74.7
330,2,23,6,45.6,190115.0,158251.0,53326,12878624.0,20066216,44446722,7285076,27966,15612,63.1,68.4
331,2,24,1,72.6,93087.0,70661.0,21241,7390036.0,11668153,24724665,4508018,11678,9983,35.4,43.7
332,2,24,2,38.0,89042.0,55850.0,14853,8272982.0,11668153,24724665,4508018,6941,3205,27.1,69.9
333,2,24,3,88.4,63298.0,28735.0,8821,11130052.0,11668153,24724665,4508018,4755,2005,54.3,26.3
334,2,24,4,74.9,71445.0,53222.0,9290,10459817.0,11668153,24724665,4508018,10837,2636,19.8,42.2
335,2,24,5,37.5,,47987.0,11117,8679663.0,11668153,24724665,4508018,3436,6334,61.0,23.9
336,2,24,6,91.6,29846.0,16709.0,3841,7203460.0,11668153,24724665,4508018,2136,2185,8.7,72.8
337,2,25,1,83.1,9005.0,7325.0,2223,1059886.0,1101336,2371667,561379,1619,538,56.6,27.5
338,2,25,2,35.1,6798.0,4492.0,762,992671.0,1101336,2371667,561379,867,184,60.2,42.7
339,2,25,3,66.4,12136.0,9181.0,2514,885801.0,1101336,2371667,561379,1517,446,32.6,36.5
340,2,25,4,89.3,8349.0,5786.0,722,808819.0,1101336,2371667,561379,1205,243,30.9,53.0
341,2,25,5,94.5,,7114.0,737,728280.0,1101336,2371667,561379,581,480,78.0,65.6
342,2,25,6,52.5,8894.0,6892.0,1981,796372.0,1101336,2371667,561379,1673,987,78.7,100.0
343,2,26,1,43.2,134378.0,82280.0,20156,54442110.0,59218072,136474517,29689538,20393,10911,61.3,55.2
344,2,26,2,79.2,457218.0,221281.0,36181,47703311.0,59218072,136474517,29689538,54355,8334,49.3,51.4
345,2,26,3,81.7,353608.0,207983.0,48340,36250019.0,59218072,136474517,29689538,51250,30892,80.7,77.0
346,2,26,4,70.3,142370.0,112408.0,36902,51506327.0,59218072,136474517,29689538,7969,17975,63.9,80.1
347,2,26,5,97.6,237345.0,135428.0,15724,54457756.0,59218072,136474517,29689538,28607,16816,29.7,33.1
348,2,26,6,46.9,430180.0,222058.0,35496,51940891.0,59218072,136474517,29689538,21273,6976,,41.2
349,2,27,1,35.1,18565.0,11975.0,2009,3829414.0,4862991,11574924,2447247,1715,463,51.6,66.4
350,2,27,2,75.7,26848.0,17651.0,3306,3388355.0,4862991,11574924,2447247,3630,1053,62.8,85.1
351,2,27,3,94.2,12422.0,5998.0,1973,4159291.0,4862991,11574924,2447247,1158,432,38.2,77.2
352,2,27,4,55.8,39897.0,16647.0,1825,4435688.0,4862991,11574924,2447247,3209,2527,89.1,44.9
353,2,27,5,41.3,43131.0,20556.0,3497,3147583.0,4862991,11574924,2447247,4221,2582,89.4,50.3
354,2,27,6,56.3,56495.0,34122.0,5805,3968147.0,4862991,11574924,2447247,7157,3576,28.2,57.7
355,2,28,1,57.1,290973.0,252737.0,65363,21550833.0,27500212,60705237,9537139,40293,8441,56.6,35.8
356,2,28,2,46.3,125122.0,85600.0,15020,16790726.0,27500212,60705237,9537139,10761,10981,80.6,40.6
357,2,28,3,46.5,,79598.0,23990,19263177.0,27500212,60705237,9537139,13685,6854,44.8,49.3
358,2,28,4,41.1,125805.0,70277.0,12992,17544314.0,27500212,60705237,9537139,10996,11021,43.4,42.6
359,2,28,5,48.7,250777.0,106870.0,37133,19959196.0,27500212,60705237,9537139,15117,5163,73.5,75.4
360,2,28,6,70.0,286853.0,149692.0,45964,19712963.0,27500212,60705237,9537139,36086,21820,74.8,56.1
361,2,29,1,38.1,18705.0,12898.0,3543,8250675.0,9119656,19850937,4107527,2120,1029,47.9,100.0
362,2,29,2,89.6,57728.0,47447.0,13124,5569711.0,9119656,19850937,4107527,9658,5129,52.1,50.6
363,2,29,3,45.5,38424.0,17294.0,5682,6207261.0,9119656,19850937,4107527,3014,577,43.4,76.4
364,2,29,4,48.8,,24368.0,4895,7135354.0,9119656,19850937,4107527,5105,1165,61.6,46.1
365,2,29,5,91.5,55464.0,48554.0,13766,6761221.0,9119656,19850937,4107527,9216,1940,74.6,58.0
366,2,29,6,48.2,73008.0,36003.0,5247,7879610.0,9119656,19850937,4107527,8957,1106,75.4,100.0
367,2,30,1,81.2,31890.0,24450.0,5131,2784483.0,3860198,8377371,1429627,5707,3533,24.7,11.6
368,2,30,2,95.5,26220.0,22757.0,7385,2653063.0,3860198,8377371,1429627,2419,1942,68.1,92.8
369,2,30,3,57.1,15687.0,10701.0,1383,3000560.0,3860198,8377371,1429627,1300,1321,44.9,48.3
370,2,30,4,69.8,13108.0,6032.0,1287,3051302.0,3860198,8377371,1429627,843,924,39.9,42.8
371,2,30,5,70.4,32481.0,25547.0,4272,2765474.0,3860198,8377371,1429627,2542,2359,71.4,53.7
372,2,30,6,45.3,12588.0,5420.0,1446,3748680.0,3860198,8377371,1429627,676,553,61.8,57.0
373,2,31,1,61.3,677.0,568.0,90,59027.0,83921,174814,37092,88,56,11.7,46.1
374,2,31,2,77.8,194.0,84.0,28,62873.0,83921,174814,37092,10,13,32.4,44.7
375,2,31,3,91.6,349.0,269.0,78,81911.0,83921,174814,37092,33,22,14.3,73.7
376,2,31,4,57.6,657.0,482.0,114,67557.0,83921,174814,37092,106,83,56.0,66.1
377,2,31,5,79.3,392.0,220.0,71,61183.0,83921,174814,37092,34,14,64.9,57.0
378,2,31,6,91.8,352.0,259.0,66,72645.0,83921,174814,37092,37,21,57.9,50.3
379,2,32,1,47.5,2662.0,1284.0,241,321394.0,407756,870249,152959,198,155,52.6,56.8
380,2,32,2,71.4,1621.0,1145.0,118,393507.0,407756,870249,152959,157,147,81.2,61.6
381,2,32,3,94.7,4330.0,3861.0,849,399264.0,407756,870249,152959,512,242,49.8,68.5
382,2,32,4,75.5,2617.0,1495.0,458,271531.0,407756,870249,152959,291,207,54.0,64.5
383,2,32,5,73.3,2058.0,1185.0,294,368115.0,407756,870249,152959,144,49,43.1,33.3
384,2,32,6,82.1,3733.0,1704.0,585,284976.0,407756,870249,152959,108,95,76.9,49.2
385,3,1,1,50.6,60161.0,31352.0,6628,9680923.0,15911073,33183650,6905243,3997,1785,33.0,61.1
386,3,1,2,94.6,61851.0,41193.0,13058,14444140.0,15911073,33183650,6905243,9550,2104,84.3,30.9
387,3,1,3,87.4,93233.0,49801.0,9528,12868667.0,15911073,33183650,6905243,8719,3326,26.6,69.2
388,3,1,4,35.2,39461.0,20501.0,2507,12464386.0,15911073,33183650,6905243,3827,1329,30.9,63.6
389,3,1,5,95.4,37561.0,29138.0,6648,14963176.0,15911073,33183650,6905243,3106,2597,60.5,76.7
390,3,1,6,40.3,157028.0,106536.0,32731,12991637.0,15911073,33183650,6905243,15323,10439,20.5,54.0
391,3,2,1,71.0,2217.0,1165.0,299,251292.0,385778,940352,138492,255,110,58.5,46.1
392,3,2,2,63.0,959.0,589.0,130,306310.0,385778,940352,138492,121,83,79.1,41.3
393,3,2,3,40.3,4068.0,3373.0,1014,369616.0,385778,940352,138492,343,132,74.1,62.7
394,3,2,4,55.1,2585.0,1736.0,183,363623.0,385778,940352,138492,384,261,40.5,56.9
395,3,2,5,89.5,1888.0,1189.0,177,297898.0,385778,940352,138492,213,45,47.1,29.0
396,3,2,6,62.2,894.0,482.0,66,259128.0,385778,940352,138492,70,81,50.6,88.1
397,3,3,1,85.9,65589.0,29551.0,3335,7015924.0,9982300,22340538,3375859,3808,2144,63.4,71.0
398,3,3,2,74.6,44892.0,39521.0,8430,7379698.0,9982300,22340538,3375859,4360,3479,25.5,41.7
399,3,3,3,41.2,76453.0,44374.0,10646,7596211.0,9982300,22340538,3375859,9710,3300,66.1,100.0
400,3,3,4,93.4,74185.0,39022.0,7585,6098435.0,9982300,22340538,3375859,9040,4222,72.5,90.6
401,3,3,5,83.9,21805.0,17959.0,4570,6282465.0,9982300,22340538,3375859,1583,1222,47.4,19.7
402,3,3,6,35.1,22334.0,18245.0,3225,7870683.0,9982300,22340538,3375859,1322,1896,49.2,60.7
403,3,4,1,66.6,211410.0,174920.0,35197,26643172.0,34427408,77599638,11639358,23001,26960,43.3,42.6
404,3,4,2,35.4,332425.0,157387.0,28245,28452574.0,34427408,77599638,11639358,20845,21486,44.9,20.6
405,3,4,3,40.1,90440.0,60519.0,12049,22571729.0,34427408,77599638,11639358,9827,3640,69.7,64.1
406,3,4,4,46.0,169767.0,87831.0,28341,21157917.0,34427408,77599638,11639358,15228,10291,55.1,72.0
407,3,4,5,75.7,342446.0,274458.0,41487,24102754.0,34427408,77599638,11639358,40958,32629,56.4,91.9
408,3,4,6,89.9,75050.0,51170.0,8316,30592877.0,34427408,77599638,11639358,3532,2641,33.5,43.0
409,3,5,1,49.6,79542.0,67012.0,10500,7444914.0,8400861,17422616,4041102,15399,11138,37.9,81.3
410,3,5,2,72.4,15035.0,11465.0,2690,5701605.0,8400861,17422616,4041102,1200,657,51.8,38.0
411,3,5,3,64.6,72028.0,48622.0,16927,5172193.0,8400861,17422616,4041102,5783,3381,45.9,38.0
412,3,5,4,79.5,21035.0,16498.0,1650,5261496.0,8400861,17422616,4041102,4113,2562,,18.7
413,3,5,5,53.5,18300.0,15705.0,2250,5540400.0,8400861,17422616,4041102,1993,2102,64.7,61.1
414,3,5,6,57.2,67053.0,46378.0,13200,5207396.0,8400861,17422616,4041102,4899,8291,74.3,24.0
415,3,6,1,84.0,4371.0,2659.0,871,408732.0,433640,971019,163227,561,342,49.9,45.5
416,3,6,2,69.3,1177.0,1005.0,321,345567.0,433640,971019,163227,121,146,54.5,43.4
417,3,6,3,78.3,3852.0,2244.0,531,413979.0,433640,971019,163227,254,302,56.9,56.2
418,3,6,4,38.1,3283.0,1597.0,477,377127.0,433640,971019,163227,217,259,6.4,32.9
419,3,6,5,41.8,2360.0,1463.0,291,312225.0,433640,971019,163227,332,204,87.4,45.4
420,3,6,6,83.2,3648.0,1859.0,553,285105.0,433640,971019,163227,247,224,30.9,54.0
421,3,7,1,35.5,196903.0,127755.0,38954,14714024.0,19744798,39742067,8526196,26762,9018,45.9,44.2
422,3,7,2,61.9,169720.0,81176.0,22350,11944096.0,19744798,39742067,8526196,6662,13084,45.3,65.1
423,3,7,3,37.0,203821.0,182315.0,31330,17370671.0,19744798,39742067,8526196,18551,27522,44.3,47.4
424,3,7,4,92.9,160812.0,77128.0,15887,15727126.0,19744798,39742067,8526196,8260,6309,28.4,50.2
425,3,7,5,81.8,210314.0,88364.0,21393,17698613.0,19744798,39742067,8526196,12251,8316,65.7,71.5
426,3,7,6,76.0,145964.0,129751.0,23755,17006360.0,19744798,39742067,8526196,30967,21199,54.6,49.4
427,3,8,1,60.5,,18495.0,5597,6569124.0,8100939,16439571,4015461,2949,2195,60.1,58.1
428,3,8,2,73.3,45318.0,40319.0,11500,7497870.0,8100939,16439571,4015461,4773,6112,37.4,42.9
429,3,8,3,82.6,58782.0,43859.0,9967,5381173.0,8100939,16439571,4015461,8022,2282,76.2,63.8
430,3,8,4,85.4,55340.0,34827.0,8200,6678434.0,8100939,16439571,4015461,4669,4088,61.2,64.9
431,3,8,5,95.4,64378.0,30483.0,3198,7358145.0,8100939,16439571,4015461,5897,2533,27.6,79.3
432,3,8,6,92.6,26317.0,22202.0,2895,5304421.0,8100939,16439571,4015461,3151,1546,59.1,50.2
433,3,9,1,54.7,17383.0,11807.0,1266,1195747.0,1965266,4431129,792978,870,1258,39.3,51.7
434,3,9,2,56.1,5845.0,5190.0,540,1688712.0,1965266,4431129,792978,347,524,32.3,58.4
435,3,9,3,97.5,15229.0,8153.0,1032,1612546.0,1965266,4431129,792978,1332,539,58.0,40.2
436,3,9,4,91.3,9705.0,8404.0,1605,1273980.0,1965266,4431129,792978,835,949,54.2,62.2
437,3,9,5,84.3,5461.0,4583.0,1347,1575455.0,1965266,4431129,792978,398,691,24.8,21.1
438,3,9,6,36.2,5329.0,2940.0,385,,1965266,4431129,792978,165,158,78.7,87.6
439,3,10,1,90.2,71161.0,62826.0,18437,9114234.0,11018253,22314076,4809669,10863,2102,46.1,90.9
440,3,10,2,80.3,61216.0,36976.0,9435,7789087.0,11018253,22314076,4809669,4990,3056,61.6,50.8
441,3,10,3,69.1,71027.0,50517.0,8066,8162222.0,11018253,22314076,4809669,12450,5664,25.4,62.0
442,3,10,4,85.3,76707.0,63566.0,16642,10073329.0,11018253,22314076,4809669,4412,10379,60.7,44.1
443,3,10,5,42.0,51941.0,34614.0,9191,7028321.0,11018253,22314076,4809669,6065,3809,62.4,54.6
444,3,10,6,53.3,63245.0,40542.0,9055,7180012.0,11018253,22314076,4809669,2623,5070,83.0,81.7
445,3,11,1,82.6,100662.0,72111.0,16831,13286678.0,19136544,40506953,8524443,13121,3476,43.3,43.7
446,3,11,2,52.1,132693.0,72106.0,24484,,19136544,40506953,8524443,9717,4454,30.8,61.3
447,3,11,3,87.9,196933.0,140694.0,40992,13613493.0,19136544,40506953,8524443,17864,4624,75.9,67.3
448,3,11,4,83.2,192750.0,107793.0,11056,12690692.0,19136544,40506953,8524443,8167,5834,34.6,55.2
449,3,11,5,89.7,111179.0,83612.0,16156,18463486.0,19136544,40506953,8524443,5704,4239,30.7,64.7
450,3,11,6,56.1,137570.0,115468.0,13347,15381301.0,19136544,40506953,8524443,7880,15698,50.3,63.9
451,3,12,1,76.1,55434.0,34824.0,11267,7939898.0,10297449,19968158,3342556,4827,1362,42.6,24.4
452,3,12,2,86.5,105749.0,78099.0,15370,7587729.0,10297449,19968158,3342556,18019,10347,53.8,62.6
453,3,12,3,46.5,31486.0,23435.0,3596,7765832.0,10297449,19968158,3342556,1697,914,0.0,12.2
454,3,12,4,77.4,83890.0,46847.0,8328,6533953.0,10297449,19968158,3342556,3391,7289,63.8,70.4
455,3,12,5,69.8,27684.0,12302.0,3965,8299792.0,10297449,19968158,3342556,1984,654,43.7,61.8
456,3,12,6,82.6,82233.0,50479.0,15191,7117784.0,10297449,19968158,3342556,4585,3181,48.0,60.5
457,3,13,1,67.7,123587.0,66445.0,16134,15386400.0,24127497,50683790,11297227,5621,9573,71.0,100.0
458,3,13,2,88.3,155331.0,115635.0,26233,22937200.0,24127497,50683790,11297227,11703,11362,38.5,62.4
459,3,13,3,90.3,238410.0,174487.0,58997,17480373.0,24127497,50683790,11297227,30621,23949,53.0,47.9
460,3,13,4,91.9,170595.0,88802.0,14833,16341379.0,24127497,50683790,11297227,4890,10154,17.5,31.2
461,3,13,5,78.8,46708.0,24019.0,6237,18053665.0,24127497,50683790,11297227,3379,1878,22.7,100.0
462,3,13,6,73.6,174267.0,84048.0,21173,20063554.0,24127497,50683790,11297227,15240,6785,86.4,63.7
463,3,14,1,54.6,278697.0,132327.0,16699,22415545.0,33643456,74748666,10722481,-20640,7896,55.4,81.7
464,3,14,2,40.7,339187.0,295909.0,38017,25206071.0,33643456,74748666,10722481,56976,16340,40.1,56.6
465,3,14,3,77.3,147599.0,72709.0,25318,26065892.0,33643456,74748666,10722481,14143,12204,41.9,61.5
466,3,14,4,93.6,323391.0,264075.0,42461,20752563.0,33643456,74748666,10722481,50470,33210,35.3,38.2
467,3,14,5,53.4,253890.0,173176.0,44758,,33643456,74748666,10722481,16318,30840,47.2,44.5
468,3,14,6,36.7,159256.0,68753.0,18593,26072146.0,33643456,74748666,10722481,3874,5365,48.5,35.4
469,3,15,1,73.5,4226.0,3505.0,628,657918.0,818580,1899659,424857,836,605,48.8,43.7
470,3,15,2,50.9,4783.0,3138.0,1073,795893.0,818580,1899659,424857,606,345,90.4,51.3
471,3,15,3,45.3,1554.0,635.0,129,615577.0,818580,1899659,424857,69,59,45.6,61.3
472,3,15,4,78.1,6441.0,,1420,633826.0,818580,1899659,424857,366,919,65.4,46.2
473,3,15,5,78.2,5347.0,2915.0,446,620005.0,818580,1899659,424857,601,198,32.9,81.3
474,3,15,6,56.2,2631.0,2302.0,641,715775.0,818580,1899659,424857,334,170,74.9,72.6
475,3,16,1,81.5,8688.0,5729.0,777,608918.0,876356,1876208,409839,796,669,27.6,36.9
476,3,16,2,61.9,8226.0,6052.0,1778,668002.0,876356,1876208,409839,1277,500,69.1,46.3
477,3,16,3,97.3,9186.0,6029.0,1790,582765.0,876356,1876208,409839,1178,883,43.7,33.9
478,3,16,4,46.6,6445.0,5629.0,775,799371.0,876356,1876208,409839,743,517,,74.1
479,3,16,5,83.9,3969.0,2428.0,729,723090.0,876356,1876208,409839,440,292,37.1,64.0
480,3,16,6,48.7,8212.0,4054.0,527,626924.0,876356,1876208,409839,386,207,51.2,29.3
481,3,17,1,58.3,3368.0,2829.0,704,326401.0,343781,731931,106650,299,103,36.3,74.0
482,3,17,2,84.3,3091.0,2464.0,505,236507.0,343781,731931,106650,270,253,57.8,45.7
483,3,17,3,59.9,2361.0,1109.0,273,301846.0,343781,731931,106650,69,176,30.9,72.6
484,3,17,4,94.5,3596.0,2668.0,433,213114.0,343781,731931,106650,332,192,37.5,1.2
485,3,17,5,83.9,3010.0,1416.0,270,240316.0,343781,731931,106650,114,83,49.8,50.0
486,3,17,6,83.1,,1349.0,452,283105.0,343781,731931,106650,240,227,55.7,32.0
487,3,18,1,73.8,1398.0,770.0,243,465957.0,558730,1371531,227287,116,83,57.8,83.0
488,3,18,2,81.8,3666.0,2262.0,643,,558730,1371531,227287,433,205,35.1,73.9
489,3,18,3,98.2,1998.0,1354.0,210,409271.0,558730,1371531,227287,69,222,90.0,66.9
490,3,18,4,68.4,4386.0,1775.0,480,513869.0,558730,1371531,227287,209,65,43.7,42.2
491,3,18,5,59.1,3218.0,1389.0,464,371356.0,558730,1371531,227287,264,88,45.4,22.0
492,3,18,6,66.9,5282.0,4096.0,1268,344342.0,558730,1371531,227287,436,152,9.9,37.6
493,3,19,1,61.2,86427.0,59247.0,8972,8640352.0,13269618,26289085,5005917,5373,3925,65.4,23.8
494,3,19,2,87.8,38443.0,28192.0,3959,11691802.0,13269618,26289085,5005917,2873,2815,71.4,47.7
495,3,19,3,93.1,92931.0,44589.0,8743,11077248.0,13269618,26289085,5005917,3908,2667,49.3,53.0
496,3,19,4,62.9,128620.0,85274.0,11923,8098168.0,13269618,26289085,5005917,17898,2829,47.5,35.1
497,3,19,5,90.2,45760.0,39137.0,5668,9382712.0,13269618,26289085,5005917,7059,4494,18.3,15.6
498,3,19,6,61.0,130553.0,97300.0,17663,12842608.0,13269618,26289085,5005917,4938,4033,29.8,43.1
499,3,20,1,59.2,49117.0,24319.0,3628,7456225.0,8433814,18148573,2522365,2000,3970,69.1,80.3
500,3,20,2,42.2,87060.0,61166.0,9821,,8433814,18148573,2522365,11483,9310,,70.6
501,3,20,3,64.2,82894.0,41674.0,7149,6425727.0,8433814,18148573,2522365,2883,6007,73.5,40.3
502,3,20,4,75.3,81942.0,72806.0,22622,6878962.0,8433814,18148573,2522365,7483,12360,39.1,70.6
503,3,20,5,75.9,43827.0,35841.0,12339,,8433814,18148573,2522365,3726,5147,31.8,52.2
504,3,20,6,93.1,81833.0,60680.0,20660,5911349.0,8433814,18148573,2522365,9713,10437,47.8,68.5
505,3,21,1,43.4,111777.0,64559.0,14364,15224555.0,23015850,49246457,10157433,13369,5592,58.4,70.9
506,3,21,2,72.3,155314.0,98597.0,33068,20115266.0,23015850,49246457,10157433,13440,16312,27.8,43.2
507,3,21,3,48.3,184214.0,109653.0,32870,16795870.0,23015850,49246457,10157433,11826,16417,56.7,87.7
508,3,21,4,36.0,42888.0,33904.0,10044,17777237.0,23015850,49246457,10157433,8403,5670,100.0,66.6
509,3,21,5,87.3,156850.0,129573.0,37795,15093227.0,23015850,49246457,10157433,18195,15023,39.6,53.6
510,3,21,6,51.7,49687.0,41544.0,14196,14298289.0,23015850,49246457,10157433,5966,4930,59.7,46.0
511,3,22,1,87.1,673.0,340.0,97,130646.0,206282,397278,86644,74,17,74.7,64.5
512,3,22,2,54.7,884.0,601.0,128,160095.0,206282,397278,86644,129,24,28.8,66.2
513,3,22,3,75.6,1069.0,653.0,159,179292.0,206282,397278,86644,140,28,,71.2
514,3,22,4,63.4,1434.0,626.0,210,160289.0,206282,397278,86644,36,84,68.7,49.0
515,3,22,5,94.3,1241.0,979.0,295,130217.0,206282,397278,86644,102,73,26.1,85.2
516,3,22,6,86.5,830.0,483.0,114,177692.0,206282,397278,86644,40,22,70.8,75.1
517,3,23,1,84.1,60995.0,27850.0,8307,12543877.0,20470261,46445062,9525551,6171,4359,69.1,59.2
518,3,23,2,70.3,40997.0,29710.0,9860,13421601.0,20470261,46445062,9525551,4214,2244,33.7,55.6
519,3,23,3,42.5,110692.0,81386.0,17202,13167132.0,20470261,46445062,9525551,15762,14357,65.8,75.0
520,3,23,4,60.5,201929.0,161855.0,28474,16053480.0,20470261,46445062,9525551,27654,23318,35.8,59.6
521,3,23,5,79.2,71058.0,62462.0,21307,18942171.0,20470261,46445062,9525551,4107,11127,72.2,61.2
522,3,23,6,61.9,138553.0,69331.0,22534,17667892.0,20470261,46445062,9525551,11438,4081,40.5,62.6
523,3,24,1,71.4,64504.0,32605.0,8206,7650150.0,9699111,23701082,4541600,5621,2164,47.2,74.7
524,3,24,2,74.9,22379.0,16720.0,4944,6638688.0,9699111,23701082,4541600,2689,2782,61.0,42.0
525,3,24,3,86.2,107708.0,94315.0,15666,6810335.0,9699111,23701082,4541600,19169,11627,73.0,30.2
526,3,24,4,77.1,80951.0,66045.0,13210,8158499.0,9699111,23701082,4541600,14743,9254,60.8,49.3
527,3,24,5,89.5,71412.0,63193.0,19713,6766742.0,9699111,23701082,4541600,12436,8462,45.2,68.4
528,3,24,6,82.2,70663.0,41232.0,10613,8409193.0,9699111,23701082,4541600,9311,3727,39.7,100.0
529,3,25,1,38.1,6112.0,3891.0,463,744868.0,1146336,2470330,571558,775,185,45.1,50.9
530,3,25,2,88.2,6367.0,5708.0,747,927362.0,1146336,2470330,571558,442,396,49.3,4.2
531,3,25,3,75.5,5803.0,3065.0,1014,1031779.0,1146336,2470330,571558,404,153,58.8,39.9
532,3,25,4,72.6,3018.0,2585.0,449,766935.0,1146336,2470330,571558,331,284,43.3,64.4
533,3,25,5,89.1,7340.0,4569.0,561,792416.0,1146336,2470330,571558,683,752,83.1,66.0
534,3,25,6,78.2,6645.0,5786.0,789,963921.0,1146336,2470330,571558,471,900,33.9,89.1
535,3,26,1,47.6,691830.0,387318.0,98794,54271134.0,58288991,143183804,18712602,39430,25908,,47.0
536,3,26,2,49.2,645149.0,,68525,41737884.0,58288991,143183804,18712602,74661,19217,47.9,85.5
537,3,26,3,92.9,205548.0,115454.0,18570,41986710.0,58288991,143183804,18712602,24337,5991,46.9,39.8
538,3,26,4,60.5,177120.0,103132.0,23086,47582466.0,58288991,143183804,18712602,14259,14624,77.8,39.3
539,3,26,5,77.1,262972.0,218699.0,27490,43022363.0,58288991,143183804,18712602,15535,30212,36.7,41.6
540,3,26,6,50.4,576590.0,314943.0,50735,38993508.0,58288991,143183804,18712602,25654,48368,63.9,49.2
541,3,27,1,70.7,27801.0,15193.0,2038,4235681.0,5856196,11612594,2750647,1244,1966,44.6,62.4
542,3,27,2,69.3,31830.0,15423.0,2326,5525940.0,5856196,11612594,2750647,3381,2640,25.1,59.1
543,3,27,3,63.1,50050.0,29382.0,7306,4076635.0,5856196,11612594,2750647,4308,3887,44.2,39.1
544,3,27,4,95.6,53573.0,37109.0,12157,4749455.0,5856196,11612594,2750647,3236,2023,21.3,48.9
545,3,27,5,45.5,51683.0,25166.0,5876,5388834.0,5856196,11612594,2750647,3925,2819,22.1,48.6
546,3,27,6,79.5,59820.0,44729.0,13584,4143389.0,5856196,11612594,2750647,4670,3370,48.6,53.4
547,3,28,1,96.0,275079.0,185884.0,30881,18509610.0,28521106,57181157,9271460,22791,20231,57.0,48.0
548,3,28,2,41.9,69109.0,48031.0,7131,21695430.0,28521106,57181157,9271460,4132,6833,34.5,80.1
549,3,28,3,74.3,197427.0,97297.0,25801,19628461.0,28521106,57181157,9271460,22969,7405,38.4,64.2
550,3,28,4,59.9,140589.0,95004.0,22998,20997072.0,28521106,57181157,9271460,19450,6394,25.5,51.4
551,3,28,5,48.5,52889.0,42885.0,4632,21065012.0,28521106,57181157,9271460,7088,5720,56.9,63.7
552,3,28,6,73.5,297866.0,244304.0,60001,23143987.0,28521106,57181157,9271460,24148,8890,72.9,50.9
553,3,29,1,66.4,75615.0,56931.0,6084,5545516.0,8666916,20623357,2748992,9964,2319,37.3,50.2
554,3,29,2,46.4,52370.0,26830.0,2891,7903797.0,8666916,20623357,2748992,2383,4172,14.9,62.5
555,3,29,3,98.3,33099.0,22279.0,2628,5282514.0,8666916,20623357,2748992,5087,3220,65.9,81.0
556,3,29,4,56.4,92418.0,45157.0,7514,5381320.0,8666916,20623357,2748992,2318,6712,70.2,43.2
557,3,29,5,58.0,28576.0,15109.0,1987,8037388.0,8666916,20623357,2748992,836,1321,32.8,52.2
558,3,29,6,76.9,42576.0,32870.0,8520,7103265.0,8666916,20623357,2748992,7116,2564,13.4,51.0
559,3,30,1,79.1,12680.0,5459.0,1245,3141066.0,3328577,7726679,1373227,972,235,60.3,74.6
560,3,30,2,41.4,19265.0,,4227,3234502.0,3328577,7726679,1373227,2176,1916,39.7,77.2
561,3,30,3,90.8,28107.0,24845.0,5569,2464761.0,3328577,7726679,1373227,2098,877,17.8,14.1
562,3,30,4,40.5,18764.0,14778.0,3189,2449067.0,3328577,7726679,1373227,1132,1444,76.2,70.6
563,3,30,5,64.7,28385.0,20681.0,7162,2243425.0,3328577,7726679,1373227,2763,1026,44.3,35.6
564,3,30,6,72.7,12961.0,8588.0,1731,2790983.0,3328577,7726679,1373227,2104,1233,72.9,57.8
565,3,31,1,46.6,584.0,283.0,88,56612.0,73476,184356,39226,59,49,38.6,90.0
566,3,31,2,95.8,817.0,727.0,170,59713.0,73476,184356,39226,85,41,64.0,100.0
567,3,31,3,61.4,787.0,578.0,129,63046.0,73476,184356,39226,70,58,21.6,73.2
568,3,31,4,53.7,582.0,388.0,133,55181.0,73476,184356,39226,21,45,47.0,77.8
569,3,31,5,57.0,461.0,272.0,45,71343.0,73476,184356,39226,42,25,40.3,59.7
570,3,31,6,46.4,343.0,198.0,43,57740.0,73476,184356,39226,43,34,63.9,43.0
571,3,32,1,86.3,3052.0,1524.0,478,254376.0,410720,851003,191669,250,100,89.9,39.4
572,3,32,2,39.3,,2266.0,328,,410720,851003,191669,281,218,40.9,64.8
573,3,32,3,67.0,3267.0,2085.0,539,311713.0,410720,851003,191669,187,351,50.5,55.9
574,3,32,4,80.6,1348.0,1174.0,374,247653.0,410720,851003,191669,229,165,69.1,90.5
575,3,32,5,53.6,2010.0,1520.0,410,282032.0,410720,851003,191669,326,105,64.5,41.9
576,3,32,6,37.9,3220.0,1522.0,418,261692.0,410720,851003,191669,375,137,54.0,31.8
577,4,1,1,80.4,161676.0,68742.0,13503,11300692.0,15820329,32803836,5352678,5183,4378,55.8,37.3
578,4,1,2,76.5,,51360.0,14285,9569913.0,15820329,32803836,5352678,6058,7958,32.6,87.3
579,4,1,3,95.5,,70861.0,21666,,15820329,32803836,5352678,16607,7850,49.0,26.3
580,4,1,4,49.3,121625.0,106502.0,23816,11574417.0,15820329,32803836,5352678,18967,16649,39.6,50.8
581,4,1,5,81.0,142880.0,88454.0,13423,14081581.0,15820329,32803836,5352678,18925,14772,57.6,68.0
582,4,1,6,88.8,138926.0,80553.0,27234,13141540.0,15820329,32803836,5352678,4189,11546,56.7,45.9
583,4,2,1,86.2,2103.0,1753.0,264,423969.0,470810,933670,216467,310,147,53.7,56.8
584,4,2,2,40.4,965.0,420.0,112,329126.0,470810,933670,216467,92,12,59.6,71.3
585,4,2,3,69.9,3887.0,1707.0,591,378183.0,470810,933670,216467,422,251,37.3,27.3
586,4,2,4,54.0,1243.0,1038.0,132,388471.0,470810,933670,216467,169,44,25.4,52.3
587,4,2,5,43.5,2429.0,1436.0,390,449548.0,470810,933670,216467,113,189,64.5,48.5
588,4,2,6,70.9,1166.0,681.0,118,296385.0,470810,933670,216467,48,117,27.6,25.4
589,4,3,1,96.9,71450.0,36838.0,5430,6877424.0,8726190,22106612,2918448,3717,2545,53.0,95.0
590,4,3,2,43.4,42656.0,24396.0,2766,6207443.0,8726190,22106612,2918448,3647,4381,86.0,72.7
591,4,3,3,69.7,55306.0,33779.0,3582,5943099.0,8726190,22106612,2918448,8052,1826,59.6,67.4
592,4,3,4,41.9,101927.0,68650.0,10838,6784833.0,8726190,22106612,2918448,4385,3211,23.7,55.8
593,4,3,5,98.4,20896.0,12830.0,2911,6202443.0,8726190,22106612,2918448,1104,2126,72.2,66.9
594,4,3,6,57.5,36775.0,19945.0,5946,8406583.0,8726190,22106612,2918448,1801,1827,35.2,68.7
595,4,4,1,43.2,270589.0,148810.0,27046,32747200.0,33849268,70667239,16034510,14194,19564,57.8,65.5
596,4,4,2,89.5,123449.0,82256.0,8584,24766554.0,33849268,70667239,16034510,16470,8138,37.1,69.7
597,4,4,3,58.9,329976.0,177875.0,31359,22211181.0,33849268,70667239,16034510,12339,8672,67.1,66.1
598,4,4,4,94.5,339960.0,157795.0,48360,24013995.0,33849268,70667239,16034510,12758,18153,71.7,50.0
599,4,4,5,77.1,306834.0,208513.0,53277,28668845.0,33849268,70667239,16034510,17961,33387,25.2,32.6
600,4,4,6,62.3,108697.0,51287.0,11699,30256107.0,33849268,70667239,16034510,10785,7947,25.1,79.4
601,4,5,1,82.2,64034.0,54250.0,14504,5328846.0,8158441,16832059,2451276,7862,1816,81.8,64.1
602,4,5,2,90.5,,,3002,5751651.0,8158441,16832059,2451276,822,1771,48.1,45.4
603,4,5,3,98.6,82739.0,36401.0,5074,7872216.0,8158441,16832059,2451276,4665,3137,69.9,13.0
604,4,5,4,48.2,31855.0,16425.0,5084,,8158441,16832059,2451276,3424,2208,46.6,77.0
605,4,5,5,82.9,73328.0,48885.0,11461,6353086.0,8158441,16832059,2451276,8931,7398,21.8,45.9
606,4,5,6,40.7,59958.0,39919.0,10050,5385302.0,8158441,16832059,2451276,9822,1227,76.7,60.2
607,4,6,1,36.7,1645.0,705.0,126,362707.0,388470,927259,152301,51,50,45.2,61.3
608,4,6,2,93.5,4248.0,3067.0,458,,388470,927259,152301,750,288,44.3,35.2
609,4,6,3,64.9,4273.0,3533.0,1152,370981.0,388470,927259,152301,352,353,39.2,53.1
610,4,6,4,48.6,2057.0,1011.0,120,325960.0,388470,927259,152301,65,136,21.7,13.9
611,4,6,5,63.4,1339.0,938.0,318,355166.0,388470,927259,152301,65,58,52.1,57.1
612,4,6,6,38.2,2187.0,1285.0,339,323183.0,388470,927259,152301,261,231,48.1,55.2
613,4,7,1,38.0,79063.0,58320.0,19984,14146756.0,18422075,42729654,7998778,13497,8142,41.7,82.0
614,4,7,2,64.9,200499.0,139150.0,46381,13614883.0,18422075,42729654,7998778,24055,13364,26.4,79.1
615,4,7,3,59.8,36458.0,20251.0,2148,15893827.0,18422075,42729654,7998778,3707,1720,30.4,59.0
616,4,7,4,65.0,110612.0,96165.0,24811,17997341.0,18422075,42729654,7998778,4842,4874,50.1,59.8
617,4,7,5,92.3,122584.0,85621.0,11692,12776805.0,18422075,42729654,7998778,10050,13015,29.2,64.6
618,4,7,6,85.3,187662.0,104328.0,12059,17932308.0,18422075,42729654,7998778,5582,7196,28.0,58.8
619,4,8,1,65.4,34042.0,20966.0,5522,4287109.0,7135643,16284606,3280537,4044,788,15.1,46.7
620,4,8,2,40.8,26578.0,21855.0,4090,5842155.0,7135643,16284606,3280537,4651,2049,43.3,43.5
621,4,8,3,84.9,72313.0,61624.0,9826,5639446.0,7135643,16284606,3280537,11200,10403,63.1,46.9
622,4,8,4,35.7,23065.0,18641.0,3648,5066015.0,7135643,16284606,3280537,2704,2474,81.8,62.9
623,4,8,5,35.4,63033.0,39728.0,4940,4386156.0,7135643,16284606,3280537,6314,4429,64.8,60.3
624,4,8,6,48.7,15967.0,7252.0,812,4702337.0,7135643,16284606,3280537,1559,609,26.7,33.1
625,4,9,1,46.3,15697.0,12601.0,1988,1651346.0,1980242,4447544,756351,1870,1556,51.1,77.7
626,4,9,2,67.6,10626.0,4281.0,904,1299782.0,1980242,4447544,756351,752,337,33.3,71.6
627,4,9,3,62.8,6745.0,3136.0,839,1539564.0,1980242,4447544,756351,748,378,41.6,94.5
628,4,9,4,62.0,8292.0,5843.0,1843,1909363.0,1980242,4447544,756351,390,395,59.5,50.3
629,4,9,5,69.2,13103.0,9379.0,1080,1568218.0,1980242,4447544,756351,1504,788,65.3,23.7
630,4,9,6,40.3,12001.0,9390.0,1942,1369885.0,1980242,4447544,756351,1650,1368,44.5,36.7
631,4,10,1,37.7,20330.0,8411.0,2812,6892844.0,9794978,22774469,5126480,616,617,50.1,34.5
632,4,10,2,55.0,26786.0,17079.0,2039,8181386.0,9794978,22774469,5126480,1885,2492,54.0,46.2
633,4,10,3,60.5,46804.0,28986.0,4156,6388914.0,9794978,22774469,5126480,6939,1817,33.9,52.2
634,4,10,4,42.9,99726.0,70841.0,12286,6765717.0,9794978,22774469,5126480,10598,7768,25.2,66.0
635,4,10,5,77.9,73482.0,51570.0,10794,7118762.0,9794978,22774469,5126480,6474,5749,75.5,46.0
636,4,10,6,50.6,104870.0,50926.0,14866,7134976.0,9794978,22774469,5126480,12189,2316,70.1,68.5
637,4,11,1,97.7,57021.0,34815.0,9946,16377897.0,18140507,39427836,6891733,6971,6243,42.1,36.3
638,4,11,2,39.9,48281.0,21658.0,4365,16724540.0,18140507,39427836,6891733,3882,2138,,70.5
639,4,11,3,77.2,60036.0,,13724,10904616.0,18140507,39427836,6891733,3141,3398,64.2,53.1
640,4,11,4,93.7,56578.0,29250.0,10049,11560687.0,18140507,39427836,6891733,4810,4363,55.2,81.8
641,4,11,5,61.4,164886.0,110282.0,25985,17448667.0,18140507,39427836,6891733,22521,3753,59.8,100.0
642,4,11,6,81.8,102798.0,68430.0,22370,16768393.0,18140507,39427836,6891733,12306,7870,47.6,62.0
643,4,12,1,69.2,42837.0,25676.0,7801,7749203.0,10166345,22154521,3111304,5049,4599,56.3,42.0
644,4,12,2,87.4,106491.0,94833.0,16042,6159481.0,10166345,22154521,3111304,13385,4894,51.2,50.1
645,4,12,3,52.0,102088.0,55106.0,10853,7517472.0,10166345,22154521,3111304,6669,1982,58.2,68.5
646,4,12,4,63.2,95153.0,80532.0,20617,7792989.0,10166345,22154521,3111304,13582,8039,56.7,82.6
647,4,12,5,65.6,93793.0,83261.0,22260,9483609.0,10166345,22154521,3111304,7132,6992,34.3,61.6
648,4,12,6,68.8,101562.0,40683.0,13155,6876707.0,10166345,22154521,3111304,9688,3396,71.3,55.8
649,4,13,1,43.5,92460.0,46332.0,11669,15710296.0,24013149,53573907,10088639,5755,2962,56.9,47.8
650,4,13,2,74.1,137698.0,110218.0,33713,15622898.0,24013149,53573907,10088639,21874,16707,85.7,53.2
651,4,13,3,90.8,127598.0,64628.0,16997,15545013.0,24013149,53573907,10088639,11516,4406,94.4,56.9
652,4,13,4,40.8,80257.0,67586.0,21102,15031310.0,24013149,53573907,10088639,16805,10944,47.3,64.1
653,4,13,5,70.0,110623.0,74240.0,25412,19400352.0,24013149,53573907,10088639,7978,11411,82.9,80.6
654,4,13,6,97.6,230421.0,119032.0,17312,22515144.0,24013149,53573907,10088639,24413,5229,65.2,34.1
655,4,14,1,61.6,86398.0,48670.0,9230,34430945.0,36140522,75633506,15251958,9449,3544,61.4,72.2
656,4,14,2,61.6,178231.0,95512.0,27828,26365107.0,36140522,75633506,15251958,11606,7455,58.0,49.4
657,4,14,3,80.7,87115.0,67074.0,10102,27529568.0,36140522,75633506,15251958,5543,6430,65.8,46.8
658,4,14,4,77.4,161396.0,140900.0,18798,34573424.0,36140522,75633506,15251958,30611,21641,42.5,39.7
659,4,14,5,45.4,274623.0,152539.0,44794,27313735.0,36140522,75633506,15251958,36737,12928,55.1,29.1
660,4,14,6,38.2,259906.0,129260.0,13295,29246908.0,36140522,75633506,15251958,30535,12767,58.5,62.0
661,4,15,1,66.7,2621.0,2132.0,721,648395.0,762358,1726487,314330,260,364,58.8,71.3
662,4,15,2,42.7,2825.0,1949.0,577,718500.0,762358,1726487,314330,291,321,87.6,42.8
663,4,15,3,86.0,7693.0,4820.0,1605,493789.0,762358,1726487,314330,325,740,56.1,39.2
664,4,15,4,75.6,4990.0,3087.0,480,702918.0,762358,1726487,314330,648,429,55.1,55.1
665,4,15,5,39.9,2693.0,2112.0,428,514613.0,762358,1726487,314330,156,305,66.9,61.6
666,4,15,6,65.1,3518.0,2311.0,554,654759.0,762358,1726487,314330,448,163,39.1,36.7
667,4,16,1,56.5,3009.0,2530.0,256,775368.0,947028,1927865,352317,548,238,40.8,22.4
668,4,16,2,82.7,8355.0,7229.0,1766,740973.0,947028,1927865,352317,1653,1081,,41.5
669,4,16,3,83.5,3541.0,2694.0,825,827002.0,947028,1927865,352317,628,317,35.0,45.4
670,4,16,4,68.4,4128.0,3664.0,991,576035.0,947028,1927865,352317,561,408,26.5,50.7
671,4,16,5,97.6,7959.0,4012.0,635,854572.0,947028,1927865,352317,792,298,83.0,56.9
672,4,16,6,80.9,7830.0,,840,924923.0,947028,1927865,352317,581,229,66.5,75.3
673,4,17,1,52.3,2838.0,1670.0,402,329426.0,356058,753164,123454,175,247,36.6,16.5
674,4,17,2,76.3,800.0,635.0,116,298837.0,356058,753164,123454,37,31,37.2,67.4
675,4,17,3,80.1,2825.0,2245.0,278,325231.0,356058,753164,123454,537,172,51.4,25.7
676,4,17,4,71.8,2650.0,1432.0,490,271245.0,356058,753164,123454,99,208,44.8,44.2
677,4,17,5,51.8,668.0,396.0,113,321296.0,356058,753164,123454,87,12,49.0,39.8
678,4,17,6,76.3,775.0,690.0,89,335590.0,356058,753164,123454,51,110,46.2,50.3
679,4,18,1,39.9,6111.0,3318.0,1032,489517.0,555689,1336401,267166,373,451,26.8,45.7
680,4,18,2,60.1,4326.0,3493.0,1134,462024.0,555689,1336401,267166,738,358,39.8,28.8
681,4,18,3,75.8,5700.0,3579.0,662,466144.0,555689,1336401,267166,496,401,44.0,60.3
682,4,18,4,56.1,,1408.0,205,531615.0,555689,1336401,267166,313,243,37.6,52.5
683,4,18,5,57.0,4707.0,3741.0,1186,371722.0,555689,1336401,267166,844,599,13.2,82.7
684,4,18,6,80.8,3179.0,2815.0,608,505175.0,555689,1336401,267166,396,486,44.5,54.8
685,4,19,1,70.2,103055.0,91389.0,12638,10600144.0,11723393,28236534,4456501,21866,10124,48.5,58.8
686,4,19,2,76.5,94579.0,57561.0,15606,10196796.0,11723393,28236534,4456501,11739,6970,14.8,25.8
687,4,19,3,82.6,56514.0,30781.0,10428,9235009.0,11723393,28236534,4456501,2154,5527,69.7,16.1
688,4,19,4,82.4,97355.0,78662.0,18822,7814014.0,11723393,28236534,4456501,16588,7446,44.7,32.9
689,4,19,5,84.6,33225.0,27465.0,4776,7584396.0,11723393,28236534,4456501,3141,1281,29.0,36.1
690,4,19,6,95.1,25612.0,13298.0,4329,9364294.0,11723393,28236534,4456501,1831,2091,28.7,78.3
691,4,20,1,90.4,84409.0,53347.0,13179,6054577.0,7548890,18523271,3102356,9461,7331,53.8,96.5
692,4,20,2,73.0,41181.0,23260.0,4555,4642259.0,7548890,18523271,3102356,1965,3305,47.2,62.0
693,4,20,3,60.3,83492.0,,8318,6233055.0,7548890,18523271,3102356,13299,1877,53.3,77.7
694,4,20,4,46.8,21900.0,12130.0,1620,5068348.0,7548890,18523271,3102356,1220,627,44.1,12.7
695,4,20,5,59.7,55240.0,37218.0,12470,6515677.0,7548890,18523271,3102356,3596,2378,52.9,19.8
696,4,20,6,59.1,63746.0,33696.0,9331,5110650.0,7548890,18523271,3102356,8321,2804,52.2,15.8
697,4,21,1,36.8,116979.0,91437.0,22177,13826802.0,22381373,48616962,11065066,18743,6361,63.8,43.7
698,4,21,2,51.5,167018.0,143547.0,42043,21763672.0,22381373,48616962,11065066,20910,19406,39.4,71.9
699,4,21,3,55.4,42078.0,25975.0,3222,19874017.0,22381373,48616962,11065066,5095,1775,33.6,45.4
700,4,21,4,70.8,82975.0,43421.0,8990,16118107.0,22381373,48616962,11065066,4254,2684,71.5,45.4
701,4,21,5,70.4,184605.0,150502.0,17738,18264775.0,22381373,48616962,11065066,13203,23545,,44.1
702,4,21,6,84.1,219782.0,182835.0,63003,19528755.0,22381373,48616962,11065066,16307,30500,92.4,24.1
703,4,22,1,97.8,358.0,301.0,61,145617.0,170998,423775,78019,50,10,42.3,70.7
704,4,22,2,55.4,405.0,263.0,45,157046.0,170998,423775,78019,16,40,68.7,90.6
705,4,22,3,42.0,963.0,768.0,90,135453.0,170998,423775,78019,44,46,75.8,52.5
706,4,22,4,57.2,1769.0,1566.0,175,133490.0,170998,423775,78019,332,111,80.3,65.6
707,4,22,5,76.0,1545.0,901.0,129,112754.0,170998,423775,78019,218,104,45.8,34.0
708,4,22,6,38.0,350.0,178.0,19,159210.0,170998,423775,78019,15,13,58.2,62.7
709,4,23,1,79.4,188272.0,122552.0,26560,14475663.0,21729416,47339233,10633205,6303,7223,48.4,53.8
710,4,23,2,41.5,107228.0,89264.0,24354,21171874.0,21729416,47339233,10633205,15964,10287,40.6,37.9
711,4,23,3,65.3,194535.0,92151.0,28863,18203909.0,21729416,47339233,10633205,17797,8707,61.1,84.8
712,4,23,4,83.0,60305.0,46653.0,8926,19515118.0,21729416,47339233,10633205,4835,3794,39.6,67.6
713,4,23,5,92.7,198068.0,83531.0,15664,18757077.0,21729416,47339233,10633205,16641,2943,74.0,81.7
714,4,23,6,79.3,232952.0,97528.0,18977,15013895.0,21729416,47339233,10633205,18082,14124,37.5,64.7
715,4,24,1,86.1,73011.0,37305.0,6078,8920350.0,10796780,22154100,3321891,3313,2597,42.9,32.5
716,4,24,2,79.2,50470.0,35839.0,7946,7494863.0,10796780,22154100,3321891,8887,6385,18.8,63.2
717,4,24,3,82.1,67682.0,32464.0,7168,8318923.0,10796780,22154100,3321891,3742,1841,23.9,41.6
718,4,24,4,63.6,108973.0,93387.0,10452,9885225.0,10796780,22154100,3321891,8744,13238,69.8,82.2
719,4,24,5,48.4,91804.0,53988.0,11678,8943128.0,10796780,22154100,3321891,4811,3990,55.4,26.8
720,4,24,6,70.6,115586.0,74923.0,12645,9676998.0,10796780,22154100,3321891,9084,4345,60.3,42.3
721,4,25,1,88.4,,6572.0,1075,1034769.0,1174929,2533825,377684,403,1122,32.0,73.3
722,4,25,2,70.4,11330.0,8302.0,2292,988916.0,1174929,2533825,377684,980,832,47.2,61.9
723,4,25,3,36.6,6205.0,4491.0,652,872992.0,1174929,2533825,377684,827,384,59.0,57.9
724,4,25,4,66.6,2776.0,1628.0,418,817404.0,1174929,2533825,377684,125,266,58.5,69.2
725,4,25,5,41.2,2564.0,1857.0,627,854314.0,1174929,2533825,377684,393,323,48.2,61.5
726,4,25,6,63.0,10174.0,5641.0,1875,801824.0,1174929,2533825,377684,920,595,54.3,17.8
727,4,26,1,98.8,326686.0,172532.0,23020,39579797.0,62144431,141395458,31038876,13412,23333,31.5,70.3
728,4,26,2,40.6,147029.0,60047.0,8963,,62144431,141395458,31038876,3747,8163,49.4,38.8
729,4,26,3,42.7,137003.0,84100.0,17468,38046696.0,62144431,141395458,31038876,4326,5218,31.6,49.0
730,4,26,4,88.9,,160584.0,24182,55794389.0,62144431,141395458,31038876,16162,23059,52.7,100.0
731,4,26,5,38.8,181021.0,119887.0,20090,37356421.0,62144431,141395458,31038876,20322,18406,58.6,72.3
732,4,26,6,78.6,139793.0,118787.0,40474,55805358.0,62144431,141395458,31038876,12047,12106,68.7,47.4
733,4,27,1,59.8,32066.0,15763.0,2937,3821741.0,4873533,11117551,1785149,2162,2654,75.8,60.8
734,4,27,2,91.5,48472.0,43040.0,10570,3380364.0,4873533,11117551,1785149,4256,6293,36.0,21.0
735,4,27,3,83.7,17649.0,11176.0,3571,3528485.0,4873533,11117551,1785149,1999,1972,35.4,29.5
736,4,27,4,38.0,11768.0,8858.0,2423,3776386.0,4873533,11117551,1785149,1647,617,,28.7
737,4,27,5,50.1,59037.0,29527.0,4099,4412219.0,4873533,11117551,1785149,3332,3132,60.7,30.9
738,4,27,6,44.5,10226.0,5445.0,1642,4324392.0,4873533,11117551,1785149,862,533,42.5,18.1
739,4,28,1,37.9,91105.0,41179.0,7122,22684376.0,29076776,57005894,10012769,5434,4387,58.0,77.6
740,4,28,2,57.1,,151834.0,30499,21544048.0,29076776,57005894,10012769,19307,20360,63.7,35.2
741,4,28,3,67.1,294799.0,137407.0,46011,24647495.0,29076776,57005894,10012769,12963,23844,45.0,57.7
742,4,28,4,46.9,112132.0,97534.0,17872,25862000.0,29076776,57005894,10012769,19053,3522,70.1,74.4
743,4,28,5,70.9,263112.0,149765.0,29293,18263493.0,29076776,57005894,10012769,25261,16996,53.4,73.8
744,4,28,6,49.1,193636.0,100349.0,10626,26914493.0,29076776,57005894,10012769,18969,7254,46.8,74.1
745,4,29,1,45.9,42620.0,,2684,6319198.0,8581261,20257423,3593590,3937,3679,78.2,85.7
746,4,29,2,75.3,68326.0,61182.0,8755,,8581261,20257423,3593590,3928,8970,59.8,75.9
747,4,29,3,88.9,65329.0,53830.0,9542,5602257.0,8581261,20257423,3593590,7946,6802,30.5,40.4
748,4,29,4,72.3,92951.0,47428.0,15319,6803281.0,8581261,20257423,3593590,4795,8363,73.1,79.2
749,4,29,5,64.8,98220.0,60895.0,14963,7635650.0,8581261,20257423,3593590,13167,1884,,22.2
750,4,29,6,64.1,59497.0,39115.0,10287,5354919.0,8581261,20257423,3593590,3372,3726,58.5,67.8
751,4,30,1,41.7,31936.0,13113.0,1414,3036231.0,3655973,8014756,1353970,1612,561,75.5,24.1
752,4,30,2,45.2,23493.0,12357.0,1997,2812444.0,3655973,8014756,1353970,1008,975,33.2,31.5
753,4,30,3,93.3,16381.0,11518.0,2612,3357399.0,3655973,8014756,1353970,2094,739,59.6,30.1
754,4,30,4,65.1,7233.0,3124.0,688,2724210.0,3655973,8014756,1353970,208,488,55.6,63.4
755,4,30,5,85.1,11620.0,6545.0,717,2903750.0,3655973,8014756,1353970,1307,1060,57.4,81.4
756,4,30,6,49.3,18848.0,8159.0,2560,,3655973,8014756,1353970,1658,520,49.9,72.9
757,4,31,1,77.0,,236.0,49,55473.0,73739,178812,40186,19,38,70.3,55.7
758,4,31,2,138.5,777.0,614.0,151,66674.0,73739,178812,40186,53,21,40.8,58.1
759,4,31,3,86.0,814.0,510.0,126,46709.0,73739,178812,40186,31,58,34.6,61.4
760,4,31,4,59.6,832.0,421.0,45,71988.0,73739,178812,40186,33,46,56.0,52.6
761,4,31,5,72.1,543.0,252.0,32,57280.0,73739,178812,40186,26,45,,59.8
762,4,31,6,36.1,307.0,209.0,58,47035.0,73739,178812,40186,48,26,47.4,59.4
763,4,32,1,82.1,2046.0,1640.0,513,322360.0,446009,857176,120905,147,203,79.3,52.8
764,4,32,2,38.8,2885.0,2058.0,531,272593.0,446009,857176,120905,510,317,75.4,22.6
765,4,32,3,54.3,3502.0,2538.0,300,313775.0,446009,857176,120905,480,443,66.3,65.9
766,4,32,4,71.2,1032.0,755.0,216,336279.0,446009,857176,120905,157,57,44.8,78.5
767,4,32,5,44.6,3559.0,2505.0,650,290488.0,446009,857176,120905,338,429,30.5,51.0
768,4,32,6,94.8,1534.0,904.0,310,309029.0,446009,857176,120905,112,112,38.4,38.5
769,5,1,1,61.3,132092.0,92439.0,25289,10056651.0,14302981,33298824,4974738,13542,14197,63.3,75.6
770,5,1,2,44.9,134093.0,54796.0,11037,,14302981,33298824,4974738,8055,8708,43.5,69.7
771,5,1,3,64.9,31576.0,14002.0,3653,8695234.0,14302981,33298824,4974738,2504,1886,36.4,47.4
772,5,1,4,76.3,54597.0,37270.0,9504,11927605.0,14302981,33298824,4974738,2680,3771,84.1,74.9
773,5,1,5,90.5,114596.0,93154.0,23474,11716670.0,14302981,33298824,4974738,19158,15009,72.8,40.4
774,5,1,6,43.4,156748.0,117723.0,26897,13244008.0,14302981,33298824,4974738,9234,13442,42.4,49.5
775,5,2,1,86.9,1719.0,,143,453512.0,474330,977768,209516,158,110,49.9,34.1
776,5,2,2,52.4,3048.0,1477.0,259,420150.0,474330,977768,209516,198,129,62.0,83.8
777,5,2,3,97.6,1671.0,912.0,254,449653.0,474330,977768,209516,132,125,79.5,71.1
778,5,2,4,38.4,2783.0,1863.0,323,370013.0,474330,977768,209516,221,306,66.5,56.8
779,5,2,5,38.6,1667.0,875.0,252,454525.0,474330,977768,209516,206,134,57.4,41.3
780,5,2,6,90.6,,2490.0,501,333255.0,474330,977768,209516,525,228,44.6,70.8
781,5,3,1,79.5,87156.0,45892.0,11283,7306685.0,9344905,20192030,3890454,7435,1843,75.5,90.1
782,5,3,2,86.9,28135.0,15083.0,4280,8196635.0,9344905,20192030,3890454,3719,1743,34.4,48.9
783,5,3,3,67.0,89553.0,72758.0,23081,8913674.0,9344905,20192030,3890454,13588,3032,35.4,100.0
784,5,3,4,89.6,64472.0,52102.0,7257,,9344905,20192030,3890454,5874,3742,70.7,35.7
785,5,3,5,39.9,66121.0,57522.0,11921,7566649.0,9344905,20192030,3890454,8268,5453,59.4,65.2
786,5,3,6,57.6,42763.0,18707.0,5369,7563722.0,9344905,20192030,3890454,1925,1200,39.3,45.9
787,5,4,1,55.3,189654.0,125182.0,29826,28637502.0,30482040,69148367,11450169,21553,16550,58.7,64.0
788,5,4,2,51.7,313690.0,270758.0,92201,29002186.0,30482040,69148367,11450169,59005,43229,43.0,26.0
789,5,4,3,37.4,136432.0,100700.0,20937,26326893.0,30482040,69148367,11450169,24358,16977,70.1,70.9
790,5,4,4,69.8,102959.0,69182.0,19778,,30482040,69148367,11450169,12152,8543,54.3,22.8
791,5,4,5,93.2,354995.0,222260.0,45654,21710244.0,30482040,69148367,11450169,15585,37797,40.9,32.3
792,5,4,6,35.8,219545.0,187955.0,35042,26830092.0,30482040,69148367,11450169,32348,16873,32.0,27.7
793,5,5,1,38.7,21073.0,13815.0,4798,6872559.0,7121537,16489259,2576692,2627,1854,63.9,53.3
794,5,5,2,51.9,38159.0,30787.0,7150,4712460.0,7121537,16489259,2576692,2157,2158,40.2,67.9
795,5,5,3,80.4,46862.0,32498.0,3444,6054900.0,7121537,16489259,2576692,3596,1353,43.5,54.0
796,5,5,4,88.6,75229.0,30956.0,7095,5621595.0,7121537,16489259,2576692,2619,3870,68.2,48.4
797,5,5,5,67.5,66768.0,44710.0,15322,4424441.0,7121537,16489259,2576692,6295,3175,48.2,52.2
798,5,5,6,35.8,70485.0,57147.0,17852,4518744.0,7121537,16489259,2576692,14256,5750,51.0,84.5
799,5,6,1,36.8,3344.0,2757.0,317,274445.0,415841,949652,192994,229,474,41.4,31.8
800,5,6,2,97.3,4081.0,2251.0,677,260031.0,415841,949652,192994,481,235,69.2,78.0
801,5,6,3,87.4,2454.0,1607.0,353,253358.0,415841,949652,192994,372,91,78.0,69.6
802,5,6,4,75.3,2912.0,2327.0,298,260426.0,415841,949652,192994,378,97,47.8,39.2
803,5,6,5,81.4,2216.0,1755.0,226,359042.0,415841,949652,192994,208,167,44.6,69.8
804,5,6,6,51.2,3479.0,1870.0,235,379466.0,415841,949652,192994,317,233,42.7,60.8
805,5,7,1,65.1,137714.0,70172.0,8712,13420003.0,20416957,39429686,5634415,15655,4384,,31.3
806,5,7,2,86.6,113743.0,56270.0,10267,17847913.0,20416957,39429686,5634415,10906,4690,20.5,73.5
807,5,7,3,69.7,,79706.0,18091,16115562.0,20416957,39429686,5634415,17033,10213,84.3,26.9
808,5,7,4,80.1,143310.0,88406.0,15031,19051854.0,20416957,39429686,5634415,13736,12872,78.9,62.5
809,5,7,5,68.0,169556.0,80021.0,26373,19731982.0,20416957,39429686,5634415,11220,2918,86.0,44.8
810,5,7,6,90.3,180420.0,161610.0,40406,16996960.0,20416957,39429686,5634415,30884,7367,38.1,62.0
811,5,8,1,87.6,24419.0,18819.0,6390,6404036.0,8138333,17447842,3191523,4110,1977,54.9,55.4
812,5,8,2,58.9,35831.0,16855.0,3114,5326681.0,8138333,17447842,3191523,1477,2287,41.2,56.1
813,5,8,3,42.3,64779.0,49287.0,9759,6006485.0,8138333,17447842,3191523,10186,8188,57.7,63.5
814,5,8,4,57.2,83361.0,64597.0,10282,6913130.0,8138333,17447842,3191523,7223,3170,29.8,60.8
815,5,8,5,74.9,79228.0,48974.0,8207,6505068.0,8138333,17447842,3191523,11709,5550,33.8,85.9
816,5,8,6,56.0,61051.0,51041.0,14215,6442730.0,8138333,17447842,3191523,5961,4045,32.7,50.3
817,5,9,1,47.9,15730.0,10781.0,3018,1397560.0,1866724,4200027,906008,1751,1495,39.9,83.6
818,5,9,2,43.3,6634.0,3960.0,825,1522698.0,1866724,4200027,906008,401,615,47.9,76.5
819,5,9,3,91.7,9267.0,6452.0,1739,1259566.0,1866724,4200027,906008,1611,364,21.9,67.0
820,5,9,4,87.2,6726.0,3250.0,508,1544729.0,1866724,4200027,906008,521,376,33.6,36.5
821,5,9,5,53.9,11941.0,5864.0,1336,1306580.0,1866724,4200027,906008,1016,355,33.6,63.3
822,5,9,6,64.7,8229.0,6962.0,1884,1527540.0,1866724,4200027,906008,818,860,36.8,34.7
823,5,10,1,44.5,43150.0,21711.0,2317,7549094.0,10491205,23545335,5346430,4152,1648,65.4,80.9
824,5,10,2,66.5,26642.0,15545.0,3224,8944427.0,10491205,23545335,5346430,3565,649,65.6,50.6
825,5,10,3,45.3,108264.0,91109.0,20208,7658202.0,10491205,23545335,5346430,6323,9182,25.7,100.0
826,5,10,4,69.3,54837.0,31930.0,10678,8572456.0,10491205,23545335,5346430,4203,5140,91.2,47.9
827,5,10,5,80.7,109010.0,55675.0,15884,9627226.0,10491205,23545335,5346430,7596,7675,44.0,53.2
828,5,10,6,74.8,23979.0,17561.0,3493,7032139.0,10491205,23545335,5346430,2639,1396,66.4,31.1
829,5,11,1,41.7,186696.0,132141.0,36285,11082221.0,16272649,37654400,7306647,18698,10345,40.2,53.2
830,5,11,2,37.5,88196.0,43558.0,10895,11059282.0,16272649,37654400,7306647,10711,7722,58.6,80.3
831,5,11,3,36.7,169910.0,125870.0,38641,12753986.0,16272649,37654400,7306647,23354,18256,63.4,61.6
832,5,11,4,39.6,142846.0,58103.0,7193,12511430.0,16272649,37654400,7306647,10093,8477,78.8,71.8
833,5,11,5,57.1,155299.0,,25220,14383214.0,16272649,37654400,7306647,9672,16051,41.1,74.1
834,5,11,6,57.4,147297.0,90147.0,18667,14910392.0,16272649,37654400,7306647,16163,15880,37.1,51.4
835,5,12,1,39.6,,39920.0,7405,7149790.0,10393598,19717589,4598493,9403,4964,41.3,62.6
836,5,12,2,67.2,,50286.0,13890,7429394.0,10393598,19717589,4598493,9940,5615,66.0,49.5
837,5,12,3,68.2,39806.0,34956.0,5663,6910451.0,10393598,19717589,4598493,3679,3783,35.3,82.1
838,5,12,4,95.4,26923.0,23796.0,6664,8703750.0,10393598,19717589,4598493,3161,1232,68.9,63.3
839,5,12,5,94.4,34202.0,15635.0,3294,7213593.0,10393598,19717589,4598493,1388,693,53.5,59.6
840,5,12,6,74.3,64852.0,45324.0,8279,6841036.0,10393598,19717589,4598493,10104,5250,58.7,67.5
841,5,13,1,75.2,164180.0,71359.0,21879,15281960.0,21064045,52199234,9725721,5920,10345,32.1,36.8
842,5,13,2,35.6,176552.0,129691.0,43472,15827195.0,21064045,52199234,9725721,17242,17863,39.9,52.0
843,5,13,3,93.3,,,26453,18702432.0,21064045,52199234,9725721,24527,13603,36.2,48.6
844,5,13,4,97.8,199614.0,80419.0,20528,12842732.0,21064045,52199234,9725721,6215,9390,32.8,57.3
845,5,13,5,77.0,195290.0,127960.0,35669,19963173.0,21064045,52199234,9725721,28246,16157,79.9,74.6
846,5,13,6,74.0,221263.0,118186.0,21744,16682711.0,21064045,52199234,9725721,16536,5838,43.0,72.1
847,5,14,1,90.3,118221.0,74497.0,20655,30102969.0,33011540,73661071,11427990,6138,8641,30.6,67.5
848,5,14,2,52.8,252189.0,183667.0,60805,21014608.0,33011540,73661071,11427990,38440,29580,38.7,58.2
849,5,14,3,63.6,215469.0,115974.0,31828,25571153.0,33011540,73661071,11427990,21419,19474,47.1,56.2
850,5,14,4,64.0,285534.0,199430.0,65162,25537678.0,33011540,73661071,11427990,23558,17001,37.6,30.2
851,5,14,5,96.8,199067.0,108912.0,26781,25140731.0,33011540,73661071,11427990,13544,6613,61.3,32.3
852,5,14,6,35.8,172503.0,89833.0,17373,25893679.0,33011540,73661071,11427990,20163,15851,48.2,46.6
853,5,15,1,47.1,4883.0,3414.0,931,791070.0,922016,1747679,317616,189,582,67.4,57.5
854,5,15,2,40.9,7776.0,4801.0,1291,685133.0,922016,1747679,317616,522,501,,100.0
855,5,15,3,70.2,8331.0,3381.0,815,595793.0,922016,1747679,317616,552,513,41.1,47.6
856,5,15,4,92.4,2369.0,1879.0,526,887876.0,922016,1747679,317616,367,277,54.3,79.6
857,5,15,5,81.2,7860.0,4035.0,1303,854038.0,922016,1747679,317616,670,159,56.9,59.6
858,5,15,6,52.6,9209.0,4374.0,480,714034.0,922016,1747679,317616,337,304,57.9,75.5
859,5,16,1,47.5,4168.0,2321.0,589,621837.0,872935,1995147,417097,304,136,,92.9
860,5,16,2,55.2,7831.0,6513.0,990,798627.0,872935,1995147,417097,1354,1052,41.2,31.8
861,5,16,3,55.3,6394.0,4168.0,839,825333.0,872935,1995147,417097,259,364,40.9,57.8
862,5,16,4,69.6,9898.0,7080.0,813,824309.0,872935,1995147,417097,1674,961,60.3,53.4
863,5,16,5,43.5,3321.0,1885.0,458,831362.0,872935,1995147,417097,303,143,48.5,78.2
864,5,16,6,94.8,9773.0,8214.0,1089,527110.0,872935,1995147,417097,591,1042,38.6,43.5
865,5,17,1,98.0,2795.0,1749.0,205,218497.0,354196,713557,125697,153,203,43.8,58.8
866,5,17,2,93.6,976.0,392.0,108,228512.0,354196,713557,125697,43,35,15.4,28.9
867,5,17,3,46.8,3567.0,,488,263710.0,354196,713557,125697,511,172,27.5,47.1
868,5,17,4,88.0,684.0,514.0,103,328387.0,354196,713557,125697,38,69,61.5,48.8
869,5,17,5,56.2,915.0,755.0,117,292215.0,354196,713557,125697,80,120,52.0,22.7
870,5,17,6,39.2,2982.0,1490.0,513,315044.0,354196,713557,125697,107,153,63.5,64.8
871,5,18,1,51.5,5790.0,2847.0,363,492788.0,604612,1258809,282608,539,128,52.1,66.2
872,5,18,2,96.1,2911.0,1466.0,264,429036.0,604612,1258809,282608,114,99,64.6,26.8
873,5,18,3,48.8,2939.0,1811.0,428,445099.0,604612,1258809,282608,423,270,60.0,69.9
874,5,18,4,60.0,3711.0,1546.0,175,370051.0,604612,1258809,282608,271,259,82.9,20.3
875,5,18,5,44.3,4993.0,2312.0,723,439515.0,604612,1258809,282608,183,205,46.4,41.4
876,5,18,6,51.5,4056.0,2374.0,699,536823.0,604612,1258809,282608,219,153,61.2,56.4
877,5,19,1,45.5,132077.0,112656.0,35321,9860076.0,11984748,25674098,5848371,26777,17392,45.5,41.7
878,5,19,2,61.9,49992.0,37759.0,5696,9809126.0,11984748,25674098,5848371,5895,6386,58.5,43.9
879,5,19,3,60.4,73978.0,50318.0,9865,8602718.0,11984748,25674098,5848371,3018,7101,49.8,72.1
880,5,19,4,85.3,69018.0,42549.0,12926,11147823.0,11984748,25674098,5848371,8171,7157,41.9,63.2
881,5,19,5,70.2,86117.0,57184.0,7260,7413233.0,11984748,25674098,5848371,8855,4603,63.1,58.0
882,5,19,6,64.3,124540.0,61345.0,7037,11253308.0,11984748,25674098,5848371,8575,3257,25.9,51.8
883,5,20,1,82.3,52613.0,22615.0,3689,6937854.0,8879143,18158719,3420653,3161,2454,52.2,16.5
884,5,20,2,81.4,36582.0,20087.0,4318,8581882.0,8879143,18158719,3420653,4840,3004,52.4,73.1
885,5,20,3,47.7,50946.0,32097.0,8035,7541457.0,8879143,18158719,3420653,4586,1759,38.3,35.5
886,5,20,4,90.4,41046.0,34525.0,7703,7250500.0,8879143,18158719,3420653,4919,2878,42.0,71.4
887,5,20,5,76.0,28032.0,16360.0,3438,6810037.0,8879143,18158719,3420653,1546,2660,47.2,59.0
888,5,20,6,41.9,89915.0,74147.0,24167,6654119.0,8879143,18158719,3420653,15997,5352,,91.7
889,5,21,1,52.5,112295.0,52748.0,15814,18934973.0,19977730,49147342,10218888,7476,5201,,60.3
890,5,21,2,95.1,131306.0,111626.0,19595,18606753.0,19977730,49147342,10218888,19184,15488,22.1,72.5
891,5,21,3,73.5,216824.0,134852.0,28570,18347236.0,19977730,49147342,10218888,15153,8929,68.8,57.7
892,5,21,4,54.7,49416.0,25568.0,2637,18330436.0,19977730,49147342,10218888,3747,2350,61.1,55.1
893,5,21,5,47.3,87082.0,39490.0,4385,19228324.0,19977730,49147342,10218888,6766,2478,28.8,54.0
894,5,21,6,53.6,166498.0,105302.0,16030,12411070.0,19977730,49147342,10218888,8644,16989,86.2,56.5
895,5,22,1,75.5,926.0,575.0,143,169674.0,190920,406729,93606,92,29,85.2,67.4
896,5,22,2,85.2,1422.0,1164.0,325,124925.0,190920,406729,93606,193,170,54.4,51.9
897,5,22,3,75.2,1794.0,812.0,256,141937.0,190920,406729,93606,71,45,43.8,44.0
898,5,22,4,91.1,1110.0,764.0,88,130252.0,190920,406729,93606,42,96,15.6,58.4
899,5,22,5,57.8,670.0,289.0,53,154792.0,190920,406729,93606,50,21,39.9,76.9
900,5,22,6,91.2,945.0,578.0,103,156774.0,190920,406729,93606,66,89,41.3,72.2
901,5,23,1,74.2,164959.0,75250.0,24714,21344471.0,22031836,43526323,9399690,6441,13168,62.2,25.7
902,5,23,2,61.3,176722.0,112707.0,12269,20546663.0,22031836,43526323,9399690,18081,5983,48.7,40.3
903,5,23,3,53.2,67235.0,,4346,15404067.0,22031836,43526323,9399690,5998,2918,56.6,63.9
904,5,23,4,54.6,118351.0,61245.0,6973,20664550.0,22031836,43526323,9399690,12140,2313,92.4,69.6
905,5,23,5,43.1,143964.0,104459.0,29788,19146307.0,22031836,43526323,9399690,12970,6886,76.5,38.0
906,5,23,6,62.7,92794.0,39183.0,6062,16898048.0,22031836,43526323,9399690,1961,2795,7.1,39.3
907,5,24,1,59.8,58603.0,47725.0,6211,11020365.0,11879019,22194701,4195015,3573,4714,60.0,94.2
908,5,24,2,57.7,69478.0,37704.0,12727,10953895.0,11879019,22194701,4195015,3167,3230,54.0,40.6
909,5,24,3,96.5,74316.0,60290.0,7117,,11879019,22194701,4195015,7062,10000,30.9,50.8
910,5,24,4,68.6,95037.0,62088.0,18854,8178398.0,11879019,22194701,4195015,10863,7819,64.7,61.8
911,5,24,5,59.5,42060.0,35426.0,12299,8789587.0,11879019,22194701,4195015,5741,3997,55.9,85.4
912,5,24,6,49.8,20357.0,12696.0,3120,9523049.0,11879019,22194701,4195015,1733,1235,45.3,41.6
913,5,25,1,39.8,4762.0,3749.0,952,694586.0,1001762,2411023,571539,812,238,25.0,78.5
914,5,25,2,42.4,2473.0,1310.0,302,735476.0,1001762,2411023,571539,125,40,42.0,82.9
915,5,25,3,79.6,2251.0,1874.0,364,883481.0,1001762,2411023,571539,422,334,25.9,79.7
916,5,25,4,91.1,6719.0,3339.0,865,681259.0,1001762,2411023,571539,404,307,7.4,65.8
917,5,25,5,58.5,3907.0,2413.0,366,707805.0,1001762,2411023,571539,400,391,59.6,62.8
918,5,25,6,97.3,4863.0,3350.0,921,956011.0,1001762,2411023,571539,479,257,59.0,60.4
919,5,26,1,63.6,614811.0,552833.0,180392,42759816.0,61959648,137755576,21004056,96463,25655,55.4,69.3
920,5,26,2,63.8,661265.0,546648.0,172568,55778344.0,61959648,137755576,21004056,110998,67032,55.5,56.7
921,5,26,3,42.6,139666.0,113308.0,25454,53534963.0,61959648,137755576,21004056,10640,4620,25.9,65.7
922,5,26,4,60.8,281203.0,145544.0,27418,50311966.0,61959648,137755576,21004056,14327,21451,61.8,86.0
923,5,26,5,90.6,243648.0,171304.0,35665,47137505.0,61959648,137755576,21004056,39891,18300,33.8,35.0
924,5,26,6,77.3,572884.0,288459.0,97361,42268300.0,61959648,137755576,21004056,22874,34550,38.3,7.7
925,5,27,1,96.9,38104.0,24675.0,7279,4916246.0,5519896,11419110,2156265,5062,2157,23.9,69.1
926,5,27,2,40.0,24067.0,17910.0,5085,3404589.0,5519896,11419110,2156265,1207,1866,87.0,71.6
927,5,27,3,49.8,29297.0,15005.0,2242,4940062.0,5519896,11419110,2156265,1258,2066,58.7,0.0
928,5,27,4,73.4,49414.0,30281.0,5100,5193275.0,5519896,11419110,2156265,7052,1161,32.6,71.5
929,5,27,5,54.5,52766.0,36962.0,5249,4669936.0,5519896,11419110,2156265,3270,5916,41.3,42.2
930,5,27,6,90.5,12846.0,9475.0,1102,5390966.0,5519896,11419110,2156265,742,1385,51.9,57.2
931,5,28,1,85.6,235982.0,155649.0,50018,19472274.0,26943612,58819878,12672148,27164,16031,40.9,0.0
932,5,28,2,82.6,86941.0,63719.0,16609,24745420.0,26943612,58819878,12672148,12907,6986,76.9,47.2
933,5,28,3,68.1,253042.0,182944.0,23477,19300789.0,26943612,58819878,12672148,17074,23041,,60.9
934,5,28,4,44.6,,49095.0,14291,17672251.0,26943612,58819878,12672148,9292,8021,53.6,50.4
935,5,28,5,57.8,147971.0,96208.0,31991,16484791.0,26943612,58819878,12672148,19329,6297,24.8,39.9
936,5,28,6,47.6,69011.0,49974.0,6331,16401611.0,26943612,58819878,12672148,10785,2324,58.4,53.3
937,5,29,1,40.5,34488.0,26626.0,6868,8567552.0,9563571,20332515,3131677,3431,3543,57.3,79.4
938,5,29,2,73.2,24955.0,21808.0,3596,6239275.0,9563571,20332515,3131677,1153,2817,29.2,56.5
939,5,29,3,56.7,52720.0,33580.0,4719,6711597.0,9563571,20332515,3131677,2561,5500,56.7,20.8
940,5,29,4,96.7,17751.0,13391.0,1426,8705408.0,9563571,20332515,3131677,3308,2309,37.7,50.6
941,5,29,5,92.4,32807.0,26284.0,8920,7246307.0,9563571,20332515,3131677,1683,3179,68.5,52.4
942,5,29,6,48.5,36579.0,30355.0,4987,9230194.0,9563571,20332515,3131677,6081,4657,64.5,100.0
943,5,30,1,91.4,11410.0,6949.0,958,2698647.0,3336587,8181191,1406832,1331,671,64.5,87.5
944,5,30,2,37.7,18035.0,,3209,2525264.0,3336587,8181191,1406832,1048,1422,47.1,57.8
945,5,30,3,63.2,26911.0,10779.0,3062,2731348.0,3336587,8181191,1406832,1514,721,40.6,69.5
946,5,30,4,70.5,15454.0,,983,2976084.0,3336587,8181191,1406832,767,621,63.7,69.1
947,5,30,5,62.4,7210.0,5048.0,1078,2461074.0,3336587,8181191,1406832,468,725,60.0,24.2
948,5,30,6,73.9,25378.0,13665.0,3936,2251991.0,3336587,8181191,1406832,3273,2416,,83.2
949,5,31,1,45.4,358.0,152.0,26,55355.0,78565,179390,30008,29,16,3.7,81.2
950,5,31,2,49.6,352.0,260.0,53,71438.0,78565,179390,30008,61,37,59.5,41.5
951,5,31,3,64.9,573.0,378.0,85,76235.0,78565,179390,30008,38,40,18.4,34.1
952,5,31,4,78.8,323.0,156.0,25,60098.0,78565,179390,30008,32,26,59.8,48.8
953,5,31,5,70.5,547.0,295.0,56,52531.0,78565,179390,30008,51,19,53.1,12.7
954,5,31,6,78.2,475.0,359.0,68,66349.0,78565,179390,30008,46,34,36.6,83.7
955,5,32,1,43.0,3303.0,1716.0,355,354474.0,392980,895252,174223,188,204,43.1,25.2
956,5,32,2,58.2,3644.0,1478.0,410,259594.0,392980,895252,174223,125,72,56.5,98.7
957,5,32,3,50.2,2327.0,1321.0,321,292255.0,392980,895252,174223,109,196,50.2,25.4
958,5,32,4,83.5,2532.0,2145.0,421,294280.0,392980,895252,174223,261,110,53.5,46.1
959,5,32,5,89.9,951.0,529.0,67,373201.0,392980,895252,174223,39,44,64.0,56.4
960,5,32,6,78.8,1403.0,776.0,267,335822.0,392980,895252,174223,131,37,4.2,71.7
961,6,1,1,57.0,29801.0,26345.0,6251,10434308.0,14802489,32735145,7254228,6370,4509,60.2,70.3
962,6,1,2,92.4,145672.0,65258.0,19904,10518155.0,14802489,32735145,7254228,11198,10220,48.3,56.7
963,6,1,3,52.3,47753.0,20257.0,2664,11865355.0,14802489,32735145,7254228,2911,3505,46.1,68.9
964,6,1,4,65.2,75100.0,58050.0,19427,13607304.0,14802489,32735145,7254228,8708,5623,56.3,67.9
965,6,1,5,55.2,,,6278,13483876.0,14802489,32735145,7254228,5066,1491,21.7,54.1
966,6,1,6,93.4,30761.0,,4050,12137628.0,14802489,32735145,7254228,1841,1903,47.1,69.8
967,6,2,1,88.0,1717.0,762.0,106,315910.0,452083,892122,144991,170,111,32.1,31.2
968,6,2,2,50.5,2308.0,1552.0,461,291688.0,452083,892122,144991,350,214,84.3,66.2
969,6,2,3,78.4,1336.0,535.0,78,280784.0,452083,892122,144991,94,79,64.8,69.3
970,6,2,4,65.2,1365.0,992.0,217,309860.0,452083,892122,144991,59,170,68.9,45.7
971,6,2,5,67.4,4781.0,3911.0,416,421454.0,452083,892122,144991,805,341,65.5,51.1
972,6,2,6,68.6,4223.0,3258.0,603,330926.0,452083,892122,144991,231,436,63.6,61.8
973,6,3,1,62.2,43747.0,21048.0,6942,6200578.0,8902288,21535598,4299243,3070,2497,54.2,55.4
974,6,3,2,63.7,39649.0,27352.0,6448,5780653.0,8902288,21535598,4299243,1609,1099,55.5,61.0
975,6,3,3,41.2,38137.0,18878.0,6165,8098131.0,8902288,21535598,4299243,1473,3191,47.2,100.0
976,6,3,4,91.8,85725.0,52998.0,14231,5470960.0,8902288,21535598,4299243,4562,5987,65.5,61.2
977,6,3,5,58.3,44707.0,33188.0,6631,8046284.0,8902288,21535598,4299243,6353,4213,72.4,36.4
978,6,3,6,91.4,49308.0,44176.0,14512,7507280.0,8902288,21535598,4299243,10707,1570,39.6,39.8
979,6,4,1,83.5,72087.0,,15908,29539222.0,35503639,73904141,11994114,8009,6109,43.5,57.7
980,6,4,2,49.0,124202.0,60331.0,17497,21415295.0,35503639,73904141,11994114,13410,10377,41.5,41.1
981,6,4,3,55.5,122527.0,96784.0,18709,33912265.0,35503639,73904141,11994114,13817,5755,53.4,86.6
982,6,4,4,83.7,127723.0,68121.0,16842,33637329.0,35503639,73904141,11994114,15084,6186,43.0,61.9
983,6,4,5,59.2,90799.0,56011.0,12242,22767674.0,35503639,73904141,11994114,12065,4311,73.6,79.2
984,6,4,6,87.9,209510.0,184544.0,61744,28882117.0,35503639,73904141,11994114,42245,32444,74.8,29.9
985,6,5,1,49.9,19713.0,15495.0,2349,5801656.0,7292005,16242885,3939663,3502,1148,86.6,34.3
986,6,5,2,57.9,,44259.0,4805,6695901.0,7292005,16242885,3939663,3118,6530,35.5,51.9
987,6,5,3,80.2,86076.0,66235.0,6874,5093761.0,7292005,16242885,3939663,7216,5220,83.5,69.5
988,6,5,4,63.8,41816.0,22573.0,2552,4695455.0,7292005,16242885,3939663,1882,3348,100.0,18.9
989,6,5,5,39.4,36135.0,28518.0,3978,5492256.0,7292005,16242885,3939663,2850,951,70.6,60.4
990,6,5,6,57.3,40634.0,28735.0,4138,6092713.0,7292005,16242885,3939663,6621,4268,50.8,96.1
991,6,6,1,82.9,4040.0,3617.0,501,314199.0,413658,918163,205502,440,528,66.9,13.9
992,6,6,2,64.5,852.0,431.0,129,327761.0,413658,918163,205502,51,58,46.9,26.0
993,6,6,3,53.8,1427.0,1273.0,343,277151.0,413658,918163,205502,173,105,43.6,17.9
994,6,6,4,42.8,4055.0,,482,288764.0,413658,918163,205502,222,214,17.2,89.4
995,6,6,5,39.9,3714.0,3125.0,543,375992.0,413658,918163,205502,513,173,32.7,51.6
996,6,6,6,83.2,3488.0,1864.0,342,332225.0,413658,918163,205502,292,329,43.7,59.7
997,6,7,1,86.4,205255.0,110077.0,34975,14064406.0,19344740,38869732,8145826,14846,17368,54.5,15.0
998,6,7,2,79.5,57300.0,36066.0,4535,14916156.0,19344740,38869732,8145826,7116,4118,45.9,35.8
999,6,7,3,63.9,68651.0,48224.0,15484,14671431.0,19344740,38869732,8145826,5220,2292,58.8,13.6
1000,6,7,4,82.7,63786.0,,14298,16001573.0,19344740,38869732,8145826,6076,3620,48.0,49.1
1001,6,7,5,35.9,196503.0,116454.0,14632,13109460.0,19344740,38869732,8145826,6494,17335,32.9,80.6
1002,6,7,6,53.3,124218.0,92251.0,9470,17191442.0,19344740,38869732,8145826,19524,12071,69.4,76.4
1003,6,8,1,94.7,75236.0,33113.0,4050,4759119.0,7449411,16738232,2566811,3117,1720,56.5,66.3
1004,6,8,2,57.3,36809.0,17625.0,2076,6415749.0,7449411,16738232,2566811,3909,1069,37.3,53.6
1005,6,8,3,38.2,32766.0,14544.0,1733,5026180.0,7449411,16738232,2566811,1796,1273,47.4,54.1
1006,6,8,4,80.5,55522.0,23882.0,3140,4599601.0,7449411,16738232,2566811,1250,2492,37.2,20.2
1007,6,8,5,36.5,46167.0,18741.0,6208,4790052.0,7449411,16738232,2566811,2868,2398,42.8,38.3
1008,6,8,6,91.9,25442.0,19798.0,4211,5294028.0,7449411,16738232,2566811,3565,1395,80.4,63.1
1009,6,9,1,90.5,8539.0,6291.0,1678,1511511.0,1842416,4129211,971373,1308,670,74.9,52.2
1010,6,9,2,50.1,16331.0,8101.0,1875,1265244.0,1842416,4129211,971373,1766,1190,39.3,50.3
1011,6,9,3,40.9,16739.0,7162.0,2388,1471200.0,1842416,4129211,971373,1615,1271,40.0,34.4
1012,6,9,4,97.8,7938.0,4136.0,642,1692183.0,1842416,4129211,971373,839,369,42.7,37.5
1013,6,9,5,39.5,16976.0,14820.0,2068,1346930.0,1842416,4129211,971373,1241,2625,67.3,43.8
1014,6,9,6,63.5,11023.0,5247.0,690,1143819.0,1842416,4129211,971373,972,395,60.6,38.0
1015,6,10,1,95.2,54575.0,24231.0,8349,,10332566,24106613,4345034,2592,2583,63.6,34.1
1016,6,10,2,40.6,114766.0,89107.0,10680,9878840.0,10332566,24106613,4345034,7189,12459,42.3,68.6
1017,6,10,3,64.7,64787.0,42748.0,8190,9794127.0,10332566,24106613,4345034,4123,1845,49.0,57.9
1018,6,10,4,88.5,112319.0,,9403,10121392.0,10332566,24106613,4345034,14387,13357,43.2,87.3
1019,6,10,5,84.1,101293.0,,11635,7140229.0,10332566,24106613,4345034,11152,8274,72.3,28.0
1020,6,10,6,42.1,70540.0,,14524,9937487.0,10332566,24106613,4345034,9123,9899,44.8,36.3
1021,6,11,1,83.5,82175.0,39899.0,10326,12099322.0,16596015,39910868,5735152,9007,2315,41.3,85.0
1022,6,11,2,42.4,95331.0,71137.0,10585,13350350.0,16596015,39910868,5735152,5048,2637,67.4,79.8
1023,6,11,3,45.4,67979.0,32435.0,7365,11455315.0,16596015,39910868,5735152,7662,2283,27.1,71.3
1024,6,11,4,39.9,83664.0,50261.0,15334,10341316.0,16596015,39910868,5735152,9797,2525,43.7,52.2
1025,6,11,5,45.7,124562.0,82620.0,9135,15422578.0,16596015,39910868,5735152,10345,6661,36.1,39.8
1026,6,11,6,61.4,87060.0,46496.0,13839,12132508.0,16596015,39910868,5735152,10726,3389,61.4,43.5
1027,6,12,1,59.7,62541.0,25172.0,3912,8999693.0,9747795,20427994,3300875,1546,2807,43.4,79.3
1028,6,12,2,60.6,34271.0,17164.0,5657,8039225.0,9747795,20427994,3300875,2117,1312,53.1,55.9
1029,6,12,3,50.8,24847.0,9992.0,2818,7580777.0,9747795,20427994,3300875,1873,835,44.5,47.2
1030,6,12,4,69.2,98065.0,76419.0,25936,6562343.0,9747795,20427994,3300875,4603,13166,29.3,29.7
1031,6,12,5,72.8,30364.0,26861.0,8527,5860656.0,9747795,20427994,3300875,3179,3180,41.9,21.0
1032,6,12,6,39.9,61078.0,46292.0,10444,6009876.0,9747795,20427994,3300875,2619,5112,,49.3
1033,6,13,1,52.0,72276.0,58427.0,15277,13903615.0,21418313,48476587,8927173,13166,3551,38.7,63.3
1034,6,13,2,91.8,61595.0,36853.0,8298,13000851.0,21418313,48476587,8927173,4341,5566,63.6,35.6
1035,6,13,3,85.9,80231.0,55262.0,16464,20241070.0,21418313,48476587,8927173,7951,6472,76.4,56.9
1036,6,13,4,94.3,226827.0,100199.0,22437,17389726.0,21418313,48476587,8927173,19928,6197,66.7,46.0
1037,6,13,5,49.5,107599.0,93493.0,20342,13929447.0,21418313,48476587,8927173,7442,12799,53.2,30.6
1038,6,13,6,56.7,49010.0,41243.0,4943,15213705.0,21418313,48476587,8927173,2667,2579,67.6,90.0
1039,6,14,1,93.1,279911.0,126380.0,34873,27983160.0,33711203,75205288,16721871,6939,14971,58.9,11.3
1040,6,14,2,79.4,323373.0,254815.0,62213,25139175.0,33711203,75205288,16721871,51888,16174,0.0,18.3
1041,6,14,3,83.4,368702.0,296065.0,76352,32009897.0,33711203,75205288,16721871,73990,36575,63.4,52.1
1042,6,14,4,38.8,,56662.0,19205,29621442.0,33711203,75205288,16721871,8721,6601,57.5,44.2
1043,6,14,5,74.7,197465.0,89730.0,25906,23112564.0,33711203,75205288,16721871,5531,8650,60.3,63.1
1044,6,14,6,51.0,182655.0,118057.0,21796,23262289.0,33711203,75205288,16721871,18197,17396,52.1,2.9
1045,6,15,1,96.5,2726.0,2082.0,388,631624.0,798880,1799141,348044,415,321,,50.8
1046,6,15,2,37.4,4788.0,3201.0,759,606035.0,798880,1799141,348044,616,499,62.4,61.1
1047,6,15,3,73.5,7494.0,6003.0,1001,641794.0,798880,1799141,348044,422,679,53.2,49.5
1048,6,15,4,49.4,6490.0,3137.0,1081,584573.0,798880,1799141,348044,755,518,70.7,49.1
1049,6,15,5,49.9,5202.0,2935.0,301,616421.0,798880,1799141,348044,515,249,62.5,49.8
1050,6,15,6,74.0,5916.0,3769.0,843,674206.0,798880,1799141,348044,346,635,28.1,69.6
1051,6,16,1,83.4,8981.0,6943.0,881,881310.0,1003854,2023760,284148,1483,1208,100.0,59.3
1052,6,16,2,55.6,3955.0,3266.0,554,872677.0,1003854,2023760,284148,191,278,72.8,87.1
1053,6,16,3,59.1,8180.0,5319.0,799,742850.0,1003854,2023760,284148,1239,469,70.0,60.1
1054,6,16,4,49.9,6819.0,5416.0,1556,620156.0,1003854,2023760,284148,1227,884,89.1,55.8
1055,6,16,5,36.9,10118.0,5473.0,915,640063.0,1003854,2023760,284148,1120,854,42.5,12.1
1056,6,16,6,93.1,9527.0,5515.0,815,882566.0,1003854,2023760,284148,654,908,49.3,67.3
1057,6,17,1,61.7,3413.0,2958.0,921,234146.0,325405,684948,138913,734,387,49.3,72.0
1058,6,17,2,51.3,2919.0,1434.0,219,201812.0,325405,684948,138913,101,153,27.4,84.0
1059,6,17,3,74.4,622.0,422.0,66,273669.0,325405,684948,138913,76,47,70.8,84.4
1060,6,17,4,49.4,2222.0,1484.0,291,303259.0,325405,684948,138913,242,45,37.7,15.2
1061,6,17,5,87.5,3530.0,2869.0,697,205679.0,325405,684948,138913,572,141,35.8,71.3
1062,6,17,6,42.1,3346.0,2597.0,893,257213.0,325405,684948,138913,136,171,53.2,53.1
1063,6,18,1,79.2,1577.0,1365.0,323,324847.0,532309,1222445,262398,277,138,37.0,28.5
1064,6,18,2,65.0,5464.0,4789.0,1665,358114.0,532309,1222445,262398,1148,605,26.6,45.5
1065,6,18,3,44.9,3021.0,2064.0,718,389771.0,532309,1222445,262398,224,371,60.3,34.4
1066,6,18,4,64.1,2971.0,1812.0,527,414556.0,532309,1222445,262398,451,274,47.6,53.9
1067,6,18,5,58.7,3425.0,2127.0,384,349750.0,532309,1222445,262398,529,287,22.2,73.0
1068,6,18,6,73.9,5855.0,4897.0,933,456154.0,532309,1222445,262398,278,325,65.7,47.6
1069,6,19,1,36.6,,36347.0,8740,8567023.0,12793879,25674280,6353904,4859,5927,52.7,57.6
1070,6,19,2,41.2,87006.0,54914.0,7614,9010652.0,12793879,25674280,6353904,12131,5589,84.9,83.3
1071,6,19,3,74.2,76443.0,31153.0,6029,8137896.0,12793879,25674280,6353904,6826,4573,45.7,58.0
1072,6,19,4,68.1,90290.0,67681.0,20019,10413984.0,12793879,25674280,6353904,13498,3347,53.7,61.0
1073,6,19,5,48.8,87053.0,37280.0,7931,8307452.0,12793879,25674280,6353904,4666,3647,51.7,66.9
1074,6,19,6,98.6,88264.0,51100.0,17469,9715218.0,12793879,25674280,6353904,12688,8929,34.9,21.1
1075,6,20,1,45.5,57468.0,30633.0,3502,6585997.0,8335522,18326057,3219164,5138,5365,56.1,30.7
1076,6,20,2,49.0,18664.0,10963.0,1826,7904674.0,8335522,18326057,3219164,2023,371,55.9,49.6
1077,6,20,3,84.7,65293.0,40653.0,14070,5238055.0,8335522,18326057,3219164,2272,6324,46.7,47.0
1078,6,20,4,47.4,79993.0,60290.0,16234,6331038.0,8335522,18326057,3219164,4708,9925,100.0,50.5
1079,6,20,5,86.4,29938.0,25150.0,2962,5677413.0,8335522,18326057,3219164,6056,1725,69.8,73.2
1080,6,20,6,62.1,36456.0,19326.0,5223,7218954.0,8335522,18326057,3219164,3802,901,0.0,33.2
1081,6,21,1,63.6,182435.0,93333.0,28068,18463762.0,22013960,49193992,6610501,11319,5113,76.1,87.1
1082,6,21,2,97.4,166555.0,,10391,14525754.0,22013960,49193992,6610501,13211,6275,52.9,44.4
1083,6,21,3,49.6,113633.0,60529.0,9374,19269462.0,22013960,49193992,6610501,7990,6242,38.4,34.9
1084,6,21,4,57.4,214755.0,185351.0,39469,20211677.0,22013960,49193992,6610501,21344,29102,62.7,60.0
1085,6,21,5,51.9,215346.0,147967.0,49186,17372473.0,22013960,49193992,6610501,10031,20341,100.0,66.1
1086,6,21,6,35.3,131848.0,93721.0,30387,13843679.0,22013960,49193992,6610501,5102,5298,28.4,37.4
1087,6,22,1,71.7,1114.0,899.0,281,108294.0,174704,407572,79221,99,145,,87.0
1088,6,22,2,68.7,1196.0,546.0,164,134555.0,174704,407572,79221,126,17,62.4,100.0
1089,6,22,3,97.5,775.0,458.0,142,112734.0,174704,407572,79221,89,30,77.4,71.8
1090,6,22,4,54.6,900.0,556.0,66,170209.0,174704,407572,79221,46,43,37.5,65.1
1091,6,22,5,58.6,1353.0,,141,147958.0,174704,407572,79221,80,83,45.3,78.2
1092,6,22,6,56.5,1335.0,1105.0,176,106661.0,174704,407572,79221,99,132,75.3,73.9
1093,6,23,1,97.2,99279.0,56329.0,10165,16831044.0,22899652,44124643,7104925,6079,9607,31.5,66.3
1094,6,23,2,74.1,85174.0,43475.0,13027,16022163.0,22899652,44124643,7104925,3014,1425,45.1,82.8
1095,6,23,3,50.9,103974.0,75624.0,21078,16824134.0,22899652,44124643,7104925,10577,6032,63.7,87.6
1096,6,23,4,90.5,208812.0,180823.0,37000,22019493.0,22899652,44124643,7104925,13808,13096,48.9,72.0
1097,6,23,5,71.9,109923.0,65224.0,8330,19269677.0,22899652,44124643,7104925,4406,11628,56.5,78.9
1098,6,23,6,90.0,98728.0,45817.0,14730,17376351.0,22899652,44124643,7104925,7024,5347,30.1,64.1
1099,6,24,1,93.7,76952.0,39234.0,8883,10390731.0,11839000,22080772,3404919,5597,6083,51.7,14.5
1100,6,24,2,76.7,71844.0,32475.0,7789,9550064.0,11839000,22080772,3404919,1656,1889,60.2,49.1
1101,6,24,3,69.6,25931.0,10524.0,3154,7503082.0,11839000,22080772,3404919,995,1356,33.5,43.9
1102,6,24,4,65.3,86747.0,37152.0,7652,8928554.0,11839000,22080772,3404919,3304,1703,9.7,45.7
1103,6,24,5,82.6,62727.0,43916.0,6311,9221835.0,11839000,22080772,3404919,10190,4362,73.4,20.2
1104,6,24,6,73.9,73561.0,38601.0,11300,9655620.0,11839000,22080772,3404919,2565,4507,41.1,63.3
1105,6,25,1,46.9,3179.0,1567.0,219,870953.0,1129311,2449899,332346,280,54,67.9,70.3
1106,6,25,2,60.0,9859.0,8022.0,1315,820845.0,1129311,2449899,332346,1780,1413,47.0,88.9
1107,6,25,3,39.0,4436.0,2768.0,829,750422.0,1129311,2449899,332346,455,225,29.8,51.2
1108,6,25,4,64.7,7658.0,5100.0,732,874446.0,1129311,2449899,332346,886,463,48.6,55.6
1109,6,25,5,55.0,5079.0,2451.0,363,736937.0,1129311,2449899,332346,346,179,48.3,44.9
1110,6,25,6,75.6,10558.0,5312.0,1220,915197.0,1129311,2449899,332346,431,866,50.1,59.3
1111,6,26,1,85.2,516707.0,447980.0,145029,47976235.0,63643920,135277555,29427504,25312,14700,65.4,63.8
1112,6,26,2,98.4,383749.0,215171.0,60857,49996002.0,63643920,135277555,29427504,33491,13811,64.4,36.8
1113,6,26,3,49.3,190341.0,76651.0,12918,50648116.0,63643920,135277555,29427504,14383,11186,51.7,65.6
1114,6,26,4,63.7,495725.0,429166.0,84790,52674022.0,63643920,135277555,29427504,63762,65342,69.7,55.2
1115,6,26,5,36.3,453804.0,289951.0,87735,56972368.0,63643920,135277555,29427504,47476,21076,66.3,42.9
1116,6,26,6,64.2,577908.0,349973.0,84503,40953532.0,63643920,135277555,29427504,22020,32759,78.3,42.4
1117,6,27,1,94.6,34155.0,29456.0,6604,3903991.0,5094070,11878155,2335251,7239,1968,78.4,45.0
1118,6,27,2,53.8,34221.0,28994.0,3291,4108403.0,5094070,11878155,2335251,2225,3642,18.6,58.3
1119,6,27,3,89.6,37923.0,28709.0,5847,3432878.0,5094070,11878155,2335251,7015,2150,58.2,61.0
1120,6,27,4,90.8,25037.0,10955.0,1873,4023277.0,5094070,11878155,2335251,2188,1161,39.5,69.0
1121,6,27,5,49.3,25082.0,,4701,4978132.0,5094070,11878155,2335251,2463,2283,59.6,77.1
1122,6,27,6,72.6,19096.0,9536.0,1701,4233679.0,5094070,11878155,2335251,2243,1313,53.5,53.1
1123,6,28,1,87.3,290525.0,180178.0,56768,25789115.0,27953900,57278588,12616081,28142,15948,21.8,1.2
1124,6,28,2,87.3,225275.0,178024.0,27168,21923402.0,27953900,57278588,12616081,31217,21633,26.3,53.4
1125,6,28,3,43.1,191640.0,,28517,18750972.0,27953900,57278588,12616081,24072,13249,50.2,60.5
1126,6,28,4,90.0,70184.0,30691.0,6829,21872289.0,27953900,57278588,12616081,4557,5390,98.6,52.1
1127,6,28,5,42.4,51694.0,26362.0,3801,26415811.0,27953900,57278588,12616081,5874,1754,63.7,54.6
1128,6,28,6,77.1,156523.0,91012.0,9624,21352411.0,27953900,57278588,12616081,8072,5092,70.6,28.3
1129,6,29,1,94.6,49497.0,29509.0,7601,8393773.0,8583647,18473611,3027263,3293,4779,49.9,63.1
1130,6,29,2,72.4,,30213.0,9362,6798613.0,8583647,18473611,3027263,6233,3127,67.2,62.6
1131,6,29,3,59.3,97746.0,59685.0,8557,7155721.0,8583647,18473611,3027263,4738,4080,58.0,79.0
1132,6,29,4,84.4,26241.0,20357.0,3112,5429183.0,8583647,18473611,3027263,2796,883,48.4,33.9
1133,6,29,5,47.1,73558.0,37927.0,5557,7674158.0,8583647,18473611,3027263,9313,3072,55.1,95.8
1134,6,29,6,45.8,96399.0,49327.0,11134,7263921.0,8583647,18473611,3027263,11494,8799,52.7,68.6
1135,6,30,1,51.5,17351.0,13681.0,2312,3667212.0,3941147,7828969,1278534,1038,1968,30.3,65.7
1136,6,30,2,95.9,,19657.0,3977,2867086.0,3941147,7828969,1278534,2059,2647,31.9,98.0
1137,6,30,3,53.8,9308.0,4408.0,537,3062088.0,3941147,7828969,1278534,899,326,29.3,52.8
1138,6,30,4,37.5,13222.0,10321.0,2213,2590100.0,3941147,7828969,1278534,2265,746,57.4,56.4
1139,6,30,5,83.6,19568.0,9903.0,2787,,3941147,7828969,1278534,972,825,30.0,59.2
1140,6,30,6,58.9,25164.0,10911.0,3694,3527940.0,3941147,7828969,1278534,845,641,75.6,50.5
1141,6,31,1,49.6,876.0,659.0,90,74616.0,88466,173112,39097,148,75,40.1,61.5
1142,6,31,2,76.9,165.0,73.0,15,59545.0,88466,173112,39097,8,5,69.4,72.1
1143,6,31,3,77.3,503.0,230.0,47,70144.0,88466,173112,39097,25,39,60.9,49.6
1144,6,31,4,42.0,235.0,106.0,12,64651.0,88466,173112,39097,10,10,27.4,79.6
1145,6,31,5,71.9,598.0,495.0,64,70658.0,88466,173112,39097,42,87,47.5,86.4
1146,6,31,6,42.6,673.0,558.0,69,71483.0,88466,173112,39097,77,62,52.7,44.5
1147,6,32,1,48.7,3304.0,2017.0,377,318097.0,431392,830289,126971,323,340,5.3,58.8
1148,6,32,2,42.8,2181.0,1657.0,257,292085.0,431392,830289,126971,94,163,62.9,66.4
1149,6,32,3,63.8,1407.0,837.0,244,340490.0,431392,830289,126971,188,73,74.6,89.8
1150,6,32,4,99.0,3954.0,3547.0,1233,415553.0,431392,830289,126971,523,489,17.0,63.4
1151,6,32,5,91.4,2391.0,1275.0,331,375376.0,431392,830289,126971,125,107,50.9,45.4
1152,6,32,6,49.9,4010.0,1986.0,568,317449.0,431392,830289,126971,249,322,32.0,60.4
1153,7,1,1,60.9,90973.0,45657.0,13804,9530339.0,13527566,33525249,7383321,9591,3077,64.9,100.0
1154,7,1,2,77.8,83110.0,49089.0,11454,11770027.0,13527566,33525249,7383321,5651,4853,12.5,70.6
1155,7,1,3,88.6,153513.0,107250.0,31617,12995591.0,13527566,33525249,7383321,19264,11061,70.9,35.3
1156,7,1,4,95.3,60571.0,26445.0,6578,12456046.0,13527566,33525249,7383321,4098,3614,44.2,51.8
1157,7,1,5,44.5,151438.0,79547.0,13235,12396006.0,13527566,33525249,7383321,8864,9929,24.0,100.0
1158,7,1,6,53.1,33950.0,15143.0,4092,10444725.0,13527566,33525249,7383321,3551,2554,59.8,71.8
1159,7,2,1,37.0,2183.0,1562.0,432,262429.0,421474,912626,154590,345,169,74.4,56.5
1160,7,2,2,77.0,4381.0,2206.0,428,336542.0,421474,912626,154590,436,207,41.0,72.2
1161,7,2,3,57.1,2216.0,1900.0,447,301096.0,421474,912626,154590,453,179,60.8,42.5
1162,7,2,4,91.5,4428.0,3723.0,1152,294341.0,421474,912626,154590,255,122,48.3,65.2
1163,7,2,5,56.7,1309.0,527.0,106,321488.0,421474,912626,154590,117,42,41.6,33.9
1164,7,2,6,45.3,1632.0,785.0,268,342051.0,421474,912626,154590,94,66,52.6,68.2
1165,7,3,1,96.3,95406.0,57029.0,9733,9431995.0,9706438,19984901,3773910,10237,3227,,51.5
1166,7,3,2,41.0,39734.0,31278.0,6225,7759632.0,9706438,19984901,3773910,3651,5621,34.7,80.7
1167,7,3,3,42.6,90313.0,74039.0,19491,8440333.0,9706438,19984901,3773910,5917,8594,50.0,45.2
1168,7,3,4,89.5,76943.0,63395.0,17726,5975486.0,9706438,19984901,3773910,7649,5825,34.2,55.0
1169,7,3,5,52.6,38731.0,22420.0,3369,7506779.0,9706438,19984901,3773910,4946,1477,68.5,68.8
1170,7,3,6,72.8,102868.0,60568.0,11703,6584023.0,9706438,19984901,3773910,12252,3738,48.3,67.7
1171,7,4,1,76.5,236952.0,118257.0,37930,32726031.0,34206045,76256370,16184097,26251,9212,20.6,71.2
1172,7,4,2,94.7,257496.0,210293.0,72494,24542154.0,34206045,76256370,16184097,34177,21967,11.7,49.4
1173,7,4,3,73.9,79687.0,34073.0,9782,28433869.0,34206045,76256370,16184097,4863,5436,25.1,58.3
1174,7,4,4,48.6,342161.0,173828.0,40285,29205512.0,34206045,76256370,16184097,36137,12343,37.8,23.9
1175,7,4,5,50.3,216531.0,134883.0,30213,24793662.0,34206045,76256370,16184097,30035,7826,63.4,67.8
1176,7,4,6,86.3,81999.0,52955.0,17891,25608360.0,34206045,76256370,16184097,10384,8624,68.5,85.2
1177,7,5,1,36.6,45262.0,38918.0,4290,5437737.0,7189013,17878610,2905652,5941,4159,59.3,46.5
1178,7,5,2,77.9,22460.0,17033.0,5582,5809205.0,7189013,17878610,2905652,920,3026,74.7,92.1
1179,7,5,3,58.6,66951.0,53090.0,17820,5904256.0,7189013,17878610,2905652,12925,4357,50.8,54.2
1180,7,5,4,78.8,28070.0,16462.0,5509,4442128.0,7189013,17878610,2905652,2194,2594,43.6,35.3
1181,7,5,5,69.3,80441.0,48980.0,5128,5088313.0,7189013,17878610,2905652,7177,7227,69.4,53.3
1182,7,5,6,70.0,15937.0,11225.0,1825,6608976.0,7189013,17878610,2905652,2004,1030,68.5,77.8
1183,7,6,1,73.8,2576.0,1876.0,447,311559.0,479876,949573,135943,338,105,42.3,58.6
1184,7,6,2,79.7,3824.0,2608.0,742,362071.0,479876,949573,135943,380,362,53.9,26.6
1185,7,6,3,71.4,4460.0,3771.0,599,299698.0,479876,949573,135943,345,415,71.3,59.9
1186,7,6,4,41.6,1835.0,1210.0,252,440812.0,479876,949573,135943,259,38,40.5,68.0
1187,7,6,5,91.0,3660.0,,510,375987.0,479876,949573,135943,323,69,20.6,55.7
1188,7,6,6,70.3,4088.0,2527.0,727,469784.0,479876,949573,135943,590,121,61.3,48.0
1189,7,7,1,61.8,71682.0,64058.0,15944,12392413.0,17653536,42778314,7830287,14284,10045,68.9,38.5
1190,7,7,2,84.8,64731.0,41627.0,4860,11421635.0,17653536,42778314,7830287,7627,4483,43.8,79.5
1191,7,7,3,62.4,74648.0,64273.0,21784,10828429.0,17653536,42778314,7830287,7662,3699,17.7,44.6
1192,7,7,4,91.4,210381.0,150686.0,44543,13067645.0,17653536,42778314,7830287,34104,16083,25.8,54.2
1193,7,7,5,64.3,154338.0,83942.0,25507,16430127.0,17653536,42778314,7830287,9795,14552,43.6,83.7
1194,7,7,6,97.7,158663.0,73001.0,17523,17008555.0,17653536,42778314,7830287,11579,8770,44.8,23.0
1195,7,8,1,96.8,76676.0,36257.0,4445,6599213.0,7740842,17326102,3905722,4157,5600,82.7,17.9
1196,7,8,2,69.5,50432.0,44747.0,9777,6359888.0,7740842,17326102,3905722,2621,6228,73.1,71.7
1197,7,8,3,98.1,60558.0,35240.0,6822,6366927.0,7740842,17326102,3905722,2224,6279,51.0,77.5
1198,7,8,4,53.4,38519.0,21737.0,7377,5604140.0,7740842,17326102,3905722,4198,2347,45.0,86.7
1199,7,8,5,39.7,54960.0,41370.0,7803,5658934.0,7740842,17326102,3905722,2622,3067,27.4,50.3
1200,7,8,6,74.9,28606.0,23840.0,3662,6083443.0,7740842,17326102,3905722,5640,3643,45.6,81.4
1201,7,9,1,78.5,16757.0,14339.0,1698,1742448.0,1787603,4569288,623673,1392,614,57.4,21.8
1202,7,9,2,46.0,12313.0,7994.0,1137,1130657.0,1787603,4569288,623673,1458,721,60.5,48.4
1203,7,9,3,80.6,7134.0,3383.0,421,1509485.0,1787603,4569288,623673,555,539,38.7,46.5
1204,7,9,4,51.1,12573.0,9421.0,2457,1501702.0,1787603,4569288,623673,1487,661,58.0,64.5
1205,7,9,5,76.0,15485.0,9832.0,2671,1381950.0,1787603,4569288,623673,2024,430,57.2,31.4
1206,7,9,6,37.5,4466.0,3351.0,431,1298334.0,1787603,4569288,623673,197,461,54.5,15.9
1207,7,10,1,56.6,104383.0,77656.0,18207,7604126.0,10504844,22681613,4772205,17606,6218,72.0,36.9
1208,7,10,2,63.0,89464.0,41873.0,14580,7982231.0,10504844,22681613,4772205,7806,5651,90.9,28.9
1209,7,10,3,50.1,55541.0,27615.0,4007,9429070.0,10504844,22681613,4772205,6106,2284,58.0,41.8
1210,7,10,4,67.3,78675.0,50703.0,9290,8562929.0,10504844,22681613,4772205,6489,7760,70.5,51.5
1211,7,10,5,86.4,24629.0,21134.0,3417,10190758.0,10504844,22681613,4772205,1297,2029,54.7,44.1
1212,7,10,6,88.8,32356.0,15647.0,1842,7124135.0,10504844,22681613,4772205,2791,981,47.1,46.4
1213,7,11,1,42.1,172280.0,104983.0,20251,14049162.0,17372545,38872139,8833838,24083,17617,51.8,86.7
1214,7,11,2,71.5,155729.0,72207.0,8606,13119748.0,17372545,38872139,8833838,8676,9516,40.3,59.0
1215,7,11,3,86.1,106230.0,71502.0,22092,16692220.0,17372545,38872139,8833838,13024,5264,64.2,68.9
1216,7,11,4,54.8,37027.0,23204.0,4432,15442678.0,17372545,38872139,8833838,3852,1224,57.4,43.9
1217,7,11,5,82.0,137167.0,82050.0,22383,16616560.0,17372545,38872139,8833838,15918,13158,34.0,28.9
1218,7,11,6,85.5,54240.0,44938.0,8899,,17372545,38872139,8833838,5111,2654,41.4,7.9
1219,7,12,1,51.8,93121.0,63947.0,10363,8330546.0,10005763,19926904,3724387,11577,7783,90.6,87.4
1220,7,12,2,44.8,45941.0,19334.0,2816,9680077.0,10005763,19926904,3724387,1122,2485,60.5,47.5
1221,7,12,3,73.5,58695.0,49134.0,11242,6576252.0,10005763,19926904,3724387,9804,8758,61.9,71.2
1222,7,12,4,52.9,21146.0,13181.0,2521,8971143.0,10005763,19926904,3724387,784,932,66.8,33.0
1223,7,12,5,60.0,54378.0,46009.0,10176,8384904.0,10005763,19926904,3724387,4267,2903,53.6,29.4
1224,7,12,6,94.0,103577.0,43151.0,6978,6053467.0,10005763,19926904,3724387,5671,6465,74.9,64.0
1225,7,13,1,59.8,66173.0,30274.0,4108,18214343.0,21180345,48015285,8127043,4829,4831,,46.9
1226,7,13,2,75.0,218578.0,137035.0,36740,20251445.0,21180345,48015285,8127043,7583,4525,32.6,43.4
1227,7,13,3,48.0,156802.0,,21142,16403573.0,21180345,48015285,8127043,15768,17937,50.1,64.1
1228,7,13,4,83.5,252047.0,144773.0,48262,20204795.0,21180345,48015285,8127043,14050,25430,45.9,45.3
1229,7,13,5,57.7,234375.0,166523.0,45234,17262697.0,21180345,48015285,8127043,41605,17143,74.0,50.9
1230,7,13,6,67.3,101696.0,47916.0,14235,20068874.0,21180345,48015285,8127043,10866,5416,60.3,50.2
1231,7,14,1,79.2,361966.0,144847.0,26601,30456612.0,33292648,68250847,12498145,35249,5233,61.0,25.1
1232,7,14,2,91.3,272725.0,219893.0,36364,31363204.0,33292648,68250847,12498145,42299,25983,36.5,52.0
1233,7,14,3,64.1,207316.0,118659.0,37582,21786593.0,33292648,68250847,12498145,6987,20745,62.0,31.6
1234,7,14,4,98.6,293969.0,247678.0,57557,22312913.0,33292648,68250847,12498145,19648,17907,54.2,43.9
1235,7,14,5,91.9,247880.0,139539.0,42566,31831283.0,33292648,68250847,12498145,17590,23660,62.9,90.9
1236,7,14,6,94.0,185241.0,154567.0,31452,26876743.0,33292648,68250847,12498145,33291,25145,53.2,81.8
1237,7,15,1,76.8,7326.0,5540.0,554,552500.0,891668,1950851,395332,511,564,58.2,70.0
1238,7,15,2,50.9,7958.0,6508.0,2148,684104.0,891668,1950851,395332,1035,1014,88.4,26.8
1239,7,15,3,97.5,8619.0,3639.0,543,607348.0,891668,1950851,395332,202,382,66.0,81.1
1240,7,15,4,53.0,6171.0,5424.0,630,725620.0,891668,1950851,395332,1277,965,52.8,57.6
1241,7,15,5,49.8,2961.0,1956.0,325,700224.0,891668,1950851,395332,149,306,,58.3
1242,7,15,6,41.5,5257.0,4358.0,512,683799.0,891668,1950851,395332,777,636,51.1,29.3
1243,7,16,1,40.9,3998.0,3006.0,816,714806.0,879999,2083451,303221,293,211,22.7,32.8
1244,7,16,2,94.9,9637.0,,1382,665835.0,879999,2083451,303221,621,442,64.6,25.1
1245,7,16,3,69.8,6285.0,5471.0,1437,582551.0,879999,2083451,303221,1312,241,76.6,85.9
1246,7,16,4,47.3,2789.0,1905.0,637,686317.0,879999,2083451,303221,351,107,34.0,58.3
1247,7,16,5,44.8,2037.0,824.0,169,653000.0,879999,2083451,303221,155,103,35.1,8.5
1248,7,16,6,48.4,8820.0,3605.0,652,576631.0,879999,2083451,303221,714,377,62.7,73.3
1249,7,17,1,91.8,,811.0,151,300965.0,318899,681686,114877,95,82,79.7,62.8
1250,7,17,2,61.0,693.0,603.0,66,250226.0,318899,681686,114877,72,24,20.9,92.6
1251,7,17,3,77.1,636.0,500.0,67,267316.0,318899,681686,114877,121,61,53.8,24.9
1252,7,17,4,69.4,1924.0,1323.0,350,,318899,681686,114877,326,182,81.9,73.6
1253,7,17,5,51.6,769.0,515.0,70,199066.0,318899,681686,114877,122,87,70.3,48.2
1254,7,17,6,58.6,1563.0,1025.0,168,229403.0,318899,681686,114877,208,156,26.4,74.0
1255,7,18,1,120.3,1248.0,755.0,200,621340.0,651163,1220769,234511,43,43,75.9,44.1
1256,7,18,2,48.4,2960.0,1956.0,343,390776.0,651163,1220769,234511,187,288,53.3,39.3
1257,7,18,3,36.9,6529.0,2936.0,322,452460.0,651163,1220769,234511,156,165,41.5,44.1
1258,7,18,4,65.3,6220.0,3206.0,770,543590.0,651163,1220769,234511,646,309,,60.6
1259,7,18,5,46.8,4949.0,4299.0,1345,617925.0,651163,1220769,234511,581,767,68.3,23.6
1260,7,18,6,86.3,3436.0,1394.0,179,,651163,1220769,234511,286,172,60.3,31.3
1261,7,19,1,48.4,122289.0,66037.0,22921,10675628.0,11328516,26887845,5588203,6495,5236,46.5,98.7
1262,7,19,2,49.6,138443.0,105198.0,16699,9739857.0,11328516,26887845,5588203,22141,12987,45.9,41.5
1263,7,19,3,40.7,72334.0,29819.0,9911,9570530.0,11328516,26887845,5588203,6244,4167,58.2,46.3
1264,7,19,4,91.9,99453.0,63152.0,19903,7048568.0,11328516,26887845,5588203,11243,7110,52.9,48.1
1265,7,19,5,67.4,127905.0,63340.0,15882,10204667.0,11328516,26887845,5588203,7127,7642,78.4,65.7
1266,7,19,6,79.6,110907.0,84472.0,15548,8714070.0,11328516,26887845,5588203,9395,4128,36.9,79.5
1267,7,20,1,89.1,83706.0,52213.0,5401,5380101.0,8275481,17897600,3950658,2932,5484,45.9,91.5
1268,7,20,2,74.1,36655.0,17210.0,2736,5156424.0,8275481,17897600,3950658,3632,1438,24.6,28.1
1269,7,20,3,89.7,81151.0,43166.0,7062,6436470.0,8275481,17897600,3950658,8970,6594,29.2,47.5
1270,7,20,4,76.2,86610.0,53671.0,17345,6107770.0,8275481,17897600,3950658,12075,5589,87.3,67.9
1271,7,20,5,73.8,24300.0,14598.0,3539,7124939.0,8275481,17897600,3950658,3539,1073,52.4,28.1
1272,7,20,6,68.2,57526.0,44577.0,12213,6436935.0,8275481,17897600,3950658,8793,7570,44.8,23.4
1273,7,21,1,92.9,160198.0,115510.0,22808,17047967.0,23497675,47407303,8116742,9556,10046,21.5,0.0
1274,7,21,2,54.8,239757.0,195030.0,42465,16001314.0,23497675,47407303,8116742,13294,31861,40.9,71.3
1275,7,21,3,75.7,63176.0,53869.0,15324,20994850.0,23497675,47407303,8116742,13208,6968,53.6,38.1
1276,7,21,4,75.5,181226.0,77971.0,20869,18511510.0,23497675,47407303,8116742,7130,12076,43.8,42.7
1277,7,21,5,69.6,212919.0,111606.0,28427,22094177.0,23497675,47407303,8116742,18144,6797,40.0,56.5
1278,7,21,6,84.5,198161.0,143800.0,27973,20746750.0,23497675,47407303,8116742,12916,6298,64.1,58.4
1279,7,22,1,85.6,1973.0,1363.0,466,122247.0,177664,394256,68504,89,151,79.9,59.0
1280,7,22,2,57.5,1177.0,507.0,158,122158.0,177664,394256,68504,65,27,69.1,65.1
1281,7,22,3,87.9,2019.0,1340.0,370,148951.0,177664,394256,68504,108,143,40.5,65.4
1282,7,22,4,80.9,1943.0,1513.0,386,161251.0,177664,394256,68504,202,236,54.9,68.4
1283,7,22,5,81.9,1956.0,1492.0,353,124558.0,177664,394256,68504,229,52,45.9,59.8
1284,7,22,6,43.6,533.0,307.0,40,170795.0,177664,394256,68504,20,10,66.2,59.2
1285,7,23,1,46.2,200846.0,82345.0,10558,13991441.0,19199342,44796203,7550405,6549,10060,44.0,30.2
1286,7,23,2,87.2,76786.0,46089.0,12811,16162568.0,19199342,44796203,7550405,10404,6478,39.9,11.8
1287,7,23,3,83.5,133137.0,114550.0,33343,15531979.0,19199342,44796203,7550405,27514,7301,48.2,43.7
1288,7,23,4,62.9,39544.0,26410.0,8744,11903485.0,19199342,44796203,7550405,3053,1402,40.7,57.5
1289,7,23,5,68.9,209339.0,110673.0,19983,12482295.0,19199342,44796203,7550405,15827,4175,60.4,47.3
1290,7,23,6,39.7,202419.0,126175.0,18970,14673347.0,19199342,44796203,7550405,15723,14995,40.4,49.9
1291,7,24,1,41.0,90684.0,57292.0,13714,8455535.0,10822946,22997536,4766886,6097,6977,28.3,40.5
1292,7,24,2,89.6,23328.0,14439.0,3664,10153553.0,10822946,22997536,4766886,2289,2038,25.6,27.9
1293,7,24,3,61.1,62698.0,29054.0,8866,10480691.0,10822946,22997536,4766886,4403,1005,69.0,39.4
1294,7,24,4,83.4,100427.0,83156.0,13826,7161311.0,10822946,22997536,4766886,18528,12407,51.7,72.2
1295,7,24,5,72.0,72142.0,30166.0,10064,9550096.0,10822946,22997536,4766886,5430,3830,35.0,38.5
1296,7,24,6,53.2,,42659.0,8887,7087323.0,10822946,22997536,4766886,2664,4146,13.0,88.3
1297,7,25,1,44.1,10295.0,5243.0,645,989962.0,1058358,2336908,337637,402,606,80.0,49.9
1298,7,25,2,95.2,9650.0,6259.0,1634,773934.0,1058358,2336908,337637,1509,226,40.5,26.2
1299,7,25,3,70.7,11471.0,10165.0,2642,902076.0,1058358,2336908,337637,821,1630,66.5,81.1
1300,7,25,4,47.2,9857.0,5147.0,1091,861329.0,1058358,2336908,337637,1073,719,35.8,54.0
1301,7,25,5,86.7,2706.0,2426.0,487,786148.0,1058358,2336908,337637,374,278,,75.0
1302,7,25,6,61.9,11803.0,10313.0,3465,970313.0,1058358,2336908,337637,603,1422,53.9,40.8
1303,7,26,1,75.2,332570.0,289170.0,33427,58730070.0,61997764,137908813,30351781,60899,13065,7.2,44.0
1304,7,26,2,37.1,142347.0,66377.0,9785,48998112.0,61997764,137908813,30351781,4967,6222,56.1,77.9
1305,7,26,3,61.4,172434.0,75541.0,18646,42219677.0,61997764,137908813,30351781,4962,12015,57.4,36.6
1306,7,26,4,70.1,676218.0,483061.0,137424,48638892.0,61997764,137908813,30351781,112512,31873,,68.9
1307,7,26,5,56.1,159758.0,108734.0,35344,50574645.0,61997764,137908813,30351781,21357,13200,14.2,36.8
1308,7,26,6,68.2,536268.0,401116.0,77523,56076922.0,61997764,137908813,30351781,83663,47815,,44.5
1309,7,27,1,81.0,14917.0,11656.0,3203,3929667.0,5638610,11643297,1707754,662,1507,62.5,78.2
1310,7,27,2,85.4,54422.0,26991.0,3372,3887188.0,5638610,11643297,1707754,6310,4548,54.0,42.5
1311,7,27,3,63.5,,6821.0,1128,4716125.0,5638610,11643297,1707754,1160,939,24.7,66.7
1312,7,27,4,68.9,51665.0,40946.0,13792,4770539.0,5638610,11643297,1707754,3585,3052,46.2,50.3
1313,7,27,5,74.0,57875.0,23949.0,3394,4231385.0,5638610,11643297,1707754,5788,1349,58.9,70.4
1314,7,27,6,79.2,19817.0,11567.0,3723,3538044.0,5638610,11643297,1707754,950,740,37.9,74.4
1315,7,28,1,96.9,60686.0,,12410,18873895.0,27317834,56168640,12340874,2762,6168,54.0,87.1
1316,7,28,2,65.1,281482.0,122897.0,21058,19209281.0,27317834,56168640,12340874,6948,8359,41.9,44.6
1317,7,28,3,69.3,285635.0,207084.0,62936,25097830.0,27317834,56168640,12340874,15511,23772,82.1,67.2
1318,7,28,4,80.1,128925.0,86435.0,21775,,27317834,56168640,12340874,20422,15017,36.4,49.3
1319,7,28,5,96.0,218078.0,149385.0,32400,16676923.0,27317834,56168640,12340874,11998,10830,,27.5
1320,7,28,6,58.1,83488.0,36539.0,5121,18798676.0,27317834,56168640,12340874,6092,1512,77.6,100.0
1321,7,29,1,98.7,43035.0,26298.0,5031,8616326.0,9004779,19214422,4444601,3263,2613,30.0,0.0
1322,7,29,2,91.7,63184.0,40015.0,13765,8300621.0,9004779,19214422,4444601,4983,3512,,37.4
1323,7,29,3,44.5,51858.0,20802.0,6922,5741119.0,9004779,19214422,4444601,3424,1562,46.9,56.4
1324,7,29,4,61.2,47361.0,23220.0,3497,5476538.0,9004779,19214422,4444601,1296,2794,58.0,63.2
1325,7,29,5,54.5,23663.0,18407.0,3529,5429931.0,9004779,19214422,4444601,4089,2008,80.5,69.7
1326,7,29,6,61.5,29627.0,14965.0,3161,8167505.0,9004779,19214422,4444601,1340,2518,0.9,33.6
1327,7,30,1,79.1,9520.0,5755.0,1301,2810277.0,3659009,8007757,1461296,847,534,80.7,78.3
1328,7,30,2,83.9,29786.0,,7925,3121302.0,3659009,8007757,1461296,5045,1462,46.7,29.0
1329,7,30,3,78.2,15619.0,9988.0,1368,3311362.0,3659009,8007757,1461296,2373,645,54.5,43.2
1330,7,30,4,37.6,36820.0,19960.0,3720,2875349.0,3659009,8007757,1461296,4753,2988,34.8,55.4
1331,7,30,5,61.4,10288.0,5885.0,604,2503575.0,3659009,8007757,1461296,1425,597,45.0,60.8
1332,7,30,6,84.0,24079.0,17025.0,2259,2945010.0,3659009,8007757,1461296,3303,2030,93.2,46.8
1333,7,31,1,78.2,186.0,96.0,30,79747.0,89458,165535,32139,5,6,66.8,61.2
1334,7,31,2,39.0,735.0,518.0,146,55803.0,89458,165535,32139,76,34,76.9,38.1
1335,7,31,3,72.1,548.0,474.0,84,74427.0,89458,165535,32139,69,63,43.9,62.1
1336,7,31,4,63.2,725.0,508.0,114,,89458,165535,32139,101,51,19.2,55.3
1337,7,31,5,58.4,261.0,148.0,20,64010.0,89458,165535,32139,32,10,39.3,31.6
1338,7,31,6,92.5,752.0,665.0,172,64629.0,89458,165535,32139,64,52,49.8,76.9
1339,7,32,1,79.4,4054.0,2936.0,436,323920.0,383603,903652,196549,464,116,30.5,65.5
1340,7,32,2,50.6,3832.0,1646.0,164,325166.0,383603,903652,196549,395,51,34.4,48.9
1341,7,32,3,98.3,2632.0,1793.0,450,244901.0,383603,903652,196549,421,228,26.5,37.0
1342,7,32,4,78.4,4171.0,2549.0,270,,383603,903652,196549,497,192,96.6,47.7
1343,7,32,5,95.4,1901.0,1430.0,450,320580.0,383603,903652,196549,346,144,58.9,48.2
1344,7,32,6,41.0,1032.0,793.0,131,334497.0,383603,903652,196549,66,104,59.8,78.3
1345,8,1,1,98.4,124319.0,100956.0,12831,12170800.0,14936999,30819130,5571193,5203,9454,73.7,24.9
1346,8,1,2,82.8,126389.0,102808.0,32746,11334935.0,14936999,30819130,5571193,25512,4478,25.2,86.8
1347,8,1,3,70.7,147221.0,129054.0,17248,9622566.0,14936999,30819130,5571193,25998,11507,17.9,51.9
1348,8,1,4,47.2,40682.0,23097.0,3206,14259279.0,14936999,30819130,5571193,4442,1243,38.6,68.4
1349,8,1,5,44.4,112947.0,49340.0,13577,12507217.0,14936999,30819130,5571193,6221,1716,17.2,51.3
1350,8,1,6,64.1,,84940.0,10634,10443766.0,14936999,30819130,5571193,17057,10970,43.5,50.4
1351,8,2,1,62.5,1912.0,1087.0,291,404844.0,440053,954212,213463,192,122,38.4,35.0
1352,8,2,2,77.8,2393.0,1946.0,616,330095.0,440053,954212,213463,314,178,60.9,33.4
1353,8,2,3,67.6,4057.0,3424.0,928,,440053,954212,213463,355,252,51.4,34.2
1354,8,2,4,92.1,3468.0,2976.0,325,426086.0,440053,954212,213463,664,218,57.4,66.1
1355,8,2,5,52.4,3452.0,1864.0,640,337542.0,440053,954212,213463,243,73,85.2,65.0
1356,8,2,6,42.0,4563.0,1852.0,446,322275.0,440053,954212,213463,338,223,39.1,54.9
1357,8,3,1,69.4,,26346.0,5754,5789502.0,9208525,20836260,4585368,5434,4483,56.2,65.8
1358,8,3,2,85.3,23273.0,12747.0,2033,6585049.0,9208525,20836260,4585368,1380,879,48.5,62.8
1359,8,3,3,64.9,72011.0,34635.0,9693,7652183.0,9208525,20836260,4585368,5332,1333,5.1,37.7
1360,8,3,4,35.3,19780.0,8999.0,3071,6238513.0,9208525,20836260,4585368,1028,1273,9.6,44.4
1361,8,3,5,36.8,73400.0,39061.0,7062,6568768.0,9208525,20836260,4585368,8222,2586,44.2,60.1
1362,8,3,6,54.3,63985.0,30239.0,4751,6351596.0,9208525,20836260,4585368,5881,2270,50.2,33.2
1363,8,4,1,41.8,93821.0,63064.0,21934,29327783.0,37298580,69089141,12774355,6753,6242,44.5,33.6
1364,8,4,2,51.4,248076.0,110941.0,19262,34484525.0,37298580,69089141,12774355,6812,14240,70.9,39.8
1365,8,4,3,84.8,282705.0,152934.0,15756,32605574.0,37298580,69089141,12774355,33853,23447,54.3,57.8
1366,8,4,4,43.8,86608.0,60448.0,7313,30547675.0,37298580,69089141,12774355,13558,3307,45.0,53.9
1367,8,4,5,39.6,129209.0,91342.0,25080,28692866.0,37298580,69089141,12774355,22251,13748,36.3,66.1
1368,8,4,6,58.4,162462.0,68674.0,15799,24875564.0,37298580,69089141,12774355,16771,9652,64.6,57.1
1369,8,5,1,89.2,21284.0,16009.0,2614,5087796.0,8194260,18015811,3938043,3219,510,86.2,57.7
1370,8,5,2,93.5,35610.0,29420.0,3005,6539587.0,8194260,18015811,3938043,3255,4160,53.3,49.0
1371,8,5,3,78.8,87365.0,41492.0,11309,5945233.0,8194260,18015811,3938043,10162,3187,82.7,89.3
1372,8,5,4,91.3,69308.0,32272.0,3522,,8194260,18015811,3938043,1842,1644,45.4,70.4
1373,8,5,5,94.1,69326.0,47936.0,9251,7606435.0,8194260,18015811,3938043,2458,4825,21.0,95.5
1374,8,5,6,89.0,68765.0,57939.0,15371,6858684.0,8194260,18015811,3938043,9567,3891,22.6,35.2
1375,8,6,1,61.0,4627.0,3486.0,376,369296.0,422167,981545,193545,251,381,44.4,52.0
1376,8,6,2,69.0,2216.0,1634.0,469,339161.0,422167,981545,193545,265,167,,55.6
1377,8,6,3,53.2,3031.0,2397.0,501,264026.0,422167,981545,193545,311,279,26.5,57.6
1378,8,6,4,96.4,2850.0,2309.0,282,281444.0,422167,981545,193545,324,161,38.7,66.2
1379,8,6,5,46.1,4377.0,2205.0,347,336972.0,422167,981545,193545,280,326,39.5,48.4
1380,8,6,6,80.2,3088.0,2005.0,536,359542.0,422167,981545,193545,226,129,13.5,54.6
1381,8,7,1,55.8,149741.0,101493.0,27073,15747186.0,18863307,41363538,9181417,13432,13493,59.0,52.6
1382,8,7,2,90.4,90549.0,72811.0,24275,15073054.0,18863307,41363538,9181417,6056,11626,60.3,65.5
1383,8,7,3,40.8,138592.0,120097.0,27086,14856497.0,18863307,41363538,9181417,11857,12444,82.8,97.9
1384,8,7,4,66.2,106781.0,79796.0,14833,13440955.0,18863307,41363538,9181417,6287,4702,56.7,46.7
1385,8,7,5,88.9,114839.0,52279.0,11340,13284358.0,18863307,41363538,9181417,2957,6825,70.2,32.0
1386,8,7,6,81.8,134568.0,103112.0,25609,16926127.0,18863307,41363538,9181417,8303,10575,35.3,43.8
1387,8,8,1,68.1,50657.0,24207.0,4474,6860978.0,7733862,17854902,3038149,2196,2411,52.3,63.9
1388,8,8,2,96.3,53790.0,42903.0,6230,5381893.0,7733862,17854902,3038149,10669,7625,61.0,81.7
1389,8,8,3,77.4,69003.0,45440.0,8418,6038044.0,7733862,17854902,3038149,10258,1772,44.5,45.9
1390,8,8,4,37.2,50730.0,26259.0,2626,6463644.0,7733862,17854902,3038149,4942,4535,32.0,68.8
1391,8,8,5,70.1,68277.0,48569.0,15214,6230949.0,7733862,17854902,3038149,2607,4867,48.0,63.9
1392,8,8,6,53.6,81195.0,69730.0,20256,7482492.0,7733862,17854902,3038149,15323,11251,60.0,89.0
1393,8,9,1,53.4,12043.0,5714.0,884,1303550.0,2131688,4590879,1004743,1309,281,63.7,62.0
1394,8,9,2,51.4,19587.0,12612.0,1586,1921704.0,2131688,4590879,1004743,3090,1620,25.7,53.6
1395,8,9,3,37.2,5754.0,2677.0,813,1547630.0,2131688,4590879,1004743,224,127,31.9,48.9
1396,8,9,4,96.8,11951.0,10051.0,3464,1762140.0,2131688,4590879,1004743,2022,1144,35.5,90.2
1397,8,9,5,60.3,17632.0,14134.0,3118,2072878.0,2131688,4590879,1004743,3054,1968,29.1,39.9
1398,8,9,6,39.1,18064.0,8478.0,1443,1469102.0,2131688,4590879,1004743,1150,1472,47.6,85.3
1399,8,10,1,79.4,51435.0,36644.0,5390,8552551.0,10065097,22663234,5124840,8837,5532,29.8,9.7
1400,8,10,2,65.8,88527.0,66019.0,21099,8651566.0,10065097,22663234,5124840,4689,8221,41.8,49.7
1401,8,10,3,59.5,106901.0,74178.0,8254,7409161.0,10065097,22663234,5124840,4157,6170,49.9,52.9
1402,8,10,4,98.3,23664.0,13015.0,3671,9195041.0,10065097,22663234,5124840,1047,2302,,41.5
1403,8,10,5,36.9,25987.0,11879.0,3861,6389147.0,10065097,22663234,5124840,1931,2112,53.1,83.8
1404,8,10,6,49.9,21969.0,19557.0,5354,8277617.0,10065097,22663234,5124840,2562,2005,66.2,62.4
1405,8,11,1,55.8,66761.0,46227.0,7664,10218555.0,16435130,39563048,6999598,3818,4488,65.0,59.9
1406,8,11,2,43.0,80478.0,50269.0,7112,14378083.0,16435130,39563048,6999598,10858,1643,35.4,67.3
1407,8,11,3,65.5,178393.0,,19447,12571823.0,16435130,39563048,6999598,16133,7700,40.1,63.9
1408,8,11,4,39.6,46117.0,29011.0,6356,13106792.0,16435130,39563048,6999598,5050,3245,74.3,41.6
1409,8,11,5,98.0,162250.0,80491.0,20146,14831683.0,16435130,39563048,6999598,8231,7450,54.3,75.3
1410,8,11,6,71.2,151454.0,102360.0,10442,13396269.0,16435130,39563048,6999598,14241,10460,39.8,55.7
1411,8,12,1,89.9,26787.0,20795.0,4845,7606363.0,8702996,20880955,2908725,4301,1719,66.9,59.8
1412,8,12,2,95.6,46422.0,40271.0,10545,5647995.0,8702996,20880955,2908725,5204,6095,58.6,71.4
1413,8,12,3,90.4,57082.0,27462.0,4117,7005178.0,8702996,20880955,2908725,2264,3210,52.8,54.9
1414,8,12,4,81.7,90636.0,79565.0,15051,5647179.0,8702996,20880955,2908725,10573,11944,66.1,49.6
1415,8,12,5,58.2,55198.0,41765.0,13245,7040180.0,8702996,20880955,2908725,6056,3079,74.3,20.3
1416,8,12,6,86.3,89638.0,51276.0,6649,8128533.0,8702996,20880955,2908725,5610,8844,38.2,52.7
1417,8,13,1,61.1,183799.0,159660.0,34773,17449496.0,21251635,50120148,9918603,14102,14568,17.5,20.3
1418,8,13,2,39.9,82687.0,69934.0,18864,16817802.0,21251635,50120148,9918603,16907,9840,48.4,50.9
1419,8,13,3,47.7,179753.0,127530.0,31197,17400011.0,21251635,50120148,9918603,8261,9323,45.1,58.1
1420,8,13,4,96.3,148783.0,84600.0,21467,16182990.0,21251635,50120148,9918603,6248,3078,46.5,78.6
1421,8,13,5,114.9,207468.0,106013.0,21678,18665713.0,21251635,50120148,9918603,24793,8123,,54.3
1422,8,13,6,90.4,235720.0,109318.0,27046,14099175.0,21251635,50120148,9918603,7687,19122,69.1,47.0
1423,8,14,1,70.3,102341.0,68384.0,11178,27014051.0,34752235,67796185,12191847,7041,10700,21.1,24.5
1424,8,14,2,98.0,311767.0,143976.0,40095,26811874.0,34752235,67796185,12191847,26711,16906,58.6,91.5
1425,8,14,3,75.1,364836.0,155935.0,53741,33861595.0,34752235,67796185,12191847,34907,8810,33.9,78.8
1426,8,14,4,78.7,301607.0,140499.0,40106,32306159.0,34752235,67796185,12191847,27470,19920,29.0,54.3
1427,8,14,5,79.9,106870.0,59748.0,18831,29592283.0,34752235,67796185,12191847,6236,2749,26.5,79.6
1428,8,14,6,41.4,140011.0,104307.0,14243,33388048.0,34752235,67796185,12191847,15619,8895,29.2,69.0
1429,8,15,1,43.4,8637.0,6378.0,713,685257.0,795231,1706313,377939,535,750,28.8,38.8
1430,8,15,2,57.6,8487.0,3904.0,693,557719.0,795231,1706313,377939,505,671,59.3,51.3
1431,8,15,3,57.7,8961.0,5551.0,1793,566422.0,795231,1706313,377939,1221,465,15.5,56.2
1432,8,15,4,59.2,7689.0,3739.0,482,713842.0,795231,1706313,377939,926,639,33.9,62.0
1433,8,15,5,82.6,6041.0,3477.0,550,591764.0,795231,1706313,377939,446,150,40.0,59.8
1434,8,15,6,69.1,6951.0,2884.0,604,503223.0,795231,1706313,377939,456,289,68.2,60.7
1435,8,16,1,92.8,3906.0,2978.0,903,843165.0,933193,2020693,363221,257,373,5.9,57.6
1436,8,16,2,37.9,8374.0,3990.0,990,818175.0,933193,2020693,363221,362,208,26.0,60.2
1437,8,16,3,92.6,2426.0,1705.0,328,571271.0,933193,2020693,363221,405,66,63.9,69.3
1438,8,16,4,53.2,6899.0,5706.0,1157,629318.0,933193,2020693,363221,692,353,21.7,36.2
1439,8,16,5,76.2,2025.0,916.0,109,705016.0,933193,2020693,363221,190,156,44.8,66.8
1440,8,16,6,40.9,6445.0,5222.0,711,633943.0,933193,2020693,363221,304,703,62.8,99.1
1441,8,17,1,76.7,2369.0,978.0,131,250192.0,296464,713743,155546,195,148,26.7,68.5
1442,8,17,2,84.7,1941.0,994.0,283,190122.0,296464,713743,155546,70,97,47.6,76.1
1443,8,17,3,54.6,2574.0,1747.0,208,214862.0,296464,713743,155546,386,272,33.7,45.8
1444,8,17,4,71.6,1974.0,1231.0,147,206215.0,296464,713743,155546,291,93,50.6,28.1
1445,8,17,5,58.7,806.0,352.0,79,228505.0,296464,713743,155546,55,36,67.9,75.1
1446,8,17,6,83.4,754.0,505.0,121,224311.0,296464,713743,155546,77,24,74.9,70.7
1447,8,18,1,84.8,4679.0,3541.0,638,516374.0,640625,1298970,199985,261,325,24.2,34.4
1448,8,18,2,83.3,4250.0,3269.0,760,,640625,1298970,199985,444,323,53.8,54.2
1449,8,18,3,48.7,3397.0,1921.0,226,597989.0,640625,1298970,199985,382,326,18.5,38.5
1450,8,18,4,82.7,3044.0,1960.0,396,396468.0,640625,1298970,199985,392,201,42.1,18.7
1451,8,18,5,79.6,3307.0,1691.0,501,,640625,1298970,199985,363,152,39.7,65.4
1452,8,18,6,80.7,5694.0,4967.0,1676,434645.0,640625,1298970,199985,1188,295,38.8,53.8
1453,8,19,1,79.6,114467.0,100044.0,20215,11486207.0,12145373,27132180,3925999,11691,15067,57.2,57.1
1454,8,19,2,89.3,26792.0,20624.0,3477,10184783.0,12145373,27132180,3925999,1962,2715,56.7,72.9
1455,8,19,3,61.8,120412.0,101727.0,27386,7758387.0,12145373,27132180,3925999,12971,16906,55.5,73.8
1456,8,19,4,49.9,123958.0,77775.0,21816,8706114.0,12145373,27132180,3925999,13482,7495,65.0,77.1
1457,8,19,5,82.4,99424.0,47867.0,10450,8050848.0,12145373,27132180,3925999,6651,8429,87.2,57.9
1458,8,19,6,39.2,136858.0,89258.0,26335,9098478.0,12145373,27132180,3925999,21758,4439,61.5,51.2
1459,8,20,1,62.1,43188.0,20758.0,4976,5928580.0,8172716,17396677,3659177,2008,2142,82.6,30.0
1460,8,20,2,77.6,82892.0,53143.0,6457,5452808.0,8172716,17396677,3659177,7606,5776,35.8,84.9
1461,8,20,3,41.4,55096.0,28583.0,7562,6015116.0,8172716,17396677,3659177,6759,1389,27.1,57.1
1462,8,20,4,59.1,44190.0,35133.0,7211,5971258.0,8172716,17396677,3659177,3533,1763,43.0,26.9
1463,8,20,5,45.4,82573.0,41443.0,12028,5881410.0,8172716,17396677,3659177,4962,5042,56.7,69.8
1464,8,20,6,50.3,17731.0,11271.0,3850,,8172716,17396677,3659177,1662,924,41.4,38.0
1465,8,21,1,81.4,146115.0,113844.0,21494,17034233.0,22576360,48901140,7054705,17293,5103,86.1,0.0
1466,8,21,2,86.9,57115.0,29369.0,7686,14219574.0,22576360,48901140,7054705,3201,2459,57.2,22.4
1467,8,21,3,92.8,182141.0,78197.0,26006,16922119.0,22576360,48901140,7054705,4035,5201,41.4,56.5
1468,8,21,4,78.6,65685.0,33883.0,8342,18506289.0,22576360,48901140,7054705,1857,1121,57.9,40.0
1469,8,21,5,52.2,204944.0,111783.0,34407,13609655.0,22576360,48901140,7054705,21657,6974,37.7,50.9
1470,8,21,6,76.2,80625.0,45649.0,6140,14717158.0,22576360,48901140,7054705,5795,3158,58.0,70.9
1471,8,22,1,56.4,2044.0,1610.0,239,147662.0,171376,389966,64423,97,103,57.0,61.8
1472,8,22,2,98.4,1292.0,892.0,193,141194.0,171376,389966,64423,118,32,60.7,69.7
1473,8,22,3,41.5,1307.0,840.0,143,164741.0,171376,389966,64423,79,26,58.5,47.8
1474,8,22,4,82.3,1164.0,870.0,105,154926.0,171376,389966,64423,195,103,52.5,75.7
1475,8,22,5,71.2,1540.0,753.0,181,134930.0,171376,389966,64423,157,104,60.0,73.9
1476,8,22,6,79.3,974.0,427.0,59,122970.0,171376,389966,64423,67,57,79.7,33.9
1477,8,23,1,88.1,103265.0,45286.0,8668,15945549.0,20620687,44389024,10842430,5596,3253,46.1,53.2
1478,8,23,2,47.8,200495.0,139642.0,18512,16920868.0,20620687,44389024,10842430,29261,19495,24.6,76.0
1479,8,23,3,37.2,201281.0,172072.0,45634,19946938.0,20620687,44389024,10842430,37252,20257,69.0,61.8
1480,8,23,4,73.2,39441.0,23647.0,6108,16893267.0,20620687,44389024,10842430,3812,1021,33.8,59.8
1481,8,23,5,50.2,208337.0,98564.0,11464,17303168.0,20620687,44389024,10842430,20604,8741,66.6,58.0
1482,8,23,6,53.0,118568.0,58934.0,9515,18621199.0,20620687,44389024,10842430,8130,1823,63.2,48.9
1483,8,24,1,63.8,94123.0,64932.0,19682,10757918.0,11308554,24253683,4327516,13210,9838,17.0,48.1
1484,8,24,2,54.3,98862.0,73133.0,23902,8597499.0,11308554,24253683,4327516,16510,6469,64.9,49.9
1485,8,24,3,94.7,70536.0,40517.0,11943,7206537.0,11308554,24253683,4327516,8814,5647,58.0,38.9
1486,8,24,4,64.9,81138.0,47457.0,9339,9420275.0,11308554,24253683,4327516,11352,2495,52.2,45.9
1487,8,24,5,82.1,92039.0,80801.0,23805,9727514.0,11308554,24253683,4327516,-17352,13179,27.4,71.0
1488,8,24,6,77.9,74445.0,36347.0,6344,7655918.0,11308554,24253683,4327516,6269,5687,53.7,39.0
1489,8,25,1,48.5,6334.0,3706.0,1273,882078.0,1007677,2557412,350249,342,134,29.3,77.8
1490,8,25,2,73.8,11106.0,9742.0,2099,609893.0,1007677,2557412,350249,1560,1461,60.7,93.3
1491,8,25,3,61.5,4403.0,2306.0,307,655800.0,1007677,2557412,350249,202,141,19.3,62.8
1492,8,25,4,80.7,5357.0,3936.0,757,743606.0,1007677,2557412,350249,649,497,67.8,52.9
1493,8,25,5,40.6,2217.0,1020.0,190,745008.0,1007677,2557412,350249,79,52,69.1,22.7
1494,8,25,6,49.1,2328.0,1269.0,339,973330.0,1007677,2557412,350249,304,113,43.8,39.1
1495,8,26,1,61.9,548134.0,240406.0,74996,39975125.0,57918473,130967682,25602353,44413,29571,57.2,50.3
1496,8,26,2,73.0,583948.0,260621.0,51243,39897642.0,57918473,130967682,25602353,17741,28287,7.3,67.0
1497,8,26,3,82.6,458925.0,265743.0,71741,48470688.0,57918473,130967682,25602353,46842,44893,13.4,65.2
1498,8,26,4,76.0,281636.0,198359.0,61264,39148039.0,57918473,130967682,25602353,40579,25964,32.3,44.3
1499,8,26,5,82.7,614012.0,266017.0,70281,,57918473,130967682,25602353,15924,10042,59.8,48.5
1500,8,26,6,43.1,513126.0,266085.0,57294,44613794.0,57918473,130967682,25602353,38468,17633,58.2,44.9
1501,8,27,1,97.6,39476.0,,5956,3956579.0,4947953,12104708,2066005,5434,2639,51.5,49.1
1502,8,27,2,71.3,23638.0,16466.0,3848,4041825.0,4947953,12104708,2066005,1736,2278,47.1,50.4
1503,8,27,3,76.3,54379.0,22016.0,3164,,4947953,12104708,2066005,3170,2874,42.1,42.3
1504,8,27,4,44.2,15089.0,8118.0,2834,3140385.0,4947953,12104708,2066005,848,633,69.7,50.1
1505,8,27,5,48.8,44726.0,20019.0,5270,4644632.0,4947953,12104708,2066005,2107,2659,79.6,15.3
1506,8,27,6,57.1,56140.0,46708.0,5507,3058744.0,4947953,12104708,2066005,4237,2050,54.5,19.0
1507,8,28,1,61.6,50016.0,38216.0,5289,25498176.0,27884398,54854043,9028231,5687,1322,63.4,44.1
1508,8,28,2,51.3,78551.0,61436.0,12830,24875473.0,27884398,54854043,9028231,9092,9038,30.5,25.9
1509,8,28,3,51.6,131295.0,86946.0,9185,23048405.0,27884398,54854043,9028231,9089,12912,44.8,41.0
1510,8,28,4,67.8,258833.0,196413.0,26408,17021755.0,27884398,54854043,9028231,28739,31217,40.5,3.5
1511,8,28,5,84.6,296273.0,192477.0,21808,26758438.0,27884398,54854043,9028231,39491,30370,51.9,57.8
1512,8,28,6,55.1,117842.0,86147.0,26722,20082105.0,27884398,54854043,9028231,17121,6745,39.8,67.5
1513,8,29,1,78.1,51067.0,32662.0,6606,7411833.0,8640020,18641280,4078366,3515,1821,,42.2
1514,8,29,2,54.0,35828.0,22290.0,4694,7825514.0,8640020,18641280,4078366,3565,1303,82.5,50.9
1515,8,29,3,92.8,42372.0,,3536,7861712.0,8640020,18641280,4078366,5864,2397,15.5,56.0
1516,8,29,4,48.4,76426.0,68462.0,16626,5818490.0,8640020,18641280,4078366,7794,4170,69.0,53.4
1517,8,29,5,92.0,,39613.0,6881,5737340.0,8640020,18641280,4078366,6800,1671,,56.0
1518,8,29,6,82.7,29592.0,21125.0,2508,6303967.0,8640020,18641280,4078366,2268,3098,73.6,42.0
1519,8,30,1,49.8,36437.0,29026.0,8503,3393160.0,3643306,7566709,1630692,3949,5010,37.6,36.0
1520,8,30,2,96.6,15323.0,6690.0,2125,2420388.0,3643306,7566709,1630692,1493,633,68.8,44.5
1521,8,30,3,81.5,25313.0,10830.0,3536,2995464.0,3643306,7566709,1630692,1807,386,6.8,41.3
1522,8,30,4,40.4,32908.0,18393.0,2862,3530597.0,3643306,7566709,1630692,3807,2379,38.8,65.0
1523,8,30,5,96.4,33532.0,16484.0,3110,2483987.0,3643306,7566709,1630692,3150,2101,67.0,63.6
1524,8,30,6,92.9,36086.0,14787.0,1853,2488027.0,3643306,7566709,1630692,1278,1417,86.1,62.6
1525,8,31,1,79.0,680.0,564.0,97,48390.0,76347,176874,36726,108,39,34.7,99.7
1526,8,31,2,96.0,628.0,432.0,127,51088.0,76347,176874,36726,64,69,75.0,41.9
1527,8,31,3,54.2,707.0,331.0,58,,76347,176874,36726,52,21,54.4,52.5
1528,8,31,4,84.8,490.0,255.0,86,59004.0,76347,176874,36726,62,11,56.6,76.4
1529,8,31,5,83.0,349.0,223.0,68,48177.0,76347,176874,36726,37,38,54.3,32.0
1530,8,31,6,72.2,268.0,216.0,45,58784.0,76347,176874,36726,14,19,19.8,60.4
1531,8,32,1,71.4,1083.0,662.0,132,263667.0,410792,933595,186607,85,24,17.4,53.9
1532,8,32,2,91.4,3953.0,3531.0,1129,277776.0,410792,933595,186607,776,463,68.2,64.4
1533,8,32,3,87.2,1516.0,898.0,215,269502.0,410792,933595,186607,66,104,51.4,42.7
1534,8,32,4,57.1,1462.0,842.0,114,355727.0,410792,933595,186607,205,125,83.2,54.1
1535,8,32,5,39.0,3868.0,,821,297194.0,410792,933595,186607,782,414,73.6,53.3
1536,8,32,6,83.6,2413.0,1536.0,218,299193.0,410792,933595,186607,342,178,83.5,100.0
1537,9,1,1,79.8,121755.0,66511.0,23207,12134249.0,14969502,32981323,6526545,4679,11428,53.3,88.7
1538,9,1,2,70.1,130117.0,70823.0,24703,12108332.0,14969502,32981323,6526545,6844,12449,49.2,49.3
1539,9,1,3,56.5,112639.0,80715.0,22730,9826061.0,14969502,32981323,6526545,10978,6404,21.5,25.4
1540,9,1,4,86.9,157064.0,131469.0,17843,9685787.0,14969502,32981323,6526545,31337,19824,56.0,61.2
1541,9,1,5,64.2,116500.0,87387.0,22314,10300560.0,14969502,32981323,6526545,12910,10489,45.5,53.9
1542,9,1,6,59.8,78337.0,55481.0,13600,12662739.0,14969502,32981323,6526545,6474,6560,78.2,33.4
1543,9,2,1,48.2,1390.0,1194.0,267,299532.0,394242,944019,152902,73,70,66.9,34.6
1544,9,2,2,45.1,3313.0,1874.0,564,330244.0,394242,944019,152902,256,137,48.7,37.4
1545,9,2,3,68.3,1242.0,625.0,193,340967.0,394242,944019,152902,109,66,41.8,68.3
1546,9,2,4,43.7,3075.0,2033.0,391,,394242,944019,152902,234,352,51.2,14.5
1547,9,2,5,63.5,981.0,677.0,107,301938.0,394242,944019,152902,68,58,75.6,35.2
1548,9,2,6,83.9,3645.0,1943.0,281,295921.0,394242,944019,152902,349,113,42.5,47.3
1549,9,3,1,55.9,60835.0,44289.0,8037,9981782.0,10464143,20543118,3169727,4324,1712,94.0,53.9
1550,9,3,2,47.6,29796.0,18907.0,5367,7219500.0,10464143,20543118,3169727,3789,3372,57.3,35.0
1551,9,3,3,71.7,37128.0,33033.0,8043,7568865.0,10464143,20543118,3169727,2899,4179,48.5,72.5
1552,9,3,4,38.4,63444.0,46047.0,13733,6558111.0,10464143,20543118,3169727,7766,7706,44.1,47.0
1553,9,3,5,96.3,37987.0,15335.0,2448,9821229.0,10464143,20543118,3169727,3622,872,15.8,51.5
1554,9,3,6,54.2,79950.0,53605.0,13001,6753055.0,10464143,20543118,3169727,12364,6401,39.0,17.7
1555,9,4,1,79.1,293747.0,260191.0,37291,,34388123,75259283,14846975,32754,41411,39.0,57.6
1556,9,4,2,96.9,221582.0,102779.0,34443,30239577.0,34388123,75259283,14846975,20169,3918,51.6,45.2
1557,9,4,3,69.2,134638.0,88326.0,9447,30160276.0,34388123,75259283,14846975,18983,4149,50.1,54.8
1558,9,4,4,47.0,349987.0,147028.0,32485,33461403.0,34388123,75259283,14846975,22670,9017,38.1,71.9
1559,9,4,5,55.0,267688.0,139369.0,26235,30322785.0,34388123,75259283,14846975,21528,11134,39.5,46.1
1560,9,4,6,85.1,331648.0,158615.0,22178,26394689.0,34388123,75259283,14846975,30350,6081,48.3,50.1
1561,9,5,1,35.3,,62292.0,12288,7175464.0,8317011,16206944,2695710,7227,8996,19.9,75.1
1562,9,5,2,106.3,61588.0,38803.0,4138,5310959.0,8317011,16206944,2695710,6766,5819,12.1,55.8
1563,9,5,3,56.6,43786.0,26912.0,5473,6919690.0,8317011,16206944,2695710,3973,2048,48.1,61.2
1564,9,5,4,84.1,18317.0,14717.0,4442,5027599.0,8317011,16206944,2695710,2454,2133,25.9,100.0
1565,9,5,5,43.7,38513.0,18496.0,5423,5930897.0,8317011,16206944,2695710,2181,2781,27.4,53.6
1566,9,5,6,56.5,32795.0,13569.0,2499,6328480.0,8317011,16206944,2695710,2117,453,20.8,52.0
1567,9,6,1,47.2,1951.0,1537.0,441,412415.0,466569,990732,134757,77,113,32.8,69.4
1568,9,6,2,40.2,2273.0,1994.0,601,349360.0,466569,990732,134757,424,166,55.5,36.5
1569,9,6,3,54.2,,834.0,271,430017.0,466569,990732,134757,142,44,24.0,68.9
1570,9,6,4,77.9,4077.0,,494,400243.0,466569,990732,134757,646,421,73.9,41.3
1571,9,6,5,51.6,1850.0,1150.0,172,282047.0,466569,990732,134757,146,177,24.6,66.0
1572,9,6,6,41.7,1415.0,1055.0,270,333024.0,466569,990732,134757,254,57,56.7,22.9
1573,9,7,1,96.4,35790.0,14574.0,4492,15234543.0,19168036,40380539,8396687,1301,2243,68.1,60.1
1574,9,7,2,89.6,52988.0,45387.0,7752,17433220.0,19168036,40380539,8396687,4528,6096,53.7,40.5
1575,9,7,3,54.6,57526.0,40486.0,9998,13605824.0,19168036,40380539,8396687,8611,2810,44.4,86.8
1576,9,7,4,59.1,88323.0,48659.0,15954,17575680.0,19168036,40380539,8396687,3159,2356,46.2,61.6
1577,9,7,5,81.0,128094.0,110453.0,24329,16166849.0,19168036,40380539,8396687,14418,16933,13.0,53.9
1578,9,7,6,62.0,37164.0,33412.0,10935,18728692.0,19168036,40380539,8396687,5482,4005,58.7,47.1
1579,9,8,1,41.6,42414.0,35089.0,7202,5852069.0,7733716,17051267,3342205,5685,2760,75.7,86.2
1580,9,8,2,39.2,46530.0,36535.0,10329,4760245.0,7733716,17051267,3342205,4640,5568,0.0,42.0
1581,9,8,3,74.4,76414.0,,9798,6687361.0,7733716,17051267,3342205,5764,3712,96.8,29.3
1582,9,8,4,58.4,86192.0,48720.0,13562,6982081.0,7733716,17051267,3342205,5763,1730,71.6,41.2
1583,9,8,5,47.1,16343.0,6684.0,1178,5563182.0,7733716,17051267,3342205,1355,756,28.7,68.7
1584,9,8,6,94.2,73105.0,41211.0,12505,5394094.0,7733716,17051267,3342205,4948,6110,62.5,100.0
1585,9,9,1,58.1,8217.0,6597.0,1700,1629554.0,1987225,4564569,767958,653,919,19.3,35.9
1586,9,9,2,82.0,19781.0,15135.0,4484,1520372.0,1987225,4564569,767958,1769,1802,,86.5
1587,9,9,3,61.8,5125.0,2501.0,579,1242801.0,1987225,4564569,767958,583,153,71.5,60.5
1588,9,9,4,45.6,19505.0,10827.0,3162,1286528.0,1987225,4564569,767958,2299,614,37.2,37.2
1589,9,9,5,59.5,20015.0,8789.0,2294,1812270.0,1987225,4564569,767958,1998,1398,38.1,50.6
1590,9,9,6,66.3,15166.0,9316.0,2193,1336924.0,1987225,4564569,767958,914,819,65.1,25.7
1591,9,10,1,96.2,111853.0,47991.0,10221,7430873.0,11155859,22519610,4790266,7457,8622,72.4,36.6
1592,9,10,2,63.4,83114.0,52417.0,5592,8245881.0,11155859,22519610,4790266,-10924,2059,72.7,61.4
1593,9,10,3,46.3,106747.0,50567.0,11724,,11155859,22519610,4790266,12023,7580,29.1,41.8
1594,9,10,4,66.2,65069.0,47479.0,9957,7618541.0,11155859,22519610,4790266,11244,2364,61.4,86.9
1595,9,10,5,82.8,113144.0,76253.0,10847,8740406.0,11155859,22519610,4790266,4544,4067,26.8,26.0
1596,9,10,6,75.4,72017.0,64156.0,12924,9826800.0,11155859,22519610,4790266,8605,6397,47.4,26.3
1597,9,11,1,76.4,61493.0,49414.0,14970,11468408.0,18840281,41004456,7797906,3105,3475,56.0,58.8
1598,9,11,2,56.2,174763.0,133734.0,37095,17909441.0,18840281,41004456,7797906,31977,12722,28.4,63.3
1599,9,11,3,61.1,176745.0,91440.0,29542,13290210.0,18840281,41004456,7797906,15109,12958,58.2,86.6
1600,9,11,4,41.0,184294.0,106275.0,21765,17753204.0,18840281,41004456,7797906,23273,18387,57.7,52.3
1601,9,11,5,44.0,89627.0,46641.0,7945,13245477.0,18840281,41004456,7797906,6311,4180,62.8,39.9
1602,9,11,6,62.2,147909.0,99896.0,34606,14427026.0,18840281,41004456,7797906,6660,17423,63.3,78.5
1603,9,12,1,68.2,74919.0,33041.0,10708,7466464.0,9443403,22295466,4509013,4058,2872,68.3,74.5
1604,9,12,2,49.9,39634.0,20256.0,5740,6793685.0,9443403,22295466,4509013,1317,2128,18.0,87.1
1605,9,12,3,66.4,57431.0,44646.0,14212,8434958.0,9443403,22295466,4509013,4678,6728,65.7,36.6
1606,9,12,4,87.6,70607.0,60069.0,11213,7957160.0,9443403,22295466,4509013,6747,3924,48.3,63.8
1607,9,12,5,77.0,40038.0,30395.0,8681,6711731.0,9443403,22295466,4509013,5327,2384,57.5,71.0
1608,9,12,6,73.8,42835.0,36845.0,6036,,9443403,22295466,4509013,7273,6336,42.9,29.9
1609,9,13,1,91.2,156801.0,77664.0,26956,15390325.0,23557129,49383639,11005424,14828,3427,65.8,85.5
1610,9,13,2,49.4,96022.0,41531.0,12993,15614970.0,23557129,49383639,11005424,5507,5794,55.1,96.6
1611,9,13,3,70.7,85311.0,42832.0,13118,22765238.0,23557129,49383639,11005424,3665,2325,58.5,20.2
1612,9,13,4,44.5,46980.0,39792.0,11788,17145107.0,23557129,49383639,11005424,2139,3129,17.1,92.3
1613,9,13,5,65.3,158538.0,68404.0,16000,16489513.0,23557129,49383639,11005424,7762,11968,72.5,26.6
1614,9,13,6,72.3,172207.0,115963.0,15601,21772429.0,23557129,49383639,11005424,24021,19140,73.1,20.0
1615,9,14,1,135.1,347246.0,229871.0,44190,31195202.0,32098311,71302143,16623073,56412,20402,43.7,50.2
1616,9,14,2,53.7,271500.0,145251.0,19248,23944154.0,32098311,71302143,16623073,15083,7074,52.9,73.4
1617,9,14,3,92.3,194632.0,80168.0,9049,28017608.0,32098311,71302143,16623073,7827,13428,45.1,38.1
1618,9,14,4,92.3,234628.0,111505.0,36259,22307472.0,32098311,71302143,16623073,8902,7426,59.2,37.3
1619,9,14,5,46.4,337372.0,204064.0,51317,23463641.0,32098311,71302143,16623073,43507,31710,41.0,76.6
1620,9,14,6,46.6,292559.0,156356.0,21374,27359846.0,32098311,71302143,16623073,27598,8337,75.5,89.5
1621,9,15,1,61.5,6879.0,3428.0,968,564341.0,854460,1828038,293304,813,278,52.8,56.0
1622,9,15,2,83.7,5155.0,3351.0,772,724365.0,854460,1828038,293304,223,577,70.9,94.2
1623,9,15,3,86.6,2299.0,1111.0,127,727804.0,854460,1828038,293304,223,83,73.6,36.6
1624,9,15,4,60.4,7095.0,3581.0,539,604493.0,854460,1828038,293304,841,185,15.6,52.9
1625,9,15,5,35.4,1559.0,885.0,229,533811.0,854460,1828038,293304,220,128,51.8,23.0
1626,9,15,6,36.8,5451.0,4733.0,1039,786764.0,854460,1828038,293304,907,639,53.8,57.2
1627,9,16,1,83.0,6892.0,3423.0,1059,642150.0,860112,1906251,468407,774,299,,81.1
1628,9,16,2,52.4,4738.0,1975.0,554,730859.0,860112,1906251,468407,273,215,73.9,61.0
1629,9,16,3,62.2,8749.0,7211.0,2240,789662.0,860112,1906251,468407,1175,244,55.4,72.2
1630,9,16,4,65.6,6157.0,2725.0,653,564588.0,860112,1906251,468407,290,100,50.7,49.4
1631,9,16,5,91.0,9268.0,6568.0,689,765533.0,860112,1906251,468407,1514,307,82.9,63.1
1632,9,16,6,77.2,8252.0,5905.0,1484,782356.0,860112,1906251,468407,1279,503,64.2,51.0
1633,9,17,1,76.3,2072.0,842.0,138,262089.0,300036,755851,165875,166,119,75.6,49.7
1634,9,17,2,61.8,1375.0,929.0,323,236900.0,300036,755851,165875,228,54,54.9,41.1
1635,9,17,3,89.7,2273.0,1136.0,205,237378.0,300036,755851,165875,186,81,60.9,45.4
1636,9,17,4,79.5,3269.0,1382.0,439,286475.0,300036,755851,165875,90,79,85.4,50.8
1637,9,17,5,120.4,3530.0,2070.0,520,290222.0,300036,755851,165875,488,218,49.8,47.9
1638,9,17,6,51.0,2036.0,885.0,115,188342.0,300036,755851,165875,194,68,39.5,58.2
1639,9,18,1,94.8,2745.0,2269.0,544,531966.0,651177,1241661,253846,357,301,,64.4
1640,9,18,2,75.8,6577.0,3542.0,519,533338.0,651177,1241661,253846,532,516,46.9,69.8
1641,9,18,3,58.8,1950.0,916.0,194,414299.0,651177,1241661,253846,90,66,37.1,36.0
1642,9,18,4,39.9,1723.0,876.0,136,592930.0,651177,1241661,253846,127,129,30.0,33.9
1643,9,18,5,83.3,1274.0,931.0,263,428959.0,651177,1241661,253846,65,156,64.7,0.0
1644,9,18,6,41.0,3011.0,2048.0,412,413872.0,651177,1241661,253846,333,115,64.0,35.6
1645,9,19,1,65.6,76350.0,42757.0,13689,9211462.0,13855973,27261781,6488886,8749,2369,41.0,83.0
1646,9,19,2,59.2,124303.0,65280.0,6887,12362437.0,13855973,27261781,6488886,7722,6954,50.3,40.5
1647,9,19,3,41.5,133292.0,115341.0,25525,8655736.0,13855973,27261781,6488886,13246,18252,31.3,25.3
1648,9,19,4,77.0,115218.0,56935.0,16756,10892195.0,13855973,27261781,6488886,4017,3779,31.7,55.9
1649,9,19,5,40.7,25373.0,11012.0,2944,13514796.0,13855973,27261781,6488886,2577,1141,29.6,31.0
1650,9,19,6,98.9,127547.0,102833.0,32219,10410305.0,13855973,27261781,6488886,14768,16884,67.3,88.3
1651,9,20,1,92.2,25628.0,10537.0,2410,8217935.0,8439414,18273013,3279911,1520,1306,40.5,53.1
1652,9,20,2,71.2,45832.0,40084.0,12056,5118789.0,8439414,18273013,3279911,9290,6940,60.5,54.0
1653,9,20,3,61.4,42417.0,25295.0,6484,5412809.0,8439414,18273013,3279911,4125,2393,30.7,73.3
1654,9,20,4,98.5,32630.0,26076.0,5674,5733424.0,8439414,18273013,3279911,1879,1162,70.3,34.9
1655,9,20,5,89.1,20647.0,16786.0,5546,8009275.0,8439414,18273013,3279911,3045,867,13.0,90.8
1656,9,20,6,80.6,26250.0,18679.0,2812,5872502.0,8439414,18273013,3279911,3550,1109,29.8,58.4
1657,9,21,1,58.5,215496.0,112980.0,25748,19721868.0,23557620,49779012,11276458,16707,14590,53.9,72.2
1658,9,21,2,55.8,50117.0,31685.0,7700,14524280.0,23557620,49779012,11276458,7698,3921,72.8,57.3
1659,9,21,3,85.2,122669.0,65713.0,7495,14609571.0,23557620,49779012,11276458,7562,6382,,53.8
1660,9,21,4,36.4,143016.0,91522.0,25973,,23557620,49779012,11276458,8553,8003,48.9,66.2
1661,9,21,5,53.5,124098.0,94501.0,13064,18075191.0,23557620,49779012,11276458,18604,6792,33.2,47.4
1662,9,21,6,79.6,134861.0,100229.0,24975,21582327.0,23557620,49779012,11276458,9459,8746,25.3,68.8
1663,9,22,1,44.9,1356.0,971.0,232,149863.0,184890,394284,60015,228,49,65.3,46.6
1664,9,22,2,73.0,474.0,408.0,53,131131.0,184890,394284,60015,82,30,37.1,100.0
1665,9,22,3,70.3,2054.0,1586.0,526,163965.0,184890,394284,60015,134,141,60.0,54.2
1666,9,22,4,39.6,1739.0,1466.0,506,163532.0,184890,394284,60015,158,163,19.9,62.2
1667,9,22,5,86.5,761.0,529.0,173,,184890,394284,60015,70,18,45.7,88.0
1668,9,22,6,35.2,1800.0,1213.0,347,145773.0,184890,394284,60015,82,133,77.4,66.5
1669,9,23,1,98.2,110975.0,89062.0,21702,14013479.0,21413061,43135484,8645320,12739,14521,17.5,66.9
1670,9,23,2,48.0,144692.0,99088.0,18108,17598232.0,21413061,43135484,8645320,18536,16054,36.5,17.8
1671,9,23,3,75.3,59631.0,50444.0,14164,18728017.0,21413061,43135484,8645320,7825,5161,65.7,22.8
1672,9,23,4,58.9,192331.0,85004.0,21147,14811534.0,21413061,43135484,8645320,4666,9099,50.1,91.8
1673,9,23,5,68.6,171957.0,69322.0,20819,,21413061,43135484,8645320,9344,10421,54.6,67.5
1674,9,23,6,58.5,225849.0,122620.0,30529,18466478.0,21413061,43135484,8645320,23083,5905,67.6,51.8
1675,9,24,1,49.3,118464.0,87214.0,20384,9128726.0,10776874,22840468,3510188,4608,12115,86.3,63.5
1676,9,24,2,79.3,66780.0,41437.0,11650,7183391.0,10776874,22840468,3510188,7816,6569,10.7,57.6
1677,9,24,3,45.1,64342.0,47781.0,9041,9385212.0,10776874,22840468,3510188,3679,2869,74.1,67.7
1678,9,24,4,61.3,91358.0,48007.0,11363,8838856.0,10776874,22840468,3510188,5899,6615,38.8,79.4
1679,9,24,5,80.8,,28876.0,7180,8570479.0,10776874,22840468,3510188,2768,1335,46.0,67.2
1680,9,24,6,97.6,54158.0,36578.0,11281,8653196.0,10776874,22840468,3510188,2276,5469,20.9,78.7
1681,9,25,1,60.3,4966.0,3693.0,575,906511.0,1176714,2580186,505750,900,322,48.6,51.0
1682,9,25,2,55.5,8885.0,4430.0,1053,1098241.0,1176714,2580186,505750,512,287,47.4,69.5
1683,9,25,3,60.3,2789.0,1534.0,289,923199.0,1176714,2580186,505750,130,223,40.9,80.8
1684,9,25,4,62.5,10733.0,9601.0,2668,1101545.0,1176714,2580186,505750,1533,305,54.5,62.7
1685,9,25,5,83.1,4967.0,3135.0,915,912388.0,1176714,2580186,505750,506,153,56.1,28.7
1686,9,25,6,71.9,6874.0,4840.0,1039,1146860.0,1176714,2580186,505750,688,620,91.4,45.3
1687,9,26,1,74.2,609713.0,426766.0,121017,51467847.0,64318525,142152703,24169265,31998,28614,40.6,48.0
1688,9,26,2,73.1,223175.0,101092.0,34380,62185548.0,64318525,142152703,24169265,7499,10820,49.2,55.9
1689,9,26,3,41.9,436745.0,230189.0,24320,42548654.0,64318525,142152703,24169265,31317,14611,26.2,32.2
1690,9,26,4,94.4,505562.0,419517.0,51161,60927305.0,64318525,142152703,24169265,37971,32819,31.5,81.8
1691,9,26,5,38.7,198634.0,104043.0,34234,44317733.0,64318525,142152703,24169265,20019,14856,34.2,65.8
1692,9,26,6,36.4,646511.0,513737.0,150086,39640634.0,64318525,142152703,24169265,110603,64968,23.3,43.6
1693,9,27,1,53.4,33952.0,27531.0,7736,5601746.0,5896538,11421491,1861411,1977,2439,34.7,40.2
1694,9,27,2,48.7,22687.0,13553.0,2554,4293651.0,5896538,11421491,1861411,1298,2174,17.8,46.8
1695,9,27,3,64.1,11426.0,9142.0,974,4953415.0,5896538,11421491,1861411,952,746,99.6,73.2
1696,9,27,4,45.7,,23221.0,3413,5618111.0,5896538,11421491,1861411,5245,4027,61.3,70.8
1697,9,27,5,65.8,37432.0,32176.0,8207,5528069.0,5896538,11421491,1861411,5983,3294,61.9,60.0
1698,9,27,6,98.9,21257.0,9959.0,1467,4341476.0,5896538,11421491,1861411,1617,1758,48.6,47.2
1699,9,28,1,79.5,276117.0,203508.0,70788,21523290.0,23925408,57491118,8221919,12587,24630,,36.6
1700,9,28,2,85.8,65041.0,28998.0,5203,17243463.0,23925408,57491118,8221919,6408,2566,49.4,10.3
1701,9,28,3,48.6,59628.0,47749.0,12131,16817061.0,23925408,57491118,8221919,11873,7986,35.6,51.9
1702,9,28,4,53.8,138501.0,84749.0,10639,18699024.0,23925408,57491118,8221919,7785,6446,62.8,50.9
1703,9,28,5,61.1,285414.0,164684.0,54723,23424151.0,23925408,57491118,8221919,40555,8386,41.2,31.6
1704,9,28,6,63.6,273200.0,173685.0,45245,14619108.0,23925408,57491118,8221919,15467,29953,57.0,29.6
1705,9,29,1,45.2,98348.0,52435.0,16472,5617767.0,7942771,18363933,4063645,8221,7316,36.8,36.4
1706,9,29,2,85.6,75268.0,59326.0,6757,6780520.0,7942771,18363933,4063645,4493,1916,69.5,22.8
1707,9,29,3,46.7,62273.0,43891.0,11654,5689969.0,7942771,18363933,4063645,7441,6425,63.9,55.2
1708,9,29,4,77.3,53090.0,43807.0,12073,5181164.0,7942771,18363933,4063645,3228,4847,54.8,27.0
1709,9,29,5,63.9,56456.0,28615.0,3271,6330048.0,7942771,18363933,4063645,3620,3238,44.6,55.9
1710,9,29,6,85.0,36545.0,29904.0,8519,5341306.0,7942771,18363933,4063645,5574,1103,77.3,43.9
1711,9,30,1,53.6,39591.0,,7301,2863921.0,3357549,8211257,1617278,1481,3544,81.3,74.1
1712,9,30,2,79.7,14232.0,10317.0,2637,2914757.0,3357549,8211257,1617278,1079,1531,21.7,37.9
1713,9,30,3,48.5,35126.0,23438.0,7267,2771437.0,3357549,8211257,1617278,3199,2613,,70.5
1714,9,30,4,61.0,32267.0,26671.0,4290,2984539.0,3357549,8211257,1617278,3556,3747,27.3,33.5
1715,9,30,5,94.0,12719.0,10478.0,2145,2483930.0,3357549,8211257,1617278,1357,853,53.1,49.5
1716,9,30,6,83.3,39456.0,16181.0,5233,2147051.0,3357549,8211257,1617278,3988,2818,67.8,54.2
1717,9,31,1,63.9,345.0,215.0,49,82808.0,85092,176065,30193,34,11,65.8,61.2
1718,9,31,2,40.3,664.0,281.0,90,72413.0,85092,176065,30193,46,48,64.7,60.8
1719,9,31,3,52.5,813.0,405.0,89,76025.0,85092,176065,30193,65,53,40.4,29.2
1720,9,31,4,94.2,459.0,265.0,64,58705.0,85092,176065,30193,36,28,,53.7
1721,9,31,5,61.5,294.0,123.0,31,52087.0,85092,176065,30193,22,16,36.7,80.9
1722,9,31,6,92.5,457.0,380.0,62,78947.0,85092,176065,30193,93,29,50.7,37.8
1723,9,32,1,97.0,4215.0,3789.0,574,324775.0,445927,921742,146690,701,305,25.0,29.4
1724,9,32,2,43.5,4257.0,2674.0,270,296913.0,445927,921742,146690,506,278,53.8,37.6
1725,9,32,3,52.7,2507.0,1311.0,297,350641.0,445927,921742,146690,84,85,42.0,29.8
1726,9,32,4,51.2,888.0,606.0,134,320836.0,445927,921742,146690,66,78,51.7,57.7
1727,9,32,5,88.8,,1065.0,334,,445927,921742,146690,74,80,19.2,39.9
1728,9,32,6,67.2,1661.0,1397.0,385,341794.0,445927,921742,146690,347,249,58.7,81.9
1729,10,1,1,81.8,111068.0,44736.0,5624,11966498.0,14727394,33900630,7466098,11000,6108,76.3,66.9
1730,10,1,2,74.9,156949.0,66944.0,16137,9423762.0,14727394,33900630,7466098,6278,6155,71.6,71.6
1731,10,1,3,98.2,150820.0,94512.0,11569,9584249.0,14727394,33900630,7466098,8519,12135,52.2,52.8
1732,10,1,4,70.9,112493.0,75970.0,13332,11153784.0,14727394,33900630,7466098,8054,6216,31.7,35.5
1733,10,1,5,50.4,93835.0,55739.0,13063,13427920.0,14727394,33900630,7466098,3544,8670,56.7,100.0
1734,10,1,6,39.9,43926.0,30567.0,10427,12275089.0,14727394,33900630,7466098,4154,2236,21.6,19.0
1735,10,2,1,98.9,,1884.0,494,306378.0,416631,895631,187219,151,170,32.8,70.6
1736,10,2,2,38.9,3199.0,2397.0,701,275422.0,416631,895631,187219,327,74,62.0,61.8
1737,10,2,3,54.2,2715.0,1198.0,375,328317.0,416631,895631,187219,79,68,41.6,41.2
1738,10,2,4,89.0,1615.0,1300.0,181,316898.0,416631,895631,187219,295,77,42.7,57.0
1739,10,2,5,47.8,838.0,380.0,119,284031.0,416631,895631,187219,22,33,43.8,54.2
1740,10,2,6,84.9,4723.0,3937.0,685,395672.0,416631,895631,187219,275,219,56.3,51.8
1741,10,3,1,90.7,100520.0,60649.0,15248,6608116.0,10207372,21350569,3811603,13944,8018,50.1,78.7
1742,10,3,2,36.9,89261.0,38525.0,4085,9399598.0,10207372,21350569,3811603,6334,3380,59.6,44.2
1743,10,3,3,61.0,81157.0,45414.0,15728,7730796.0,10207372,21350569,3811603,2981,2503,58.7,43.2
1744,10,3,4,87.7,85883.0,59316.0,9351,8814586.0,10207372,21350569,3811603,10611,6118,,24.1
1745,10,3,5,43.9,76743.0,33441.0,8000,9184032.0,10207372,21350569,3811603,4148,5192,61.4,21.0
1746,10,3,6,97.5,69012.0,59267.0,11749,9269171.0,10207372,21350569,3811603,6971,10076,48.0,47.1
1747,10,4,1,57.1,99327.0,68384.0,18068,30133083.0,32815845,73968360,11050329,5525,6299,35.2,57.5
1748,10,4,2,68.1,236397.0,100070.0,20263,19992764.0,32815845,73968360,11050329,14469,14913,54.3,100.0
1749,10,4,3,38.4,360098.0,209086.0,35489,23809239.0,32815845,73968360,11050329,26926,19256,43.1,10.6
1750,10,4,4,90.9,109249.0,69973.0,23513,24207450.0,32815845,73968360,11050329,14091,5909,42.5,49.7
1751,10,4,5,69.7,351307.0,178557.0,34783,26971909.0,32815845,73968360,11050329,43653,23730,17.4,42.5
1752,10,4,6,38.6,84969.0,67140.0,12989,20041038.0,32815845,73968360,11050329,12752,4447,62.5,54.0
1753,10,5,1,61.0,47444.0,31663.0,3637,6801576.0,8151443,16336451,2783298,6618,3437,74.9,24.6
1754,10,5,2,45.9,57556.0,29437.0,9741,6766074.0,8151443,16336451,2783298,4450,4098,36.2,68.1
1755,10,5,3,72.6,50002.0,34597.0,4455,7374101.0,8151443,16336451,2783298,7683,2177,42.0,53.6
1756,10,5,4,82.1,23799.0,17083.0,5244,,8151443,16336451,2783298,2764,563,46.0,73.6
1757,10,5,5,67.7,73364.0,63687.0,8472,6349702.0,8151443,16336451,2783298,8809,4845,44.1,48.2
1758,10,5,6,90.1,32754.0,13816.0,1698,7238443.0,8151443,16336451,2783298,2907,1316,74.7,89.4
1759,10,6,1,98.9,2839.0,1784.0,555,347750.0,446818,952885,151789,233,54,34.1,92.9
1760,10,6,2,68.0,3552.0,2503.0,801,422397.0,446818,952885,151789,452,94,67.8,98.1
1761,10,6,3,64.3,1366.0,861.0,213,312713.0,446818,952885,151789,178,48,54.4,63.4
1762,10,6,4,37.4,4204.0,3021.0,530,364622.0,446818,952885,151789,586,251,58.0,53.4
1763,10,6,5,43.3,4234.0,2205.0,440,396448.0,446818,952885,151789,195,164,44.1,50.7
1764,10,6,6,62.2,4288.0,2233.0,715,398740.0,446818,952885,151789,204,344,57.4,45.7
1765,10,7,1,87.5,71487.0,42930.0,8518,17863556.0,19164729,42788408,8190379,4628,2759,33.2,60.9
1766,10,7,2,49.3,76955.0,47595.0,12312,16839345.0,19164729,42788408,8190379,11415,4362,55.3,77.8
1767,10,7,3,62.4,156769.0,69671.0,23049,16678875.0,19164729,42788408,8190379,16744,2542,20.7,92.0
1768,10,7,4,50.1,181514.0,95379.0,13541,12749697.0,19164729,42788408,8190379,18338,7207,71.7,34.8
1769,10,7,5,44.3,87902.0,77634.0,12169,12153320.0,19164729,42788408,8190379,4313,3546,68.9,72.0
1770,10,7,6,37.9,114833.0,92272.0,12355,15200611.0,19164729,42788408,8190379,22963,4483,60.1,60.8
1771,10,8,1,71.6,56494.0,40063.0,11054,6294735.0,7624105,16513573,3630635,3589,5649,70.1,51.4
1772,10,8,2,69.4,60637.0,51292.0,12486,5446218.0,7624105,16513573,3630635,7741,7154,58.2,56.3
1773,10,8,3,78.7,27104.0,22683.0,6367,5689646.0,7624105,16513573,3630635,3178,1719,,30.6
1774,10,8,4,48.6,38887.0,30919.0,9376,5411723.0,7624105,16513573,3630635,2175,5493,25.9,48.3
1775,10,8,5,65.1,61722.0,47794.0,9755,6273119.0,7624105,16513573,3630635,4606,3601,36.2,81.5
1776,10,8,6,85.9,73026.0,63735.0,19632,5912019.0,7624105,16513573,3630635,4403,10286,68.1,27.8
1777,10,9,1,59.9,5119.0,2664.0,429,1992225.0,2152024,4112888,826207,221,463,76.6,43.7
1778,10,9,2,37.8,18875.0,,2578,1460088.0,2152024,4112888,826207,591,858,33.5,40.2
1779,10,9,3,96.5,15750.0,,1272,1707207.0,2152024,4112888,826207,2379,1117,60.1,69.9
1780,10,9,4,86.2,12626.0,8611.0,1134,1519097.0,2152024,4112888,826207,1063,1508,52.3,70.9
1781,10,9,5,47.1,7814.0,,1047,1325691.0,2152024,4112888,826207,273,792,40.0,37.4
1782,10,9,6,73.9,7673.0,3712.0,473,1761478.0,2152024,4112888,826207,715,514,51.7,54.4
1783,10,10,1,66.3,112303.0,75001.0,12859,8921876.0,10565145,22621544,4781539,4920,5658,18.6,54.2
1784,10,10,2,68.4,37371.0,28068.0,9593,7458562.0,10565145,22621544,4781539,5340,3298,72.9,19.2
1785,10,10,3,80.8,97927.0,71220.0,14959,9890909.0,10565145,22621544,4781539,15021,2723,47.4,56.4
1786,10,10,4,62.6,78395.0,61840.0,19975,7614534.0,10565145,22621544,4781539,7401,1874,49.6,63.5
1787,10,10,5,79.7,25185.0,16534.0,2159,8294447.0,10565145,22621544,4781539,1999,675,75.0,36.7
1788,10,10,6,47.8,74996.0,46491.0,14295,6732876.0,10565145,22621544,4781539,3412,5338,45.5,77.5
1789,10,11,1,79.4,200938.0,169870.0,49489,12314891.0,16400342,40476246,8505353,37463,14898,53.3,48.3
1790,10,11,2,80.6,105745.0,50466.0,9589,11821030.0,16400342,40476246,8505353,8359,7198,57.5,75.6
1791,10,11,3,79.8,190751.0,135173.0,46039,11192983.0,16400342,40476246,8505353,30499,22377,28.9,100.0
1792,10,11,4,53.9,136077.0,106180.0,32118,11105012.0,16400342,40476246,8505353,25445,10340,72.8,58.1
1793,10,11,5,82.5,129349.0,71121.0,11684,9846489.0,16400342,40476246,8505353,11418,4120,65.1,51.5
1794,10,11,6,57.5,107334.0,82302.0,10576,11343274.0,16400342,40476246,8505353,17021,13373,46.6,63.4
1795,10,12,1,49.0,102221.0,91856.0,10215,8492909.0,10630519,21062823,4471733,21432,6218,56.9,62.6
1796,10,12,2,93.3,99267.0,,13428,6509672.0,10630519,21062823,4471733,10276,8627,50.1,53.9
1797,10,12,3,74.9,31225.0,17758.0,3295,7811649.0,10630519,21062823,4471733,2218,1439,64.0,84.0
1798,10,12,4,78.6,62384.0,26767.0,5637,6860972.0,10630519,21062823,4471733,6218,3292,18.9,73.9
1799,10,12,5,61.6,49177.0,35921.0,4217,9720136.0,10630519,21062823,4471733,5100,2638,53.8,40.0
1800,10,12,6,57.0,35266.0,22270.0,7274,6625210.0,10630519,21062823,4471733,4983,1568,42.8,52.1
1801,10,13,1,55.8,105489.0,51294.0,8022,18680325.0,22083231,53470105,7873947,4711,5355,23.9,66.2
1802,10,13,2,61.0,236865.0,179952.0,61275,16258783.0,22083231,53470105,7873947,26907,10938,34.8,23.2
1803,10,13,3,70.1,222200.0,139059.0,29480,17887962.0,22083231,53470105,7873947,31188,14196,33.8,93.4
1804,10,13,4,72.1,145595.0,111932.0,37718,17683904.0,22083231,53470105,7873947,9964,9259,74.5,77.6
1805,10,13,5,40.0,244976.0,171896.0,32761,16713692.0,22083231,53470105,7873947,42807,12754,79.7,42.5
1806,10,13,6,36.7,250982.0,190938.0,66655,21564047.0,22083231,53470105,7873947,29653,21980,37.4,59.5
1807,10,14,1,93.1,136544.0,100468.0,12825,34081304.0,36680551,75656936,10987455,6725,10014,,20.4
1808,10,14,2,71.7,272269.0,145900.0,33706,26981026.0,36680551,75656936,10987455,23541,17870,36.8,62.1
1809,10,14,3,50.9,139144.0,111693.0,12488,24973616.0,36680551,75656936,10987455,14658,11223,0.0,61.0
1810,10,14,4,59.0,182288.0,162693.0,23437,29688302.0,36680551,75656936,10987455,36100,24174,58.0,73.0
1811,10,14,5,59.3,247237.0,124249.0,21924,33763370.0,36680551,75656936,10987455,26880,18289,94.1,69.3
1812,10,14,6,43.1,364794.0,273975.0,89920,34667855.0,36680551,75656936,10987455,39714,48152,67.8,38.1
1813,10,15,1,56.3,3487.0,2228.0,253,714111.0,772411,1852459,334618,512,109,68.7,40.2
1814,10,15,2,91.3,2521.0,1429.0,330,481795.0,772411,1852459,334618,140,187,52.6,42.9
1815,10,15,3,97.5,2938.0,2520.0,616,727413.0,772411,1852459,334618,314,155,63.0,91.0
1816,10,15,4,41.7,7832.0,6930.0,1040,,772411,1852459,334618,543,865,52.0,76.3
1817,10,15,5,62.5,6399.0,4355.0,1468,,772411,1852459,334618,1081,241,42.1,62.3
1818,10,15,6,77.8,9286.0,5597.0,1138,635051.0,772411,1852459,334618,697,744,37.1,75.2
1819,10,16,1,93.1,7663.0,5753.0,1602,617289.0,896345,1904628,340726,548,888,62.7,38.5
1820,10,16,2,61.6,9553.0,5735.0,1194,636909.0,896345,1904628,340726,1087,660,60.0,49.1
1821,10,16,3,77.0,5688.0,4631.0,1322,723117.0,896345,1904628,340726,446,785,88.3,67.3
1822,10,16,4,71.3,5906.0,,648,790521.0,896345,1904628,340726,225,406,31.4,76.0
1823,10,16,5,42.6,3355.0,2128.0,678,829505.0,896345,1904628,340726,527,111,75.2,73.2
1824,10,16,6,71.2,,3760.0,615,849363.0,896345,1904628,340726,923,384,8.9,80.9
1825,10,17,1,85.5,2907.0,1549.0,257,242078.0,357245,723247,126370,93,273,46.0,61.6
1826,10,17,2,63.2,2449.0,993.0,288,315670.0,357245,723247,126370,137,63,100.0,90.1
1827,10,17,3,97.6,716.0,398.0,74,328609.0,357245,723247,126370,76,66,22.4,50.9
1828,10,17,4,84.4,1295.0,756.0,91,,357245,723247,126370,121,129,16.0,23.2
1829,10,17,5,71.0,1025.0,469.0,117,236670.0,357245,723247,126370,45,19,89.6,85.1
1830,10,17,6,93.8,2041.0,1012.0,123,324268.0,357245,723247,126370,162,114,37.9,60.8
1831,10,18,1,47.7,3685.0,3251.0,923,425859.0,658893,1235117,248483,216,145,50.4,56.4
1832,10,18,2,69.9,3232.0,2405.0,834,584786.0,658893,1235117,248483,422,398,67.7,62.0
1833,10,18,3,92.5,5320.0,3547.0,1105,524230.0,658893,1235117,248483,763,523,,49.7
1834,10,18,4,83.8,6556.0,4406.0,817,639168.0,658893,1235117,248483,623,656,45.4,44.2
1835,10,18,5,53.0,1317.0,781.0,155,447235.0,658893,1235117,248483,105,84,20.0,44.0
1836,10,18,6,91.9,3460.0,2195.0,713,578561.0,658893,1235117,248483,449,224,25.3,40.6
1837,10,19,1,54.3,116362.0,101495.0,23708,11351024.0,12475657,27546938,6202974,20567,7462,86.4,58.4
1838,10,19,2,87.5,43082.0,18011.0,5700,8285303.0,12475657,27546938,6202974,4060,1603,44.2,70.0
1839,10,19,3,91.2,107230.0,79118.0,16822,8669380.0,12475657,27546938,6202974,11562,5098,47.4,52.8
1840,10,19,4,85.9,36273.0,27240.0,3868,12161689.0,12475657,27546938,6202974,4236,3815,42.1,55.5
1841,10,19,5,84.0,67509.0,57341.0,10356,11369004.0,12475657,27546938,6202974,5870,4005,60.1,69.1
1842,10,19,6,49.5,125620.0,67464.0,19039,10361727.0,12475657,27546938,6202974,6617,11583,67.7,80.3
1843,10,20,1,73.3,65054.0,52518.0,5929,7710394.0,8191439,17806181,3854429,6163,5943,81.6,84.1
1844,10,20,2,92.4,83174.0,45160.0,8741,5810520.0,8191439,17806181,3854429,-10307,7921,37.7,67.8
1845,10,20,3,92.4,20133.0,8918.0,2832,5315583.0,8191439,17806181,3854429,2032,1329,41.5,33.4
1846,10,20,4,48.8,25452.0,,4728,5647345.0,8191439,17806181,3854429,1804,2375,56.4,100.0
1847,10,20,5,86.5,33827.0,17004.0,4102,5383070.0,8191439,17806181,3854429,3601,1191,57.8,43.5
1848,10,20,6,98.3,31697.0,19333.0,5575,6197609.0,8191439,17806181,3854429,2539,631,39.9,46.0
1849,10,21,1,43.2,123374.0,75307.0,19796,13167426.0,20525280,49895780,9075063,18814,11021,30.1,30.0
1850,10,21,2,68.7,159272.0,136895.0,44698,19392332.0,20525280,49895780,9075063,7701,23551,56.2,64.8
1851,10,21,3,77.8,167075.0,145088.0,37703,12618485.0,20525280,49895780,9075063,12449,21558,43.5,33.6
1852,10,21,4,88.8,202162.0,175750.0,39672,16040439.0,20525280,49895780,9075063,20052,23831,43.4,8.7
1853,10,21,5,45.6,125560.0,82913.0,13850,13142226.0,20525280,49895780,9075063,9207,6510,3.1,67.6
1854,10,21,6,71.1,207768.0,88236.0,14419,16311244.0,20525280,49895780,9075063,20912,15339,33.5,97.2
1855,10,22,1,72.0,1800.0,1537.0,189,164612.0,171162,413129,57553,326,64,24.5,49.6
1856,10,22,2,62.7,1161.0,815.0,236,132732.0,171162,413129,57553,202,129,,33.5
1857,10,22,3,38.1,893.0,412.0,53,132137.0,171162,413129,57553,38,26,42.0,72.5
1858,10,22,4,40.1,843.0,725.0,135,109610.0,171162,413129,57553,180,42,50.5,60.6
1859,10,22,5,38.7,468.0,375.0,94,140317.0,171162,413129,57553,86,51,29.3,47.9
1860,10,22,6,54.7,1183.0,951.0,121,116286.0,171162,413129,57553,86,66,47.7,36.3
1861,10,23,1,56.5,203950.0,95792.0,16817,14754563.0,22815746,46496896,8949648,10094,11288,41.1,31.6
1862,10,23,2,87.0,147858.0,117742.0,13619,20416708.0,22815746,46496896,8949648,10913,5179,58.9,51.4
1863,10,23,3,67.9,118308.0,73598.0,17291,,22815746,46496896,8949648,11868,5836,48.9,66.3
1864,10,23,4,36.0,158585.0,79812.0,27685,15563637.0,22815746,46496896,8949648,13845,6827,45.0,46.8
1865,10,23,5,41.6,45030.0,33642.0,4828,15508785.0,22815746,46496896,8949648,5266,5625,,61.4
1866,10,23,6,55.8,181868.0,163608.0,45555,17188196.0,22815746,46496896,8949648,34890,19656,42.0,49.9
1867,10,24,1,90.4,62077.0,26804.0,6845,6625558.0,10915800,24206395,4433898,6127,4490,10.0,15.8
1868,10,24,2,43.5,,19318.0,3813,8189127.0,10915800,24206395,4433898,2958,1494,39.3,59.9
1869,10,24,3,98.3,66632.0,27654.0,5445,7133914.0,10915800,24206395,4433898,4022,4392,82.0,60.8
1870,10,24,4,64.6,117036.0,101242.0,33775,7178401.0,10915800,24206395,4433898,23582,15128,21.0,57.6
1871,10,24,5,59.8,86027.0,75339.0,22094,7322783.0,10915800,24206395,4433898,11297,3636,54.3,56.0
1872,10,24,6,94.7,61542.0,50847.0,9323,8083033.0,10915800,24206395,4433898,4699,1780,66.7,54.8
1873,10,25,1,73.8,2174.0,914.0,202,806596.0,1165320,2343249,458566,60,163,33.6,42.7
1874,10,25,2,71.9,2455.0,2162.0,421,829211.0,1165320,2343249,458566,383,335,45.4,57.2
1875,10,25,3,39.4,8828.0,4998.0,890,708081.0,1165320,2343249,458566,1063,566,10.4,20.6
1876,10,25,4,90.5,11903.0,10081.0,2613,1023239.0,1165320,2343249,458566,1401,1397,33.8,55.8
1877,10,25,5,51.7,3771.0,3250.0,788,1080052.0,1165320,2343249,458566,708,386,24.6,31.6
1878,10,25,6,140.0,9737.0,5078.0,1501,898877.0,1165320,2343249,458566,704,559,64.0,15.3
1879,10,26,1,66.5,410678.0,365716.0,95524,62758250.0,66996660,136307615,23593944,56643,24859,49.1,24.9
1880,10,26,2,82.7,164082.0,88120.0,30214,60440179.0,66996660,136307615,23593944,15787,9936,48.3,61.4
1881,10,26,3,57.3,368538.0,246794.0,54865,61482931.0,66996660,136307615,23593944,50472,10566,21.0,59.2
1882,10,26,4,75.2,178554.0,89120.0,27913,42585199.0,66996660,136307615,23593944,12318,12315,57.9,50.3
1883,10,26,5,49.6,232446.0,205811.0,53797,64919282.0,66996660,136307615,23593944,13816,24314,44.1,80.5
1884,10,26,6,83.4,224976.0,95869.0,13816,50270702.0,66996660,136307615,23593944,8623,4789,32.9,60.5
1885,10,27,1,70.5,15874.0,10440.0,2623,,5355469,11175395,1816427,1208,876,76.9,89.0
1886,10,27,2,93.0,31032.0,12540.0,1690,3972951.0,5355469,11175395,1816427,1140,2093,33.3,81.4
1887,10,27,3,65.6,55880.0,48276.0,13187,4688105.0,5355469,11175395,1816427,2932,6582,31.5,58.3
1888,10,27,4,91.9,44471.0,17792.0,4189,4260811.0,5355469,11175395,1816427,4109,1527,37.5,55.4
1889,10,27,5,82.3,39078.0,25120.0,6375,4499778.0,5355469,11175395,1816427,2069,1045,69.8,54.1
1890,10,27,6,97.2,13658.0,11100.0,1834,4609043.0,5355469,11175395,1816427,1116,1753,54.6,47.9
1891,10,28,1,40.8,82381.0,,20751,17083195.0,27656913,58781084,11839635,17085,3049,30.3,80.5
1892,10,28,2,40.8,118205.0,75250.0,24739,23731847.0,27656913,58781084,11839635,16728,3640,88.9,86.2
1893,10,28,3,80.8,100831.0,40522.0,9733,20751997.0,27656913,58781084,11839635,4072,5386,44.4,36.2
1894,10,28,4,45.6,134272.0,82192.0,25536,20389402.0,27656913,58781084,11839635,18310,9831,44.2,54.2
1895,10,28,5,37.3,73574.0,57994.0,9118,19736866.0,27656913,58781084,11839635,4728,4630,31.7,71.7
1896,10,28,6,77.1,274519.0,,14558,27024477.0,27656913,58781084,11839635,29017,7062,,33.5
1897,10,29,1,94.5,65394.0,42501.0,11997,6503868.0,9529076,18195247,3673916,8042,2709,40.4,73.2
1898,10,29,2,75.3,39426.0,29578.0,6751,8016313.0,9529076,18195247,3673916,5858,2936,40.0,53.4
1899,10,29,3,70.9,84900.0,58146.0,17061,7602956.0,9529076,18195247,3673916,7471,8076,76.8,74.1
1900,10,29,4,36.2,,43823.0,13155,8662162.0,9529076,18195247,3673916,6895,6067,44.9,39.7
1901,10,29,5,45.2,62254.0,31008.0,5375,7051382.0,9529076,18195247,3673916,1940,1862,29.6,59.2
1902,10,29,6,43.4,23819.0,17607.0,5597,6726469.0,9529076,18195247,3673916,3507,2032,29.6,73.7
1903,10,30,1,39.9,21838.0,8789.0,2970,2400081.0,3779322,8423015,1675050,1790,707,40.4,63.6
1904,10,30,2,98.7,31906.0,20110.0,5990,3090298.0,3779322,8423015,1675050,3038,2242,16.5,67.0
1905,10,30,3,62.4,29458.0,,4602,2921623.0,3779322,8423015,1675050,2139,2385,43.9,66.2
1906,10,30,4,36.4,9412.0,6434.0,727,3206655.0,3779322,8423015,1675050,1373,620,49.2,46.3
1907,10,30,5,63.0,24720.0,,4092,3596693.0,3779322,8423015,1675050,3997,1583,38.8,60.2
1908,10,30,6,45.2,,8133.0,1837,2908973.0,3779322,8423015,1675050,1333,855,34.4,78.2
1909,10,31,1,35.3,320.0,217.0,70,45649.0,75449,181011,40062,27,31,55.3,95.2
1910,10,31,2,41.1,309.0,241.0,67,63195.0,75449,181011,40062,47,43,21.4,39.4
1911,10,31,3,58.2,518.0,249.0,54,69696.0,75449,181011,40062,41,42,,65.9
1912,10,31,4,43.4,,655.0,214,45318.0,75449,181011,40062,157,70,50.9,56.8
1913,10,31,5,60.1,328.0,239.0,39,46557.0,75449,181011,40062,24,26,12.9,23.9
1914,10,31,6,52.6,750.0,576.0,164,48430.0,75449,181011,40062,49,95,51.9,13.9
1915,10,32,1,52.9,4415.0,3610.0,946,272365.0,444861,832823,192266,389,606,60.0,50.0
1916,10,32,2,48.3,2830.0,1653.0,458,269827.0,444861,832823,192266,229,185,48.5,63.5
1917,10,32,3,49.9,2750.0,2460.0,580,298797.0,444861,832823,192266,322,208,68.6,52.1
1918,10,32,4,61.9,1191.0,975.0,275,285839.0,444861,832823,192266,177,81,32.3,85.5
1919,10,32,5,58.9,2800.0,2013.0,395,356426.0,444861,832823,192266,196,324,52.5,53.7
1920,10,32,6,56.2,1772.0,1251.0,424,330099.0,444861,832823,192266,308,152,45.4,72.4
1921,11,1,1,43.3,46634.0,39244.0,7634,9586001.0,13913581,31925313,5679375,4525,3438,46.8,86.6
1922,11,1,2,38.9,154814.0,64014.0,18525,11941145.0,13913581,31925313,5679375,8082,4468,27.3,33.1
1923,11,1,3,56.1,,27957.0,9489,12050980.0,13913581,31925313,5679375,6476,3470,24.4,71.4
1924,11,1,4,67.6,83591.0,47602.0,9919,11065701.0,13913581,31925313,5679375,8963,2943,53.6,48.8
1925,11,1,5,76.9,141015.0,88706.0,27094,9066076.0,13913581,31925313,5679375,17054,14940,23.3,40.7
1926,11,1,6,46.3,60900.0,39043.0,6776,9874709.0,13913581,31925313,5679375,7382,3483,10.3,44.5
1927,11,2,1,95.6,3665.0,1740.0,456,293469.0,397403,906676,157767,295,83,41.4,33.8
1928,11,2,2,57.3,1249.0,735.0,223,253548.0,397403,906676,157767,50,119,64.3,66.5
1929,11,2,3,57.3,1218.0,997.0,295,342058.0,397403,906676,157767,114,52,77.7,46.4
1930,11,2,4,37.1,2287.0,1548.0,514,351875.0,397403,906676,157767,140,52,18.4,53.0
1931,11,2,5,38.4,2331.0,1929.0,323,255717.0,397403,906676,157767,400,120,41.8,100.0
1932,11,2,6,49.5,2407.0,1828.0,279,382542.0,397403,906676,157767,449,173,48.2,59.1
1933,11,3,1,44.6,70932.0,44602.0,15198,5918752.0,8826351,20034590,4968254,3156,4608,70.2,46.7
1934,11,3,2,69.6,51637.0,31739.0,10702,8528552.0,8826351,20034590,4968254,4887,1236,55.2,40.2
1935,11,3,3,63.5,46641.0,27404.0,6444,8304554.0,8826351,20034590,4968254,4562,4556,59.6,28.4
1936,11,3,4,81.4,93235.0,68007.0,10324,5800304.0,8826351,20034590,4968254,12594,9288,33.1,54.4
1937,11,3,5,92.3,35895.0,16356.0,4569,8401010.0,8826351,20034590,4968254,1141,1794,67.9,38.1
1938,11,3,6,96.4,33808.0,19674.0,2357,7877755.0,8826351,20034590,4968254,2815,1256,58.2,93.6
1939,11,4,1,88.7,280674.0,231062.0,44686,30020232.0,36117266,77206457,12485469,48345,15591,40.4,100.0
1940,11,4,2,77.5,308998.0,232900.0,74147,33572987.0,36117266,77206457,12485469,43247,26183,54.9,77.4
1941,11,4,3,44.6,232283.0,167568.0,43010,35020170.0,36117266,77206457,12485469,31934,10102,57.2,64.6
1942,11,4,4,55.1,212876.0,155381.0,19068,22937815.0,36117266,77206457,12485469,31274,24356,,78.4
1943,11,4,5,68.9,302654.0,187029.0,26545,26602947.0,36117266,77206457,12485469,13507,13396,1.7,48.0
1944,11,4,6,80.2,70389.0,32520.0,5727,25145408.0,36117266,77206457,12485469,1911,1133,32.2,25.5
1945,11,5,1,52.0,32450.0,19150.0,2449,5332532.0,7403718,16252863,2484325,2392,808,58.3,60.8
1946,11,5,2,86.3,38480.0,34485.0,5917,7058136.0,7403718,16252863,2484325,3668,2364,80.7,91.8
1947,11,5,3,95.2,55808.0,31579.0,9188,5737741.0,7403718,16252863,2484325,5310,1244,37.7,61.7
1948,11,5,4,63.2,78151.0,68991.0,8797,5879947.0,7403718,16252863,2484325,14949,3959,59.7,35.9
1949,11,5,5,88.5,16306.0,11439.0,2613,6108463.0,7403718,16252863,2484325,2562,1553,44.3,17.0
1950,11,5,6,71.5,53541.0,28791.0,6415,6489901.0,7403718,16252863,2484325,3402,3277,56.3,55.1
1951,11,6,1,87.4,1997.0,1537.0,285,410879.0,443853,959918,131248,312,192,45.9,43.1
1952,11,6,2,96.1,4442.0,2789.0,942,360759.0,443853,959918,131248,394,127,85.1,79.3
1953,11,6,3,71.3,4089.0,2311.0,401,430936.0,443853,959918,131248,526,78,51.1,77.4
1954,11,6,4,35.1,2062.0,1761.0,297,373859.0,443853,959918,131248,304,69,23.9,32.3
1955,11,6,5,96.2,882.0,611.0,156,,443853,959918,131248,70,67,39.9,57.1
1956,11,6,6,71.8,3671.0,1935.0,206,314765.0,443853,959918,131248,246,328,34.4,58.3
1957,11,7,1,61.1,90911.0,42094.0,12729,12142059.0,18762704,43109104,9220412,3421,6566,53.3,65.1
1958,11,7,2,77.0,43055.0,19981.0,2413,15747487.0,18762704,43109104,9220412,4013,2316,,51.3
1959,11,7,3,39.0,169830.0,147822.0,26655,11698132.0,18762704,43109104,9220412,24446,9325,22.0,35.8
1960,11,7,4,43.7,75914.0,59459.0,15498,12049090.0,18762704,43109104,9220412,3041,7461,56.8,38.9
1961,11,7,5,56.6,195292.0,160032.0,38237,14401550.0,18762704,43109104,9220412,33988,23871,47.0,34.7
1962,11,7,6,79.2,150576.0,106507.0,25358,14896225.0,18762704,43109104,9220412,11172,16511,65.2,66.9
1963,11,8,1,40.4,59092.0,25676.0,4275,5495396.0,8245396,16233666,2424416,3398,4172,49.7,57.4
1964,11,8,2,72.7,31152.0,20799.0,5815,4965590.0,8245396,16233666,2424416,1065,1703,36.2,62.2
1965,11,8,3,69.3,71491.0,42413.0,14316,7504318.0,8245396,16233666,2424416,2260,1517,65.0,0.0
1966,11,8,4,37.1,25664.0,21385.0,2534,7508625.0,8245396,16233666,2424416,3854,2278,43.8,59.0
1967,11,8,5,95.0,40932.0,16747.0,5716,6275144.0,8245396,16233666,2424416,2488,1468,67.4,87.9
1968,11,8,6,92.9,21032.0,12531.0,3470,6296070.0,8245396,16233666,2424416,2450,815,36.7,65.7
1969,11,9,1,73.0,16841.0,12231.0,4134,1225693.0,1970598,4596529,665927,972,1608,54.1,46.4
1970,11,9,2,64.6,10669.0,7794.0,1893,1517652.0,1970598,4596529,665927,561,338,69.1,57.3
1971,11,9,3,87.6,8264.0,5931.0,2057,1359340.0,1970598,4596529,665927,1467,507,36.4,71.3
1972,11,9,4,84.5,11249.0,9238.0,2084,1249788.0,1970598,4596529,665927,1966,640,27.4,96.9
1973,11,9,5,85.6,20786.0,15480.0,2529,1882140.0,1970598,4596529,665927,2004,2275,52.3,0.0
1974,11,9,6,76.8,10853.0,4781.0,1276,1358228.0,1970598,4596529,665927,905,159,34.5,82.0
1975,11,10,1,84.3,43412.0,25478.0,8365,8954806.0,9564464,22992975,3525897,4078,1988,66.1,50.4
1976,11,10,2,58.3,86159.0,36928.0,6987,7398461.0,9564464,22992975,3525897,2298,3327,72.7,44.0
1977,11,10,3,66.0,109072.0,55375.0,15013,,9564464,22992975,3525897,3298,6220,68.8,57.3
1978,11,10,4,80.5,20280.0,9702.0,1745,7891409.0,9564464,22992975,3525897,2255,654,16.5,37.4
1979,11,10,5,60.6,28275.0,24595.0,2809,7475288.0,9564464,22992975,3525897,4710,2833,25.3,62.1
1980,11,10,6,77.2,51253.0,29497.0,4739,7727462.0,9564464,22992975,3525897,3030,2749,50.5,75.4
1981,11,11,1,44.3,187314.0,130624.0,15969,14686045.0,18575651,39808349,8273615,22136,9889,49.8,55.3
1982,11,11,2,58.9,116887.0,93144.0,17844,15198785.0,18575651,39808349,8273615,6197,6775,32.4,40.6
1983,11,11,3,79.2,145703.0,63542.0,19254,15777176.0,18575651,39808349,8273615,8009,5314,56.5,56.7
1984,11,11,4,62.1,128747.0,63589.0,17301,17645170.0,18575651,39808349,8273615,4700,7864,49.3,59.0
1985,11,11,5,84.4,58214.0,40109.0,12004,15306555.0,18575651,39808349,8273615,8912,5999,30.5,65.6
1986,11,11,6,56.4,54936.0,33978.0,10576,14629119.0,18575651,39808349,8273615,7867,4997,38.0,96.0
1987,11,12,1,54.1,35352.0,19000.0,6158,6740994.0,8800644,21682671,2877285,3562,3099,49.4,50.7
1988,11,12,2,98.6,18955.0,7591.0,1236,5792345.0,8800644,21682671,2877285,1396,382,71.5,45.7
1989,11,12,3,87.7,29063.0,13931.0,4258,8086408.0,8800644,21682671,2877285,1400,1453,54.4,45.0
1990,11,12,4,68.5,67458.0,33543.0,4573,7519956.0,8800644,21682671,2877285,4026,1420,32.7,41.3
1991,11,12,5,42.7,77835.0,67780.0,19166,6770042.0,8800644,21682671,2877285,7544,6883,27.3,14.0
1992,11,12,6,84.1,30202.0,,3189,7785515.0,8800644,21682671,2877285,1482,1489,54.8,65.1
1993,11,13,1,96.3,187142.0,112814.0,30952,19021731.0,21385977,50402585,8130669,15991,18313,44.7,52.5
1994,11,13,2,62.6,191379.0,135764.0,37516,16507269.0,21385977,50402585,8130669,26486,10238,49.0,33.6
1995,11,13,3,61.2,58778.0,52065.0,10504,18826140.0,21385977,50402585,8130669,9039,3598,79.0,33.3
1996,11,13,4,70.0,151835.0,120755.0,31171,20090770.0,21385977,50402585,8130669,12693,13482,82.6,71.1
1997,11,13,5,42.0,207306.0,108486.0,15864,16940048.0,21385977,50402585,8130669,16220,5304,51.1,43.9
1998,11,13,6,44.7,153731.0,68504.0,13095,13908192.0,21385977,50402585,8130669,13223,11896,58.7,52.4
1999,11,14,1,85.9,98735.0,87875.0,14697,19817609.0,30857115,68847826,12958350,21821,3896,47.6,43.9
2000,11,14,2,42.1,168126.0,97482.0,27164,26030028.0,30857115,68847826,12958350,7513,15413,26.2,69.7
2001,11,14,3,37.0,119332.0,61716.0,15898,23887934.0,30857115,68847826,12958350,13844,7699,55.0,44.2
2002,11,14,4,37.1,259080.0,140535.0,21291,27084799.0,30857115,68847826,12958350,10648,10403,52.1,66.4
2003,11,14,5,78.4,351202.0,188786.0,23983,20037403.0,30857115,68847826,12958350,19218,28262,57.6,32.0
2004,11,14,6,87.6,276590.0,112466.0,11647,28129299.0,30857115,68847826,12958350,9613,10579,40.9,92.8
2005,11,15,1,59.5,7610.0,6691.0,1420,626784.0,848145,1912312,293244,1126,965,48.2,58.0
2006,11,15,2,95.8,8123.0,7026.0,2188,611309.0,848145,1912312,293244,710,1092,74.2,43.5
2007,11,15,3,56.1,3067.0,2434.0,673,796858.0,848145,1912312,293244,360,337,45.4,84.9
2008,11,15,4,50.8,7628.0,6769.0,1525,789677.0,848145,1912312,293244,1300,249,20.9,62.6
2009,11,15,5,51.4,3572.0,3196.0,359,615292.0,848145,1912312,293244,641,183,28.6,44.6
2010,11,15,6,94.0,5894.0,5055.0,802,696996.0,848145,1912312,293244,361,734,20.5,63.8
2011,11,16,1,77.3,9396.0,5814.0,1339,956943.0,991044,2115820,455190,467,539,40.0,78.8
2012,11,16,2,54.4,1765.0,,181,959969.0,991044,2115820,455190,350,146,,100.0
2013,11,16,3,56.5,1889.0,1222.0,387,,991044,2115820,455190,247,85,52.4,93.7
2014,11,16,4,61.5,3799.0,2823.0,737,742412.0,991044,2115820,455190,465,340,48.8,18.7
2015,11,16,5,79.0,5206.0,4441.0,967,937648.0,991044,2115820,455190,965,527,54.7,43.6
2016,11,16,6,62.3,8182.0,3623.0,900,812765.0,991044,2115820,455190,720,147,44.3,16.7
2017,11,17,1,58.1,2096.0,854.0,297,204929.0,313615,696853,125746,59,137,36.6,64.7
2018,11,17,2,52.7,2472.0,1323.0,409,296258.0,313615,696853,125746,309,71,62.6,48.5
2019,11,17,3,92.2,3223.0,2709.0,376,254157.0,313615,696853,125746,268,171,43.5,79.6
2020,11,17,4,38.8,991.0,784.0,129,287585.0,313615,696853,125746,62,107,25.9,28.7
2021,11,17,5,62.2,,1854.0,630,237965.0,313615,696853,125746,197,89,29.3,62.8
2022,11,17,6,65.0,3193.0,2868.0,594,228231.0,313615,696853,125746,681,88,55.5,75.4
2023,11,18,1,80.4,5895.0,2652.0,865,597777.0,612081,1365161,254588,387,154,44.1,34.2
2024,11,18,2,38.5,2231.0,1963.0,340,552103.0,612081,1365161,254588,226,99,57.1,63.5
2025,11,18,3,71.0,2730.0,1970.0,552,449277.0,612081,1365161,254588,320,344,38.4,38.3
2026,11,18,4,52.0,3840.0,3113.0,452,431896.0,612081,1365161,254588,471,153,22.8,33.5
2027,11,18,5,65.6,2859.0,2076.0,546,435426.0,612081,1365161,254588,206,80,49.4,83.2
2028,11,18,6,94.6,3917.0,2240.0,361,456180.0,612081,1365161,254588,308,159,28.1,39.6
2029,11,19,1,82.3,95985.0,39741.0,13323,7160477.0,11784177,27754652,6453107,6044,6926,40.5,42.1
2030,11,19,2,81.1,105750.0,51357.0,17420,8472258.0,11784177,27754652,6453107,5356,2347,57.3,84.5
2031,11,19,3,98.0,120619.0,71237.0,20677,7497871.0,11784177,27754652,6453107,15123,10685,23.9,58.9
2032,11,19,4,43.0,77130.0,35378.0,6780,9676827.0,11784177,27754652,6453107,6641,4057,25.4,84.9
2033,11,19,5,64.2,137120.0,112746.0,34077,10826233.0,11784177,27754652,6453107,12299,5111,56.9,45.2
2034,11,19,6,76.0,101905.0,48175.0,13709,7723979.0,11784177,27754652,6453107,6362,1772,22.0,61.5
2035,11,20,1,78.8,,16605.0,5123,5604134.0,7671794,18931708,3575440,4079,1420,39.3,17.6
2036,11,20,2,93.4,37263.0,16103.0,3820,7091493.0,7671794,18931708,3575440,3429,1141,42.9,45.9
2037,11,20,3,93.3,20253.0,15891.0,3331,5210367.0,7671794,18931708,3575440,1263,2619,41.5,48.0
2038,11,20,4,62.5,15715.0,7675.0,1524,5741099.0,7671794,18931708,3575440,1378,1224,60.5,49.9
2039,11,20,5,92.3,87862.0,,20018,6827318.0,7671794,18931708,3575440,6124,8720,28.2,62.6
2040,11,20,6,76.2,46636.0,23500.0,5142,6930690.0,7671794,18931708,3575440,5329,4015,55.7,50.7
2041,11,21,1,79.6,183202.0,,17910,15780511.0,20984118,49518610,8523890,10432,12961,55.1,17.6
2042,11,21,2,56.2,101255.0,48762.0,5061,19474722.0,20984118,49518610,8523890,4249,3975,86.8,27.1
2043,11,21,3,80.2,203375.0,104029.0,20771,13379850.0,20984118,49518610,8523890,12344,14246,52.2,40.9
2044,11,21,4,91.3,64982.0,42434.0,8787,17429987.0,20984118,49518610,8523890,8651,5308,75.2,74.4
2045,11,21,5,87.9,181271.0,156830.0,35202,16472714.0,20984118,49518610,8523890,10313,18892,69.4,66.6
2046,11,21,6,77.6,58227.0,42145.0,7716,17223087.0,20984118,49518610,8523890,2646,1987,63.1,24.8
2047,11,22,1,64.3,1979.0,1421.0,297,152562.0,172180,422140,71074,347,175,40.2,60.5
2048,11,22,2,37.9,1426.0,883.0,267,161795.0,172180,422140,71074,79,117,46.8,22.8
2049,11,22,3,45.7,973.0,752.0,230,158620.0,172180,422140,71074,76,104,66.7,76.2
2050,11,22,4,52.3,1758.0,1446.0,255,157483.0,172180,422140,71074,175,142,57.4,67.4
2051,11,22,5,89.8,1379.0,713.0,175,130041.0,172180,422140,71074,113,59,100.0,64.3
2052,11,22,6,91.3,1570.0,932.0,300,112525.0,172180,422140,71074,96,76,40.1,71.9
2053,11,23,1,47.4,183581.0,99520.0,24224,13286306.0,18738867,47333720,9854749,17693,12584,42.2,66.6
2054,11,23,2,49.5,49089.0,26399.0,4149,13609430.0,18738867,47333720,9854749,6272,1848,,27.3
2055,11,23,3,63.2,220506.0,109228.0,20642,12495876.0,18738867,47333720,9854749,12035,3592,54.2,46.6
2056,11,23,4,62.6,51743.0,44225.0,10674,12057314.0,18738867,47333720,9854749,3890,6982,41.2,56.8
2057,11,23,5,42.8,46809.0,34592.0,5494,13559391.0,18738867,47333720,9854749,3995,4837,34.4,75.6
2058,11,23,6,76.3,160565.0,93207.0,30225,13011675.0,18738867,47333720,9854749,15157,16701,49.8,37.2
2059,11,24,1,83.6,65854.0,44045.0,7317,7461525.0,10064718,24265243,4387751,9968,4723,36.9,48.7
2060,11,24,2,66.8,88939.0,54321.0,6109,8095471.0,10064718,24265243,4387751,11334,4255,43.6,44.5
2061,11,24,3,56.7,63641.0,48597.0,5989,7825436.0,10064718,24265243,4387751,8890,5548,1.3,60.0
2062,11,24,4,97.7,33827.0,17379.0,2701,8654717.0,10064718,24265243,4387751,2865,2483,66.5,46.7
2063,11,24,5,48.8,97959.0,64633.0,10347,6664271.0,10064718,24265243,4387751,8828,7543,48.9,41.0
2064,11,24,6,83.4,28689.0,16759.0,2221,6297041.0,10064718,24265243,4387751,4144,1645,54.1,37.5
2065,11,25,1,37.6,7458.0,4935.0,1113,713819.0,1003197,2360925,440026,861,741,48.1,65.0
2066,11,25,2,54.3,4421.0,3462.0,834,619841.0,1003197,2360925,440026,652,238,48.5,57.0
2067,11,25,3,53.9,5565.0,4726.0,693,930210.0,1003197,2360925,440026,539,353,46.4,84.4
2068,11,25,4,69.2,5011.0,2881.0,525,812073.0,1003197,2360925,440026,534,460,20.2,54.0
2069,11,25,5,69.5,3379.0,2056.0,599,770288.0,1003197,2360925,440026,216,111,52.8,61.0
2070,11,25,6,65.5,9485.0,4253.0,679,975630.0,1003197,2360925,440026,599,307,40.5,19.8
2071,11,26,1,99.0,410469.0,266185.0,31540,53381445.0,59241830,139120013,27949614,14151,36712,44.8,58.6
2072,11,26,2,77.5,510435.0,325746.0,60797,51340074.0,59241830,139120013,27949614,62339,54940,45.4,45.4
2073,11,26,3,81.7,530133.0,232547.0,77675,49645469.0,59241830,139120013,27949614,42597,7246,32.4,55.7
2074,11,26,4,73.6,362524.0,192243.0,51930,39005424.0,59241830,139120013,27949614,11050,11685,,63.1
2075,11,26,5,87.5,416614.0,336347.0,70018,57814873.0,59241830,139120013,27949614,76341,58229,23.6,52.2
2076,11,26,6,57.6,223512.0,197943.0,27048,39152685.0,59241830,139120013,27949614,46006,10648,,75.4
2077,11,27,1,45.5,28890.0,21832.0,3816,3685481.0,5600199,12052060,2222435,2449,1025,47.6,61.0
2078,11,27,2,72.6,45446.0,33379.0,4385,4410689.0,5600199,12052060,2222435,2572,2476,79.9,58.1
2079,11,27,3,98.7,55650.0,31540.0,8371,4203306.0,5600199,12052060,2222435,5678,1733,50.7,64.3
2080,11,27,4,51.6,19482.0,12429.0,3569,3697669.0,5600199,12052060,2222435,1330,650,35.2,53.6
2081,11,27,5,65.0,24386.0,19380.0,3329,4291516.0,5600199,12052060,2222435,1702,1926,58.4,56.3
2082,11,27,6,85.1,12545.0,8841.0,1560,4114366.0,5600199,12052060,2222435,1695,745,28.0,74.1
2083,11,28,1,64.5,255761.0,226746.0,66504,20097321.0,27083545,61637153,10515567,48951,18427,45.7,75.0
2084,11,28,2,46.2,256257.0,227179.0,44954,,27083545,61637153,10515567,30078,30358,42.5,79.2
2085,11,28,3,40.5,288952.0,208833.0,49076,19391064.0,27083545,61637153,10515567,37224,18519,34.3,25.1
2086,11,28,4,72.4,93401.0,48213.0,15876,19736553.0,27083545,61637153,10515567,8831,7205,60.4,18.4
2087,11,28,5,87.6,233315.0,115638.0,32879,23731466.0,27083545,61637153,10515567,16620,16432,63.0,53.2
2088,11,28,6,83.1,245507.0,129447.0,23213,23605422.0,27083545,61637153,10515567,19974,7831,49.7,55.4
2089,11,29,1,61.0,29570.0,25923.0,5949,7616219.0,8354539,20684797,3904360,3649,1007,48.1,57.9
2090,11,29,2,51.4,97020.0,82862.0,15371,5182616.0,8354539,20684797,3904360,6356,5500,31.0,61.3
2091,11,29,3,70.1,65407.0,30425.0,3904,5330104.0,8354539,20684797,3904360,2861,2781,27.8,53.5
2092,11,29,4,78.0,94301.0,74726.0,22257,7069469.0,8354539,20684797,3904360,4326,9945,90.6,58.4
2093,11,29,5,88.0,29709.0,,4148,8112163.0,8354539,20684797,3904360,4240,3210,38.3,43.3
2094,11,29,6,70.9,52572.0,45644.0,11977,,8354539,20684797,3904360,9062,7824,24.1,40.3
2095,11,30,1,46.7,39036.0,21096.0,4711,3101156.0,3379403,7698945,1367641,1577,1091,60.9,76.1
2096,11,30,2,75.4,36912.0,27091.0,5746,3235066.0,3379403,7698945,1367641,4958,3861,28.0,55.0
2097,11,30,3,60.4,21623.0,10775.0,1371,2441750.0,3379403,7698945,1367641,1678,1225,62.4,33.5
2098,11,30,4,60.3,30518.0,17772.0,4879,3068104.0,3379403,7698945,1367641,2124,2270,71.1,92.0
2099,11,30,5,91.3,25127.0,17484.0,3422,2256914.0,3379403,7698945,1367641,3760,1813,72.1,66.7
2100,11,30,6,89.8,25145.0,11835.0,4117,2130306.0,3379403,7698945,1367641,1343,1854,47.9,31.1
2101,11,31,1,96.8,576.0,251.0,70,67608.0,79565,172337,25959,49,19,39.0,54.3
2102,11,31,2,68.1,666.0,503.0,126,72988.0,79565,172337,25959,40,66,21.5,58.2
2103,11,31,3,67.6,709.0,406.0,127,75577.0,79565,172337,25959,53,55,35.6,85.8
2104,11,31,4,96.6,374.0,211.0,65,72898.0,79565,172337,25959,20,22,43.7,55.6
2105,11,31,5,71.6,337.0,157.0,19,61609.0,79565,172337,25959,24,17,63.4,40.3
2106,11,31,6,87.4,444.0,311.0,66,67862.0,79565,172337,25959,39,51,45.8,66.2
2107,11,32,1,98.0,3354.0,1911.0,632,245312.0,400249,853548,126585,179,299,71.8,56.6
2108,11,32,2,76.1,809.0,381.0,81,,400249,853548,126585,34,35,51.5,63.2
2109,11,32,3,78.5,2601.0,1547.0,424,270578.0,400249,853548,126585,203,159,38.3,52.6
2110,11,32,4,72.1,3358.0,2188.0,407,264792.0,400249,853548,126585,404,96,33.0,94.3
2111,11,32,5,68.9,1847.0,934.0,177,316446.0,400249,853548,126585,157,84,57.5,61.5
2112,11,32,6,39.8,4358.0,2533.0,440,303107.0,400249,853548,126585,626,433,47.7,22.0
2113,12,1,1,79.5,52698.0,,4126,9887754.0,14381486,31715252,7181429,2004,901,37.0,52.6
2114,12,1,2,36.3,98513.0,,14437,13369667.0,14381486,31715252,7181429,10078,10328,63.0,44.6
2115,12,1,3,50.3,,,10691,13446484.0,14381486,31715252,7181429,2645,1484,62.6,58.0
2116,12,1,4,62.3,42290.0,36014.0,5396,11967221.0,14381486,31715252,7181429,2936,6058,,65.1
2117,12,1,5,63.5,35106.0,24021.0,5198,10257661.0,14381486,31715252,7181429,3932,2859,14.0,38.4
2118,12,1,6,41.4,90740.0,59372.0,12250,13712050.0,14381486,31715252,7181429,14244,7545,41.5,0.0
2119,12,2,1,72.3,997.0,573.0,103,305672.0,465751,983425,218899,105,54,75.6,71.0
2120,12,2,2,59.9,3555.0,2453.0,551,305558.0,465751,983425,218899,367,230,75.7,40.3
2121,12,2,3,56.0,1794.0,854.0,207,304960.0,465751,983425,218899,94,114,64.1,55.0
2122,12,2,4,68.9,4586.0,2004.0,240,335116.0,465751,983425,218899,151,80,18.6,82.9
2123,12,2,5,49.1,3072.0,2233.0,465,413484.0,465751,983425,218899,491,236,79.1,51.0
2124,12,2,6,41.7,2101.0,1459.0,173,420269.0,465751,983425,218899,361,70,61.3,57.1
2125,12,3,1,70.9,31511.0,22792.0,6006,9065508.0,9410986,19658811,4407924,1683,2182,68.1,1.4
2126,12,3,2,42.2,,10745.0,2060,6221373.0,9410986,19658811,4407924,2188,494,60.2,30.7
2127,12,3,3,42.9,20556.0,11857.0,1610,7914954.0,9410986,19658811,4407924,2222,1216,37.4,69.5
2128,12,3,4,84.2,24250.0,12178.0,3247,8899787.0,9410986,19658811,4407924,883,1590,57.6,54.7
2129,12,3,5,45.8,57881.0,43476.0,9621,6616154.0,9410986,19658811,4407924,7674,5015,75.2,49.6
2130,12,3,6,94.0,61201.0,49989.0,16272,8288724.0,9410986,19658811,4407924,9560,6337,33.7,52.5
2131,12,4,1,70.3,200990.0,103464.0,25118,29506997.0,36441128,75965633,13903949,10979,14696,13.0,15.1
2132,12,4,2,69.5,373765.0,159444.0,52056,23343402.0,36441128,75965633,13903949,22211,27235,88.4,63.3
2133,12,4,3,60.0,,,51785,24765332.0,36441128,75965633,13903949,17579,6043,36.5,38.2
2134,12,4,4,73.3,72038.0,36816.0,10363,23096082.0,36441128,75965633,13903949,2532,4542,82.6,50.4
2135,12,4,5,53.6,334614.0,169792.0,29057,33925528.0,36441128,75965633,13903949,17948,16037,43.0,68.2
2136,12,4,6,57.3,157920.0,116200.0,18910,28968252.0,36441128,75965633,13903949,15530,8845,51.9,73.7
2137,12,5,1,84.6,63348.0,55518.0,7456,6034023.0,7968412,17242008,2471003,3590,4383,21.4,56.5
2138,12,5,2,46.8,41633.0,36396.0,4673,7367976.0,7968412,17242008,2471003,1831,3910,80.2,48.5
2139,12,5,3,41.7,51153.0,21932.0,7319,5151295.0,7968412,17242008,2471003,2860,3660,33.6,93.4
2140,12,5,4,58.0,42957.0,21204.0,2865,5295199.0,7968412,17242008,2471003,4244,2210,34.9,61.5
2141,12,5,5,63.4,79269.0,46442.0,13086,7516778.0,7968412,17242008,2471003,8645,5132,71.4,99.2
2142,12,5,6,87.6,17882.0,9996.0,3437,5691721.0,7968412,17242008,2471003,890,723,64.2,21.9
2143,12,6,1,85.1,2495.0,1894.0,488,299769.0,421103,951156,153526,175,196,43.8,28.4
2144,12,6,2,37.8,2003.0,1047.0,128,296999.0,421103,951156,153526,76,72,58.7,12.2
2145,12,6,3,47.7,2920.0,1870.0,234,367795.0,421103,951156,153526,465,182,61.2,55.7
2146,12,6,4,93.3,1382.0,911.0,302,327530.0,421103,951156,153526,172,50,40.2,85.6
2147,12,6,5,48.4,1269.0,907.0,130,373880.0,421103,951156,153526,113,92,51.5,59.4
2148,12,6,6,50.9,1083.0,568.0,91,392136.0,421103,951156,153526,136,34,75.4,41.5
2149,12,7,1,51.9,167555.0,134338.0,32100,13369079.0,21050680,39202295,9607781,22422,9510,56.3,36.1
2150,12,7,2,59.2,106296.0,75984.0,18569,16587048.0,21050680,39202295,9607781,7884,13334,23.9,63.0
2151,12,7,3,40.6,148137.0,114385.0,22390,15046777.0,21050680,39202295,9607781,23352,7268,52.8,66.1
2152,12,7,4,86.9,171697.0,81831.0,11704,14109502.0,21050680,39202295,9607781,6419,10973,69.8,52.8
2153,12,7,5,41.8,72683.0,39485.0,13468,18239318.0,21050680,39202295,9607781,3771,5401,58.1,73.0
2154,12,7,6,70.0,168330.0,94445.0,23183,13225198.0,21050680,39202295,9607781,21525,8274,44.1,60.6
2155,12,8,1,86.5,52640.0,43555.0,6302,6338677.0,7133884,17163080,2741935,8881,7147,57.5,40.7
2156,12,8,2,47.2,37349.0,28785.0,8654,6907699.0,7133884,17163080,2741935,2076,872,38.7,73.4
2157,12,8,3,77.2,52775.0,34311.0,5113,6214472.0,7133884,17163080,2741935,6826,5235,37.1,65.5
2158,12,8,4,81.1,62025.0,43836.0,12449,6041574.0,7133884,17163080,2741935,9547,6278,54.8,27.1
2159,12,8,5,98.1,51166.0,39514.0,7724,6520678.0,7133884,17163080,2741935,5384,2287,40.2,34.0
2160,12,8,6,45.7,51977.0,43349.0,10755,5482145.0,7133884,17163080,2741935,10515,7000,48.0,60.1
2161,12,9,1,65.5,19039.0,,4590,1564257.0,1869838,4435249,707523,1728,1189,45.8,67.9
2162,12,9,2,55.4,21436.0,8728.0,2308,1170233.0,1869838,4435249,707523,631,1232,38.0,58.1
2163,12,9,3,37.5,20744.0,11929.0,2390,1501408.0,1869838,4435249,707523,1366,657,61.1,68.7
2164,12,9,4,48.1,8362.0,5367.0,686,1231575.0,1869838,4435249,707523,348,816,49.0,43.0
2165,12,9,5,49.7,6295.0,3946.0,408,1532972.0,1869838,4435249,707523,298,552,45.1,50.9
2166,12,9,6,96.2,20451.0,12847.0,3345,1783884.0,1869838,4435249,707523,3080,1061,,55.6
2167,12,10,1,67.1,35345.0,,6423,,10824267,23234992,3810347,5011,1000,64.7,67.4
2168,12,10,2,79.1,95511.0,58371.0,18790,8414025.0,10824267,23234992,3810347,14014,4658,66.6,60.2
2169,12,10,3,75.2,47632.0,42736.0,14626,8845380.0,10824267,23234992,3810347,10265,7570,38.8,57.0
2170,12,10,4,70.9,39057.0,33244.0,8072,9379285.0,10824267,23234992,3810347,3468,5004,16.2,59.8
2171,12,10,5,40.9,86887.0,71370.0,9883,7829476.0,10824267,23234992,3810347,6552,10254,63.9,56.0
2172,12,10,6,70.5,52300.0,32836.0,5154,9564285.0,10824267,23234992,3810347,4227,2964,49.1,35.6
2173,12,11,1,98.9,163488.0,130447.0,18388,17563741.0,19784761,40277550,8117105,9870,13502,52.6,40.9
2174,12,11,2,96.3,79380.0,62204.0,8510,16157543.0,19784761,40277550,8117105,9222,3721,13.4,86.2
2175,12,11,3,66.8,120949.0,68806.0,16263,12082499.0,19784761,40277550,8117105,9751,12129,28.7,28.1
2176,12,11,4,45.9,109084.0,45549.0,8683,18278471.0,19784761,40277550,8117105,6686,5770,54.6,73.6
2177,12,11,5,91.3,84322.0,51517.0,17482,17399450.0,19784761,40277550,8117105,7867,5060,54.5,45.5
2178,12,11,6,41.1,128011.0,112619.0,17120,15311912.0,19784761,40277550,8117105,19914,13093,66.2,61.5
2179,12,12,1,92.3,30954.0,23615.0,5242,7471901.0,10491783,20714985,4900866,5379,1964,65.4,62.3
2180,12,12,2,72.6,73491.0,63944.0,13875,9204987.0,10491783,20714985,4900866,9011,8137,56.7,60.7
2181,12,12,3,89.0,84820.0,41568.0,6340,6639267.0,10491783,20714985,4900866,4561,5738,42.0,81.8
2182,12,12,4,40.6,67108.0,60135.0,18366,7617226.0,10491783,20714985,4900866,4246,8026,53.2,78.8
2183,12,12,5,54.4,24077.0,10932.0,1865,6620553.0,10491783,20714985,4900866,1645,1881,36.8,58.0
2184,12,12,6,53.0,60287.0,37842.0,5444,6703549.0,10491783,20714985,4900866,3592,6618,32.7,62.4
2185,12,13,1,50.9,80967.0,60627.0,19476,15263218.0,22779500,48471669,11122874,4698,5407,66.9,30.2
2186,12,13,2,59.0,152877.0,128680.0,42321,17762446.0,22779500,48471669,11122874,28204,15013,24.7,33.9
2187,12,13,3,95.7,165732.0,112331.0,33458,20107827.0,22779500,48471669,11122874,8409,17781,0.0,80.2
2188,12,13,4,57.8,234361.0,155574.0,18544,20202264.0,22779500,48471669,11122874,19908,17040,33.5,49.1
2189,12,13,5,98.6,184771.0,143397.0,29689,18606460.0,22779500,48471669,11122874,18089,25635,94.9,49.8
2190,12,13,6,82.1,141302.0,83069.0,17528,21700416.0,22779500,48471669,11122874,5468,7677,59.2,96.0
2191,12,14,1,76.2,289498.0,171959.0,28087,24933069.0,34979090,73669252,13083372,40660,24185,71.2,78.4
2192,12,14,2,50.0,195919.0,93543.0,23605,21928617.0,34979090,73669252,13083372,6734,10521,,67.0
2193,12,14,3,46.1,148027.0,120741.0,24130,33566236.0,34979090,73669252,13083372,8408,9251,85.1,65.5
2194,12,14,4,85.3,244883.0,172142.0,55139,22146652.0,34979090,73669252,13083372,13279,24106,69.9,28.4
2195,12,14,5,51.6,185396.0,113976.0,21366,24426942.0,34979090,73669252,13083372,17161,11985,52.5,77.3
2196,12,14,6,77.1,124321.0,108933.0,34055,27392751.0,34979090,73669252,13083372,22024,11535,37.6,43.9
2197,12,15,1,81.3,6197.0,5111.0,1152,673453.0,903164,1871121,254965,1108,297,60.2,25.2
2198,12,15,2,48.3,6488.0,3721.0,678,585740.0,903164,1871121,254965,885,111,43.0,82.0
2199,12,15,3,81.3,7264.0,5177.0,1313,697692.0,903164,1871121,254965,1126,164,52.5,58.1
2200,12,15,4,54.7,4590.0,3244.0,641,758942.0,903164,1871121,254965,264,196,48.1,43.2
2201,12,15,5,79.5,8653.0,4585.0,848,810437.0,903164,1871121,254965,995,535,61.9,66.7
2202,12,15,6,94.7,5082.0,2177.0,388,883083.0,903164,1871121,254965,252,80,76.6,69.0
2203,12,16,1,58.6,4478.0,2974.0,935,795454.0,983199,2031898,378978,260,262,28.8,40.4
2204,12,16,2,48.7,2298.0,1466.0,304,691975.0,983199,2031898,378978,251,75,34.0,79.6
2205,12,16,3,40.2,1951.0,1657.0,273,802223.0,983199,2031898,378978,144,260,50.4,82.4
2206,12,16,4,49.7,8172.0,7334.0,2480,953077.0,983199,2031898,378978,786,550,76.8,63.8
2207,12,16,5,39.5,5080.0,3762.0,1232,595483.0,983199,2031898,378978,855,244,46.9,97.2
2208,12,16,6,86.3,6891.0,,1805,652816.0,983199,2031898,378978,1135,307,65.2,58.8
2209,12,17,1,81.4,1757.0,893.0,288,201563.0,309300,683910,101334,203,88,66.3,75.8
2210,12,17,2,76.4,1650.0,953.0,332,237908.0,309300,683910,101334,111,114,45.4,37.0
2211,12,17,3,37.7,1301.0,772.0,155,245588.0,309300,683910,101334,91,44,54.0,86.1
2212,12,17,4,86.8,1792.0,870.0,189,258813.0,309300,683910,101334,47,100,57.9,52.1
2213,12,17,5,94.3,710.0,322.0,40,295019.0,309300,683910,101334,35,30,51.0,51.4
2214,12,17,6,93.7,2029.0,1235.0,333,249538.0,309300,683910,101334,214,187,68.6,73.9
2215,12,18,1,56.2,4746.0,3834.0,677,495456.0,572991,1213603,211927,910,246,72.7,68.4
2216,12,18,2,74.0,3027.0,1921.0,209,351272.0,572991,1213603,211927,158,251,27.1,34.5
2217,12,18,3,89.3,3817.0,2717.0,408,382323.0,572991,1213603,211927,483,170,85.4,41.8
2218,12,18,4,76.1,2982.0,1219.0,218,354363.0,572991,1213603,211927,211,203,29.0,12.5
2219,12,18,5,41.9,6007.0,3911.0,792,358494.0,572991,1213603,211927,808,685,58.7,31.4
2220,12,18,6,58.2,3179.0,2238.0,678,352858.0,572991,1213603,211927,322,347,54.6,76.0
2221,12,19,1,95.0,131709.0,73287.0,7414,8367085.0,11878607,26959677,5502700,9466,5048,39.8,61.5
2222,12,19,2,72.9,125520.0,81006.0,19060,10255179.0,11878607,26959677,5502700,14344,14466,38.1,73.7
2223,12,19,3,54.9,61544.0,47917.0,12393,10201944.0,11878607,26959677,5502700,4024,5941,68.7,32.8
2224,12,19,4,52.2,93974.0,78511.0,9574,9609314.0,11878607,26959677,5502700,17465,10564,34.3,59.8
2225,12,19,5,71.3,28936.0,,3080,8906498.0,11878607,26959677,5502700,2670,518,43.6,46.1
2226,12,19,6,50.3,29639.0,17248.0,2668,8329785.0,11878607,26959677,5502700,958,2093,64.2,76.3
2227,12,20,1,67.0,44025.0,18778.0,4912,6730835.0,7655938,16619360,4051383,2079,1515,47.4,49.8
2228,12,20,2,62.7,68220.0,31444.0,9894,6740690.0,7655938,16619360,4051383,6852,4383,28.8,46.1
2229,12,20,3,49.8,18817.0,12859.0,2377,5625990.0,7655938,16619360,4051383,2686,2107,27.7,57.6
2230,12,20,4,76.6,58968.0,39568.0,10827,6373184.0,7655938,16619360,4051383,3557,3059,66.3,54.0
2231,12,20,5,94.6,76439.0,43718.0,11239,5417947.0,7655938,16619360,4051383,9510,6303,31.6,37.1
2232,12,20,6,53.1,40500.0,29104.0,4283,4748132.0,7655938,16619360,4051383,3748,1446,42.5,94.4
2233,12,21,1,69.2,70633.0,29525.0,7870,18981203.0,20819217,50795038,8512971,3274,2490,74.4,9.1
2234,12,21,2,36.8,144329.0,120545.0,20858,16354957.0,20819217,50795038,8512971,22666,9692,22.3,40.8
2235,12,21,3,86.2,134277.0,94360.0,18959,15599706.0,20819217,50795038,8512971,7305,6264,20.6,69.3
2236,12,21,4,61.6,82606.0,66303.0,13881,17801317.0,20819217,50795038,8512971,13747,6089,35.1,64.3
2237,12,21,5,70.2,70069.0,37944.0,12539,16508108.0,20819217,50795038,8512971,4349,6304,23.0,42.5
2238,12,21,6,75.1,219259.0,147766.0,38219,15067130.0,20819217,50795038,8512971,12686,13827,45.9,57.6
2239,12,22,1,82.0,926.0,578.0,127,157186.0,176113,425723,62354,138,75,56.2,72.2
2240,12,22,2,66.4,648.0,289.0,58,118672.0,176113,425723,62354,45,44,41.8,65.0
2241,12,22,3,37.9,376.0,167.0,41,171415.0,176113,425723,62354,22,8,24.2,99.8
2242,12,22,4,41.4,1716.0,861.0,146,,176113,425723,62354,164,72,49.6,48.5
2243,12,22,5,77.2,508.0,450.0,108,125561.0,176113,425723,62354,82,66,31.2,19.5
2244,12,22,6,37.7,1067.0,660.0,76,136596.0,176113,425723,62354,130,63,34.2,63.7
2245,12,23,1,87.1,85360.0,51625.0,9476,17221737.0,19991751,46474438,10858984,2876,5617,24.9,69.4
2246,12,23,2,60.2,189480.0,145661.0,36591,15016472.0,19991751,46474438,10858984,14370,15816,20.7,83.3
2247,12,23,3,72.3,138374.0,78967.0,16527,13399101.0,19991751,46474438,10858984,14486,5274,47.9,34.7
2248,12,23,4,71.5,40916.0,28959.0,7629,,19991751,46474438,10858984,2026,2806,76.8,15.0
2249,12,23,5,57.5,147500.0,69271.0,10847,16437035.0,19991751,46474438,10858984,3965,5733,54.9,50.8
2250,12,23,6,93.0,174842.0,79986.0,22706,15322165.0,19991751,46474438,10858984,7857,13291,18.5,49.7
2251,12,24,1,54.2,49995.0,34685.0,9696,8285056.0,11824064,23541846,3922322,4791,5909,37.5,70.3
2252,12,24,2,51.0,97108.0,82449.0,16994,7332701.0,11824064,23541846,3922322,7285,12149,45.8,97.4
2253,12,24,3,37.8,22349.0,10974.0,2238,,11824064,23541846,3922322,2314,1528,18.0,61.1
2254,12,24,4,42.8,51977.0,25449.0,8802,10293869.0,11824064,23541846,3922322,3114,2594,46.1,68.5
2255,12,24,5,61.3,106276.0,54669.0,15462,10592847.0,11824064,23541846,3922322,9554,6901,67.9,42.1
2256,12,24,6,50.6,92608.0,74532.0,16491,7565072.0,11824064,23541846,3922322,17001,8474,56.0,31.5
2257,12,25,1,65.2,10446.0,6671.0,1633,697046.0,1038568,2482092,390848,680,879,18.4,48.9
2258,12,25,2,90.4,6390.0,3754.0,794,671193.0,1038568,2482092,390848,776,417,74.9,45.7
2259,12,25,3,66.1,2986.0,2634.0,586,651179.0,1038568,2482092,390848,357,379,60.0,82.2
2260,12,25,4,49.0,5275.0,4042.0,599,688261.0,1038568,2482092,390848,536,666,55.9,52.3
2261,12,25,5,75.2,2482.0,1236.0,184,978410.0,1038568,2482092,390848,306,197,52.2,63.5
2262,12,25,6,95.1,9672.0,7375.0,1080,738815.0,1038568,2482092,390848,1647,962,47.6,60.6
2263,12,26,1,64.5,574552.0,283557.0,57018,50362904.0,60894112,138797508,29438593,35872,15853,69.4,86.4
2264,12,26,2,59.0,455297.0,341998.0,118972,50459666.0,60894112,138797508,29438593,34177,52903,25.9,55.1
2265,12,26,3,73.3,616698.0,455416.0,117033,56138011.0,60894112,138797508,29438593,54515,20325,50.5,41.1
2266,12,26,4,54.3,616316.0,421489.0,116106,44215442.0,60894112,138797508,29438593,86393,21765,,78.6
2267,12,26,5,79.2,521968.0,242098.0,67841,40264265.0,60894112,138797508,29438593,18169,42314,42.2,21.3
2268,12,26,6,49.3,402868.0,249094.0,77747,44974210.0,60894112,138797508,29438593,19977,42565,30.3,81.8
2269,12,27,1,51.5,20593.0,12629.0,3271,4306832.0,5756412,11859138,1601217,1596,1407,11.3,63.0
2270,12,27,2,45.8,31579.0,25445.0,6864,3533391.0,5756412,11859138,1601217,1358,3835,58.6,60.7
2271,12,27,3,61.3,21164.0,13002.0,2424,3639788.0,5756412,11859138,1601217,2499,1747,46.5,65.7
2272,12,27,4,94.6,16965.0,11007.0,2547,3787642.0,5756412,11859138,1601217,676,1081,41.5,64.5
2273,12,27,5,90.6,44037.0,20619.0,5086,4593645.0,5756412,11859138,1601217,1311,3329,57.6,59.8
2274,12,27,6,63.7,59911.0,44464.0,12938,4594245.0,5756412,11859138,1601217,2566,4717,21.9,54.0
2275,12,28,1,78.8,57925.0,40459.0,11171,19545960.0,23921509,55582417,13643945,9475,2957,51.6,36.2
2276,12,28,2,52.5,220933.0,125768.0,16354,22153892.0,23921509,55582417,13643945,20791,12993,,0.0
2277,12,28,3,70.8,49937.0,31201.0,6093,21655753.0,23921509,55582417,13643945,3819,2270,37.7,69.1
2278,12,28,4,52.9,208398.0,137485.0,43051,16342488.0,23921509,55582417,13643945,30623,10307,28.4,21.0
2279,12,28,5,64.1,194193.0,145082.0,23230,21555905.0,23921509,55582417,13643945,35125,22517,43.7,34.3
2280,12,28,6,83.4,188352.0,122662.0,16021,15106697.0,23921509,55582417,13643945,8668,15676,77.1,73.5
2281,12,29,1,40.2,76414.0,35210.0,5718,6474705.0,8850987,18264393,3751308,2587,5553,65.4,20.3
2282,12,29,2,54.0,39375.0,17458.0,5573,6437783.0,8850987,18264393,3751308,1407,625,29.8,64.5
2283,12,29,3,56.4,20304.0,10414.0,1627,5443496.0,8850987,18264393,3751308,1185,1348,57.9,59.3
2284,12,29,4,86.9,64130.0,54506.0,13023,6374137.0,8850987,18264393,3751308,11980,4911,41.7,56.4
2285,12,29,5,38.4,82690.0,58319.0,16309,5379975.0,8850987,18264393,3751308,9338,4397,,73.7
2286,12,29,6,66.9,58800.0,32532.0,4565,5604188.0,8850987,18264393,3751308,7760,2568,49.1,42.2
2287,12,30,1,40.7,29320.0,19869.0,4364,2982452.0,3325167,7659158,1208278,3489,1029,15.9,90.3
2288,12,30,2,41.2,28319.0,11876.0,2938,2070770.0,3325167,7659158,1208278,1493,725,38.8,45.9
2289,12,30,3,56.9,10574.0,5401.0,1671,3020632.0,3325167,7659158,1208278,1153,227,9.6,49.2
2290,12,30,4,40.8,36836.0,25071.0,3260,2579151.0,3325167,7659158,1208278,1578,4284,80.7,56.7
2291,12,30,5,88.9,13876.0,8552.0,1789,2155171.0,3325167,7659158,1208278,1769,768,45.9,49.1
2292,12,30,6,80.2,21389.0,16960.0,3654,2302148.0,3325167,7659158,1208278,2944,1738,39.8,71.8
2293,12,31,1,50.9,485.0,194.0,34,55589.0,87333,168547,29417,24,10,51.9,72.0
2294,12,31,2,93.9,217.0,112.0,25,70884.0,87333,168547,29417,15,7,40.0,63.9
2295,12,31,3,86.0,253.0,,13,,87333,168547,29417,12,17,34.2,25.3
2296,12,31,4,37.3,584.0,314.0,68,52983.0,87333,168547,29417,51,35,49.0,55.7
2297,12,31,5,97.9,207.0,,21,62025.0,87333,168547,29417,10,5,37.8,47.1
2298,12,31,6,60.2,220.0,196.0,54,68322.0,87333,168547,29417,47,15,54.2,40.8
2299,12,32,1,76.6,3706.0,2375.0,272,328227.0,402538,918335,204825,254,121,41.1,55.2
2300,12,32,2,61.7,3852.0,2567.0,858,365415.0,402538,918335,204825,134,432,33.2,71.3
2301,12,32,3,50.4,1476.0,774.0,159,363541.0,402538,918335,204825,174,34,70.9,35.2
2302,12,32,4,79.9,2899.0,1868.0,588,363521.0,402538,918335,204825,354,308,62.2,83.2
2303,12,32,5,83.9,1110.0,665.0,159,318155.0,402538,918335,204825,42,84,24.7,61.7
2304,12,32,6,45.6,863.0,417.0,93,249393.0,402538,918335,204825,40,13,25.4,72.9
2305,13,1,1,96.3,,65164.0,14464,14901127.0,15637787,30142965,6264100,9911,2927,42.9,82.3
2306,13,1,2,83.2,32392.0,22792.0,6639,10489047.0,15637787,30142965,6264100,4390,3230,70.8,73.2
2307,13,1,3,48.3,78177.0,59323.0,8817,13979049.0,15637787,30142965,6264100,7829,3527,61.8,68.2
2308,13,1,4,74.3,81694.0,56279.0,6133,10008025.0,15637787,30142965,6264100,3532,7655,69.5,48.0
2309,13,1,5,70.3,30507.0,12520.0,3520,9459161.0,15637787,30142965,6264100,2645,2097,51.4,60.9
2310,13,1,6,93.9,,128973.0,18690,10417503.0,15637787,30142965,6264100,17734,19425,34.3,67.1
2311,13,2,1,68.3,1617.0,1025.0,161,368017.0,407736,893699,172145,219,154,44.4,53.0
2312,13,2,2,71.8,4672.0,1876.0,365,260834.0,407736,893699,172145,235,73,34.8,31.4
2313,13,2,3,56.7,3182.0,2065.0,292,313301.0,407736,893699,172145,136,354,61.4,66.1
2314,13,2,4,93.6,2134.0,1324.0,242,269098.0,407736,893699,172145,172,144,30.9,42.2
2315,13,2,5,69.5,4058.0,3185.0,562,379853.0,407736,893699,172145,468,359,73.0,63.9
2316,13,2,6,77.4,,3716.0,450,246962.0,407736,893699,172145,698,235,41.3,47.3
2317,13,3,1,50.9,75014.0,49420.0,7271,5510286.0,8564657,22176575,3614404,6664,5552,15.1,84.3
2318,13,3,2,77.1,58107.0,41597.0,10837,8230594.0,8564657,22176575,3614404,10185,3681,51.4,71.3
2319,13,3,3,68.5,21586.0,14691.0,2313,7217155.0,8564657,22176575,3614404,2129,1928,34.4,54.3
2320,13,3,4,47.7,65958.0,43938.0,12362,6716734.0,8564657,22176575,3614404,4391,6833,36.1,59.5
2321,13,3,5,90.9,26862.0,11413.0,3351,7995701.0,8564657,22176575,3614404,2638,552,32.4,43.6
2322,13,3,6,79.1,59279.0,24813.0,6257,8284010.0,8564657,22176575,3614404,6072,3246,38.3,46.3
2323,13,4,1,66.1,192489.0,149001.0,42487,27439660.0,36417270,77701813,12299169,10319,11816,47.9,32.8
2324,13,4,2,37.8,265191.0,152027.0,28740,23546918.0,36417270,77701813,12299169,13519,5491,44.3,63.5
2325,13,4,3,57.1,168987.0,149034.0,26528,25050466.0,36417270,77701813,12299169,18942,19941,39.4,18.5
2326,13,4,4,97.5,349775.0,306141.0,36308,29149476.0,36417270,77701813,12299169,65953,44691,13.3,51.3
2327,13,4,5,92.3,373397.0,241124.0,38867,24677986.0,36417270,77701813,12299169,47488,15078,36.0,15.6
2328,13,4,6,52.4,100807.0,75316.0,21307,24236104.0,36417270,77701813,12299169,4778,3258,73.1,32.5
2329,13,5,1,74.5,79039.0,32437.0,8128,5268844.0,8773672,17505493,3569080,4886,2685,77.4,19.1
2330,13,5,2,63.0,45677.0,38683.0,9268,5396877.0,8773672,17505493,3569080,4623,5023,56.3,57.4
2331,13,5,3,64.7,29236.0,23510.0,2553,8518338.0,8773672,17505493,3569080,4751,1878,33.2,50.7
2332,13,5,4,90.3,17944.0,8708.0,1372,5961395.0,8773672,17505493,3569080,2112,808,62.6,39.7
2333,13,5,5,43.7,78477.0,46148.0,5194,6889422.0,8773672,17505493,3569080,6106,5311,38.8,33.0
2334,13,5,6,48.3,81053.0,35444.0,9121,6677343.0,8773672,17505493,3569080,3068,1759,49.2,62.4
2335,13,6,1,77.8,2481.0,2232.0,769,439169.0,449110,923274,174566,416,383,19.3,41.5
2336,13,6,2,90.8,,1866.0,537,413240.0,449110,923274,174566,106,224,36.5,88.5
2337,13,6,3,73.5,3350.0,1826.0,246,319783.0,449110,923274,174566,264,133,68.0,36.2
2338,13,6,4,74.5,1465.0,884.0,234,346436.0,449110,923274,174566,102,97,56.5,34.6
2339,13,6,5,78.8,1792.0,1109.0,227,417451.0,449110,923274,174566,69,105,29.1,55.2
2340,13,6,6,98.4,3606.0,2609.0,759,344515.0,449110,923274,174566,543,330,82.8,68.3
2341,13,7,1,55.8,48454.0,32631.0,7765,14819760.0,17747123,40364133,9342549,2128,2693,71.9,58.8
2342,13,7,2,48.8,143073.0,73630.0,8841,12456602.0,17747123,40364133,9342549,3742,8481,24.0,46.3
2343,13,7,3,70.0,55015.0,31729.0,7194,15462091.0,17747123,40364133,9342549,6428,2363,60.8,81.9
2344,13,7,4,49.3,201917.0,144663.0,48707,15486755.0,17747123,40364133,9342549,27073,14715,54.2,21.0
2345,13,7,5,44.1,204517.0,111229.0,22647,,17747123,40364133,9342549,10295,13447,71.2,76.8
2346,13,7,6,45.6,172033.0,127464.0,26345,11716324.0,17747123,40364133,9342549,29660,18478,60.8,69.0
2347,13,8,1,58.9,41552.0,17626.0,3339,5207602.0,8486591,16847995,3621167,2764,1508,34.9,53.5
2348,13,8,2,75.7,66293.0,29045.0,4152,8193391.0,8486591,16847995,3621167,1612,2943,57.0,62.9
2349,13,8,3,44.7,64715.0,43871.0,7852,5698396.0,8486591,16847995,3621167,5579,7045,77.7,66.2
2350,13,8,4,39.7,46776.0,19071.0,3188,6887876.0,8486591,16847995,3621167,4676,1959,54.8,44.4
2351,13,8,5,81.2,24752.0,11435.0,2321,5762834.0,8486591,16847995,3621167,823,594,16.4,63.0
2352,13,8,6,55.6,59671.0,40071.0,7433,6691052.0,8486591,16847995,3621167,2018,3363,38.4,38.8
2353,13,9,1,96.4,19851.0,10040.0,3312,1710919.0,1890884,4293122,660327,579,321,77.1,78.5
2354,13,9,2,38.3,18670.0,13102.0,3930,1758400.0,1890884,4293122,660327,1587,1165,48.2,45.8
2355,13,9,3,41.9,8649.0,6153.0,1283,1727644.0,1890884,4293122,660327,1440,407,54.0,61.6
2356,13,9,4,95.1,5518.0,4624.0,1276,1348645.0,1890884,4293122,660327,637,558,42.2,28.1
2357,13,9,5,81.1,18811.0,14545.0,3989,1487358.0,1890884,4293122,660327,736,651,56.4,55.0
2358,13,9,6,89.7,4917.0,3325.0,656,1657273.0,1890884,4293122,660327,298,288,,85.3
2359,13,10,1,79.3,71440.0,32385.0,9366,7870391.0,10331118,22447759,3792069,4386,1581,46.1,68.2
2360,13,10,2,60.4,50696.0,28574.0,4512,7110819.0,10331118,22447759,3792069,2150,5135,62.8,66.5
2361,13,10,3,61.3,26946.0,21850.0,2610,8814836.0,10331118,22447759,3792069,1436,3857,56.0,54.8
2362,13,10,4,39.2,97543.0,61550.0,14193,7133901.0,10331118,22447759,3792069,10515,11056,47.1,43.6
2363,13,10,5,88.9,43540.0,26789.0,7500,6889588.0,10331118,22447759,3792069,3528,1611,52.5,61.7
2364,13,10,6,75.1,76765.0,48070.0,11752,8207865.0,10331118,22447759,3792069,10422,4513,56.5,7.7
2365,13,11,1,60.3,,43017.0,12278,13433540.0,17592136,40351554,5564251,5898,6795,30.0,50.7
2366,13,11,2,67.6,154509.0,121333.0,12518,16426846.0,17592136,40351554,5564251,28500,20911,47.9,61.4
2367,13,11,3,76.4,66565.0,46193.0,14155,13843749.0,17592136,40351554,5564251,3602,6586,50.2,75.9
2368,13,11,4,90.4,145424.0,111113.0,36238,15634514.0,17592136,40351554,5564251,5824,16214,64.6,24.7
2369,13,11,5,69.4,111467.0,79129.0,20752,13187481.0,17592136,40351554,5564251,18575,7204,56.9,33.5
2370,13,11,6,53.7,169381.0,91171.0,20515,11967325.0,17592136,40351554,5564251,13066,3235,53.9,69.3
2371,13,12,1,57.1,63242.0,43772.0,10734,5902933.0,9719298,20235335,3228825,7232,5531,63.3,59.7
2372,13,12,2,70.1,28036.0,11505.0,2094,8364203.0,9719298,20235335,3228825,717,2006,36.4,26.4
2373,13,12,3,95.1,53733.0,22706.0,6149,,9719298,20235335,3228825,4771,3815,52.7,60.5
2374,13,12,4,90.4,59076.0,32010.0,3726,6040386.0,9719298,20235335,3228825,7049,1697,48.4,64.4
2375,13,12,5,51.3,100790.0,69980.0,8813,7590929.0,9719298,20235335,3228825,6386,5794,54.1,88.6
2376,13,12,6,88.3,53614.0,25013.0,4071,7380392.0,9719298,20235335,3228825,1394,2411,54.9,54.2
2377,13,13,1,70.1,232553.0,179199.0,58009,21524510.0,24265992,50450484,8223310,33228,19591,58.7,55.2
2378,13,13,2,79.0,245801.0,197802.0,30819,17833223.0,24265992,50450484,8223310,40291,18906,61.4,48.8
2379,13,13,3,69.1,159817.0,92979.0,19494,17055178.0,24265992,50450484,8223310,10863,4378,55.0,52.0
2380,13,13,4,84.8,178232.0,142157.0,40379,17083136.0,24265992,50450484,8223310,31295,5758,71.9,79.0
2381,13,13,5,89.8,208978.0,160745.0,41608,18512847.0,24265992,50450484,8223310,21697,28849,61.7,31.1
2382,13,13,6,39.9,122363.0,96892.0,19472,18533703.0,24265992,50450484,8223310,8158,7784,71.9,53.7
2383,13,14,1,62.8,66274.0,33415.0,8123,24435188.0,30227667,74774612,12547142,2794,3513,65.8,42.9
2384,13,14,2,70.2,267530.0,190431.0,45401,19973669.0,30227667,74774612,12547142,14615,21434,82.4,29.0
2385,13,14,3,77.0,337053.0,217249.0,25874,25578284.0,30227667,74774612,12547142,26413,18729,22.1,92.5
2386,13,14,4,64.5,192867.0,99908.0,33366,20772656.0,30227667,74774612,12547142,24063,14073,,85.6
2387,13,14,5,78.5,177092.0,,37083,22141769.0,30227667,74774612,12547142,7384,9293,86.8,58.1
2388,13,14,6,37.0,207076.0,117907.0,26408,28134766.0,30227667,74774612,12547142,16774,13838,63.8,26.6
2389,13,15,1,65.3,6575.0,4827.0,554,568951.0,881774,1878600,308971,770,424,29.9,41.7
2390,13,15,2,64.3,9270.0,5131.0,1162,635047.0,881774,1878600,308971,784,521,73.3,60.3
2391,13,15,3,62.2,7791.0,4595.0,651,808042.0,881774,1878600,308971,1096,356,61.9,53.3
2392,13,15,4,45.5,3530.0,2120.0,621,690574.0,881774,1878600,308971,411,362,63.1,66.9
2393,13,15,5,86.8,3557.0,,596,659858.0,881774,1878600,308971,378,245,48.5,67.2
2394,13,15,6,50.2,3512.0,2678.0,565,850475.0,881774,1878600,308971,565,255,81.4,62.9
2395,13,16,1,79.2,9482.0,6080.0,1591,807384.0,971570,2031089,432512,1219,233,52.6,16.1
2396,13,16,2,66.4,5343.0,2250.0,310,,971570,2031089,432512,272,153,62.7,56.7
2397,13,16,3,75.5,1860.0,1225.0,241,832147.0,971570,2031089,432512,241,130,28.6,58.4
2398,13,16,4,71.5,8348.0,6923.0,2240,886467.0,971570,2031089,432512,732,777,34.5,37.9
2399,13,16,5,97.5,9819.0,6879.0,1883,846002.0,971570,2031089,432512,967,540,27.6,80.3
2400,13,16,6,60.1,2873.0,1612.0,237,702302.0,971570,2031089,432512,363,239,31.9,48.8
2401,13,17,1,45.3,1342.0,1104.0,314,294632.0,316028,701912,159832,208,141,34.1,71.1
2402,13,17,2,49.6,1776.0,1588.0,328,265665.0,316028,701912,159832,348,83,76.8,58.8
2403,13,17,3,93.5,3170.0,1899.0,559,212786.0,316028,701912,159832,225,268,53.9,79.6
2404,13,17,4,88.4,2062.0,1006.0,131,213684.0,316028,701912,159832,120,90,40.4,49.9
2405,13,17,5,91.0,1772.0,1568.0,511,297987.0,316028,701912,159832,281,101,65.3,60.0
2406,13,17,6,83.1,2513.0,1972.0,254,189965.0,316028,701912,159832,448,106,42.8,51.2
2407,13,18,1,80.7,,685.0,197,393188.0,593500,1256506,245364,83,84,2.8,57.3
2408,13,18,2,105.9,6549.0,4935.0,1189,483234.0,593500,1256506,245364,554,619,44.6,74.2
2409,13,18,3,67.2,5906.0,4807.0,964,457388.0,593500,1256506,245364,559,748,44.7,49.2
2410,13,18,4,96.7,3149.0,1848.0,533,435986.0,593500,1256506,245364,188,225,59.5,72.1
2411,13,18,5,80.1,6390.0,2934.0,928,426789.0,593500,1256506,245364,258,313,46.8,69.2
2412,13,18,6,70.8,2356.0,1245.0,322,533233.0,593500,1256506,245364,97,55,62.0,40.3
2413,13,19,1,75.0,111658.0,83024.0,20141,12417525.0,12705062,25911203,5294610,6463,7051,,69.3
2414,13,19,2,75.6,125946.0,63670.0,6542,9310425.0,12705062,25911203,5294610,5662,7219,33.4,24.3
2415,13,19,3,73.9,118340.0,81769.0,20644,8140639.0,12705062,25911203,5294610,8514,13710,52.5,53.6
2416,13,19,4,82.5,31262.0,25165.0,4714,10340824.0,12705062,25911203,5294610,2423,1784,35.4,49.0
2417,13,19,5,71.9,34879.0,19966.0,4268,8865877.0,12705062,25911203,5294610,3647,1967,33.4,84.8
2418,13,19,6,96.0,119041.0,74764.0,20131,10404365.0,12705062,25911203,5294610,18646,4180,41.2,21.3
2419,13,20,1,93.4,42535.0,35052.0,5358,5331501.0,8569696,16844790,2673252,4551,1820,36.1,82.6
2420,13,20,2,63.3,69908.0,37061.0,4704,6713198.0,8569696,16844790,2673252,-6399,1630,62.6,100.0
2421,13,20,3,63.6,39103.0,16692.0,3587,5416716.0,8569696,16844790,2673252,1762,822,43.9,45.3
2422,13,20,4,95.9,17000.0,14824.0,2791,5668225.0,8569696,16844790,2673252,1279,974,63.0,51.2
2423,13,20,5,65.5,31370.0,25383.0,8509,8206574.0,8569696,16844790,2673252,4173,3451,23.0,49.5
2424,13,20,6,45.6,70305.0,56419.0,9937,8358350.0,8569696,16844790,2673252,11516,4709,91.2,96.1
2425,13,21,1,65.8,201772.0,160044.0,25735,19389721.0,23658012,49447942,9837202,26027,26251,52.4,75.1
2426,13,21,2,92.5,,137093.0,45564,20179333.0,23658012,49447942,9837202,11780,11583,72.7,45.1
2427,13,21,3,69.4,74041.0,36094.0,7859,14704452.0,23658012,49447942,9837202,7136,1258,46.9,56.1
2428,13,21,4,60.8,49414.0,42678.0,6679,19885815.0,23658012,49447942,9837202,8798,5099,61.7,29.2
2429,13,21,5,60.4,215780.0,138500.0,48043,22789515.0,23658012,49447942,9837202,10817,14541,56.3,33.3
2430,13,21,6,68.8,213919.0,165268.0,55142,14705654.0,23658012,49447942,9837202,26070,23141,68.0,64.6
2431,13,22,1,51.9,372.0,276.0,69,122072.0,180411,388153,85246,62,15,72.7,53.7
2432,13,22,2,65.9,1715.0,1313.0,402,158142.0,180411,388153,85246,256,140,48.1,45.5
2433,13,22,3,51.1,1333.0,627.0,143,122415.0,180411,388153,85246,137,102,51.1,54.4
2434,13,22,4,76.5,,,118,147230.0,180411,388153,85246,161,46,25.2,51.4
2435,13,22,5,83.1,771.0,654.0,124,139930.0,180411,388153,85246,64,75,8.3,3.4
2436,13,22,6,85.1,470.0,198.0,35,133871.0,180411,388153,85246,16,34,15.8,41.1
2437,13,23,1,37.6,63092.0,32161.0,7135,16292439.0,21143088,45923856,8004369,6812,2472,54.7,66.7
2438,13,23,2,74.7,48666.0,22237.0,2448,18392136.0,21143088,45923856,8004369,5005,710,50.5,73.0
2439,13,23,3,72.6,229759.0,154968.0,19294,20001045.0,21143088,45923856,8004369,30466,5749,70.6,49.7
2440,13,23,4,51.3,61353.0,54820.0,11465,12903651.0,21143088,45923856,8004369,4871,3816,63.2,29.6
2441,13,23,5,75.0,66036.0,35356.0,7069,13907883.0,21143088,45923856,8004369,6152,2271,46.8,70.4
2442,13,23,6,49.1,208785.0,186971.0,52460,14276897.0,21143088,45923856,8004369,25743,13178,33.6,65.9
2443,13,24,1,47.8,63741.0,56069.0,7237,9374450.0,10893096,23417622,4653785,13353,3341,56.4,36.2
2444,13,24,2,55.2,100108.0,74018.0,9341,9847658.0,10893096,23417622,4653785,9259,6610,61.4,20.2
2445,13,24,3,43.6,64988.0,34014.0,4230,9017815.0,10893096,23417622,4653785,5199,3668,12.3,51.1
2446,13,24,4,49.0,70568.0,43260.0,10230,6704154.0,10893096,23417622,4653785,4449,6426,30.6,34.4
2447,13,24,5,66.8,39395.0,29753.0,8065,8149402.0,10893096,23417622,4653785,2198,3151,67.6,27.5
2448,13,24,6,43.1,54567.0,40187.0,4417,8251330.0,10893096,23417622,4653785,2691,2419,77.1,32.9
2449,13,25,1,90.3,7279.0,4236.0,1142,928150.0,1045732,2490380,548974,403,564,48.9,19.4
2450,13,25,2,49.4,2946.0,2646.0,491,,1045732,2490380,548974,599,296,49.7,41.0
2451,13,25,3,42.4,3634.0,1880.0,595,914701.0,1045732,2490380,548974,122,131,48.9,67.3
2452,13,25,4,35.6,7281.0,5735.0,864,954049.0,1045732,2490380,548974,418,521,48.6,0.0
2453,13,25,5,50.9,10780.0,8869.0,2410,710502.0,1045732,2490380,548974,2136,1004,74.4,36.0
2454,13,25,6,79.1,10613.0,8859.0,3079,919349.0,1045732,2490380,548974,928,727,47.6,92.1
2455,13,26,1,84.0,349068.0,,19899,46525848.0,57070535,130861891,20820246,25583,16265,44.0,21.0
2456,13,26,2,63.5,236506.0,106935.0,15044,41323499.0,57070535,130861891,20820246,20556,16720,81.0,56.0
2457,13,26,3,72.3,358622.0,188219.0,24594,54731978.0,57070535,130861891,20820246,33419,27429,33.0,64.1
2458,13,26,4,72.8,675533.0,522264.0,60707,44592387.0,57070535,130861891,20820246,50823,56920,59.0,72.6
2459,13,26,5,63.0,357318.0,248842.0,45875,41636893.0,57070535,130861891,20820246,14018,25654,56.0,86.7
2460,13,26,6,75.8,148372.0,102890.0,23966,36142168.0,57070535,130861891,20820246,6947,17846,79.2,54.2
2461,13,27,1,78.5,31201.0,20939.0,2911,5293987.0,5449094,11959289,2084242,3260,1558,38.3,36.4
2462,13,27,2,95.7,51818.0,21269.0,4887,4037000.0,5449094,11959289,2084242,4607,3690,51.5,54.2
2463,13,27,3,83.9,23637.0,18112.0,5545,5184375.0,5449094,11959289,2084242,4526,2576,59.5,58.4
2464,13,27,4,94.0,27469.0,24647.0,3915,4379897.0,5449094,11959289,2084242,2458,1248,28.9,73.6
2465,13,27,5,49.7,47559.0,34561.0,10526,4404623.0,5449094,11959289,2084242,6097,6176,30.6,67.6
2466,13,27,6,35.5,11867.0,6405.0,767,4356778.0,5449094,11959289,2084242,1250,552,60.0,54.3
2467,13,28,1,98.7,293834.0,225793.0,64472,21712890.0,27171710,55140042,8187732,18448,14633,67.3,85.1
2468,13,28,2,53.5,155799.0,136273.0,23949,25882512.0,27171710,55140042,8187732,25729,20596,66.5,56.3
2469,13,28,3,47.5,78039.0,31757.0,9059,20485256.0,27171710,55140042,8187732,6560,3904,,40.4
2470,13,28,4,81.8,217544.0,108679.0,36367,24280375.0,27171710,55140042,8187732,16746,15925,42.2,60.0
2471,13,28,5,84.1,,145697.0,15303,18890325.0,27171710,55140042,8187732,23440,18970,60.0,66.2
2472,13,28,6,50.1,168843.0,129162.0,13656,23678778.0,27171710,55140042,8187732,8597,5549,78.2,55.6
2473,13,29,1,39.9,95980.0,66583.0,14332,6334703.0,8139357,19491657,3781573,7032,6373,57.9,21.4
2474,13,29,2,60.7,85832.0,58766.0,15879,7112027.0,8139357,19491657,3781573,3129,8676,54.0,63.8
2475,13,29,3,90.8,47871.0,30068.0,5909,4999329.0,8139357,19491657,3781573,5403,3432,41.2,45.0
2476,13,29,4,59.9,52763.0,,6496,5337730.0,8139357,19491657,3781573,9306,3183,48.0,52.2
2477,13,29,5,61.3,83780.0,36477.0,5587,6559708.0,8139357,19491657,3781573,5077,6000,58.8,34.4
2478,13,29,6,95.1,80278.0,70406.0,16626,7696517.0,8139357,19491657,3781573,10284,8667,20.8,19.1
2479,13,30,1,88.8,30066.0,25430.0,2705,3428272.0,3713823,7599886,1876955,1754,1539,15.8,53.4
2480,13,30,2,81.4,28665.0,23396.0,2654,2655876.0,3713823,7599886,1876955,5727,736,22.1,41.0
2481,13,30,3,68.5,31622.0,18584.0,6411,2624656.0,3713823,7599886,1876955,1996,2763,58.8,64.5
2482,13,30,4,71.2,16010.0,6658.0,1294,3177359.0,3713823,7599886,1876955,726,473,25.5,50.6
2483,13,30,5,50.1,40521.0,23081.0,2785,2764987.0,3713823,7599886,1876955,5408,3013,55.0,98.5
2484,13,30,6,45.0,12573.0,7008.0,816,3184782.0,3713823,7599886,1876955,695,695,55.1,60.9
2485,13,31,1,98.8,882.0,428.0,110,64620.0,84002,181706,39747,42,38,45.8,47.8
2486,13,31,2,48.1,314.0,185.0,28,62517.0,84002,181706,39747,25,13,0.0,73.9
2487,13,31,3,94.0,727.0,374.0,121,57413.0,84002,181706,39747,73,35,79.7,53.0
2488,13,31,4,94.4,745.0,498.0,64,69321.0,84002,181706,39747,41,40,24.1,10.9
2489,13,31,5,81.3,488.0,263.0,28,60925.0,84002,181706,39747,52,47,60.9,88.0
2490,13,31,6,96.3,707.0,415.0,110,55358.0,84002,181706,39747,64,65,29.7,33.6
2491,13,32,1,72.0,2553.0,1344.0,460,229918.0,373310,894069,200222,87,79,54.5,97.3
2492,13,32,2,65.7,4486.0,3312.0,1040,333373.0,373310,894069,200222,634,588,51.2,74.6
2493,13,32,3,97.6,917.0,642.0,123,280409.0,373310,894069,200222,72,96,50.9,46.6
2494,13,32,4,87.5,3249.0,1388.0,370,276309.0,373310,894069,200222,298,212,37.3,37.9
2495,13,32,5,77.5,3164.0,1807.0,377,297036.0,373310,894069,200222,163,252,52.4,44.2
2496,13,32,6,49.3,2047.0,1262.0,362,301904.0,373310,894069,200222,223,92,49.4,39.0
2497,14,1,1,80.5,98472.0,84939.0,28455,14250090.0,15725787,30440308,6088829,18124,4318,72.1,18.7
2498,14,1,2,46.1,132531.0,54986.0,13707,13495822.0,15725787,30440308,6088829,5401,6215,62.9,58.2
2499,14,1,3,88.9,61296.0,45208.0,15350,10899302.0,15725787,30440308,6088829,6243,7828,25.8,52.6
2500,14,1,4,85.1,48223.0,32383.0,6153,14553482.0,15725787,30440308,6088829,7288,2133,78.0,60.3
2501,14,1,5,79.6,118053.0,95376.0,17900,15312253.0,15725787,30440308,6088829,16433,12786,50.6,19.4
2502,14,1,6,69.1,46782.0,30869.0,4723,9720322.0,15725787,30440308,6088829,4251,2381,58.6,41.4
2503,14,2,1,52.2,1848.0,1434.0,493,382122.0,442890,971228,214520,213,132,27.6,30.3
2504,14,2,2,84.4,2527.0,1868.0,338,375251.0,442890,971228,214520,225,136,51.9,15.3
2505,14,2,3,48.0,1336.0,884.0,205,300125.0,442890,971228,214520,134,133,16.4,40.4
2506,14,2,4,83.5,2364.0,1586.0,279,409240.0,442890,971228,214520,93,76,49.0,60.0
2507,14,2,5,91.1,4668.0,3878.0,536,,442890,971228,214520,703,648,61.7,53.9
2508,14,2,6,93.4,,2607.0,712,410673.0,442890,971228,214520,530,234,64.4,36.6
2509,14,3,1,57.7,81684.0,67594.0,21521,,9363495,21965392,4063757,13488,4059,19.8,58.4
2510,14,3,2,65.8,23789.0,14765.0,1887,5901711.0,9363495,21965392,4063757,2165,2584,46.8,47.7
2511,14,3,3,59.1,85417.0,58964.0,9815,7836133.0,9363495,21965392,4063757,12583,10266,,61.2
2512,14,3,4,47.5,97367.0,50578.0,12820,6588002.0,9363495,21965392,4063757,6988,2185,30.4,45.8
2513,14,3,5,85.5,68211.0,55996.0,7355,5801704.0,9363495,21965392,4063757,6050,5067,58.2,61.0
2514,14,3,6,38.6,81202.0,67926.0,10733,5643604.0,9363495,21965392,4063757,5879,2306,59.4,71.7
2515,14,4,1,61.0,307545.0,145246.0,25223,33200565.0,34732495,77998670,17166474,31777,7036,67.0,65.4
2516,14,4,2,92.5,226120.0,156430.0,23231,,34732495,77998670,17166474,37131,7686,38.1,39.4
2517,14,4,3,98.3,176658.0,155819.0,21574,32303621.0,34732495,77998670,17166474,28638,12501,41.1,55.4
2518,14,4,4,82.3,132959.0,79771.0,22310,,34732495,77998670,17166474,14056,11215,35.8,32.4
2519,14,4,5,69.9,,96283.0,28165,23934035.0,34732495,77998670,17166474,23594,4665,30.0,79.9
2520,14,4,6,86.0,349016.0,192015.0,28641,20990229.0,34732495,77998670,17166474,23636,6557,40.3,55.5
2521,14,5,1,72.0,87857.0,53149.0,15377,5120029.0,7259464,17743043,3017381,9544,3386,62.8,72.6
2522,14,5,2,51.1,44453.0,21887.0,4456,6677902.0,7259464,17743043,3017381,3563,3625,60.4,46.2
2523,14,5,3,52.9,79941.0,56726.0,9492,5833581.0,7259464,17743043,3017381,13602,8898,32.7,51.6
2524,14,5,4,37.5,82612.0,49334.0,6804,6575612.0,7259464,17743043,3017381,3175,4464,23.3,38.5
2525,14,5,5,60.8,17114.0,8011.0,2229,5179676.0,7259464,17743043,3017381,471,1107,82.8,93.0
2526,14,5,6,69.4,21585.0,12261.0,1811,5869408.0,7259464,17743043,3017381,1318,876,33.8,70.4
2527,14,6,1,38.7,2593.0,2209.0,665,420384.0,449868,964499,139510,549,200,52.2,83.7
2528,14,6,2,35.3,2437.0,1350.0,231,380577.0,449868,964499,139510,225,54,37.1,93.6
2529,14,6,3,48.1,1300.0,528.0,143,278021.0,449868,964499,139510,59,53,8.8,56.6
2530,14,6,4,97.7,3378.0,2094.0,504,366476.0,449868,964499,139510,422,72,,38.2
2531,14,6,5,86.8,2816.0,1584.0,405,339827.0,449868,964499,139510,177,180,58.0,37.2
2532,14,6,6,54.8,3348.0,2857.0,573,,449868,964499,139510,446,510,30.4,55.0
2533,14,7,1,87.7,58407.0,47742.0,9275,14313558.0,20931704,43138654,8890403,4220,5312,28.1,67.6
2534,14,7,2,37.8,169961.0,94463.0,21427,13111987.0,20931704,43138654,8890403,19833,5123,68.7,63.0
2535,14,7,3,131.0,,35911.0,4554,13106460.0,20931704,43138654,8890403,3573,1078,52.1,90.7
2536,14,7,4,97.1,37577.0,26051.0,4469,19811308.0,20931704,43138654,8890403,1913,2819,38.3,37.0
2537,14,7,5,51.4,165873.0,84726.0,29522,15391172.0,20931704,43138654,8890403,16450,11053,36.6,33.2
2538,14,7,6,85.3,197196.0,136756.0,45713,18386646.0,20931704,43138654,8890403,31672,9290,61.6,88.9
2539,14,8,1,85.2,20395.0,16261.0,4583,7129293.0,7956700,16186152,3729569,1881,1968,58.6,35.5
2540,14,8,2,52.9,34380.0,19985.0,3100,6378291.0,7956700,16186152,3729569,3925,1462,62.1,56.4
2541,14,8,3,40.2,38302.0,30107.0,4304,5138168.0,7956700,16186152,3729569,4020,3362,35.2,34.3
2542,14,8,4,55.6,27581.0,16994.0,3390,7294093.0,7956700,16186152,3729569,2825,1359,38.8,84.3
2543,14,8,5,68.3,66357.0,44615.0,14771,6329651.0,7956700,16186152,3729569,7103,7791,23.1,41.6
2544,14,8,6,46.8,37706.0,31257.0,7046,6618160.0,7956700,16186152,3729569,3703,1193,55.2,66.1
2545,14,9,1,96.8,17799.0,,1529,1264500.0,1774927,4261411,690758,1019,807,22.6,46.1
2546,14,9,2,85.9,13735.0,11841.0,3482,1392361.0,1774927,4261411,690758,1111,2012,31.4,60.0
2547,14,9,3,76.1,,7315.0,1239,1308627.0,1774927,4261411,690758,1818,643,54.7,91.5
2548,14,9,4,76.5,14826.0,6776.0,1821,1111156.0,1774927,4261411,690758,1432,1151,53.2,35.4
2549,14,9,5,60.7,8987.0,6503.0,706,1322552.0,1774927,4261411,690758,553,453,58.2,67.0
2550,14,9,6,81.3,15328.0,12402.0,4108,1474656.0,1774927,4261411,690758,2794,1828,60.8,60.5
2551,14,10,1,50.1,34691.0,21020.0,5772,10267067.0,11076220,23036229,3266351,2952,2932,42.2,43.6
2552,14,10,2,88.0,89591.0,43587.0,8244,9816927.0,11076220,23036229,3266351,8258,3564,52.6,65.6
2553,14,10,3,38.9,51001.0,23942.0,7364,9599200.0,11076220,23036229,3266351,1699,3076,49.5,88.2
2554,14,10,4,46.2,36104.0,18449.0,2643,9049402.0,11076220,23036229,3266351,3716,2279,26.0,78.0
2555,14,10,5,62.9,65867.0,52311.0,7889,10739100.0,11076220,23036229,3266351,12889,8456,,64.8
2556,14,10,6,70.3,113772.0,63298.0,12654,8831932.0,11076220,23036229,3266351,5948,8737,62.6,62.4
2557,14,11,1,64.0,167816.0,81581.0,19744,17489738.0,19263427,39337138,9335412,7209,5363,63.9,50.4
2558,14,11,2,49.0,49875.0,23573.0,5233,17355636.0,19263427,39337138,9335412,5186,1012,100.0,99.0
2559,14,11,3,39.0,127722.0,60696.0,13290,17603686.0,19263427,39337138,9335412,6069,2038,49.7,36.6
2560,14,11,4,72.0,80981.0,45269.0,12200,18109969.0,19263427,39337138,9335412,3499,4439,68.0,46.8
2561,14,11,5,64.1,142770.0,91114.0,9435,15742284.0,19263427,39337138,9335412,20359,13027,56.6,47.1
2562,14,11,6,43.0,123214.0,64365.0,9825,17921018.0,19263427,39337138,9335412,11531,9939,35.3,48.9
2563,14,12,1,45.8,72898.0,53663.0,15330,7242228.0,9053187,22010935,4140588,11717,5707,43.0,91.7
2564,14,12,2,98.2,51962.0,21480.0,3873,8802848.0,9053187,22010935,4140588,2418,3505,,100.0
2565,14,12,3,39.9,106751.0,91700.0,18733,5655823.0,9053187,22010935,4140588,10360,9664,52.4,23.0
2566,14,12,4,78.1,21004.0,16342.0,2962,7594677.0,9053187,22010935,4140588,1792,679,54.5,49.3
2567,14,12,5,41.0,37120.0,30924.0,5388,7306021.0,9053187,22010935,4140588,3738,5110,50.8,59.2
2568,14,12,6,35.2,70019.0,37003.0,11016,5963660.0,9053187,22010935,4140588,6892,5911,100.0,50.0
2569,14,13,1,61.6,168709.0,116509.0,30838,24829881.0,25574343,48445230,7921333,8552,4023,37.1,86.5
2570,14,13,2,64.0,152446.0,87389.0,9830,18834669.0,25574343,48445230,7921333,15936,4942,79.8,65.7
2571,14,13,3,97.5,167377.0,,36883,23343714.0,25574343,48445230,7921333,29348,12617,54.7,52.5
2572,14,13,4,39.8,251420.0,166480.0,46634,17429489.0,25574343,48445230,7921333,23498,17106,45.3,57.4
2573,14,13,5,48.3,61408.0,44209.0,13127,21020398.0,25574343,48445230,7921333,3810,5222,45.3,70.5
2574,14,13,6,79.2,44838.0,36950.0,10197,24911425.0,25574343,48445230,7921333,2212,1120,40.8,46.8
2575,14,14,1,75.6,173579.0,117378.0,11761,21851566.0,33108917,69837349,14404915,12952,5653,50.0,46.4
2576,14,14,2,86.7,244825.0,179831.0,30412,31479695.0,33108917,69837349,14404915,27170,11194,53.1,71.7
2577,14,14,3,92.4,366787.0,300073.0,39505,31551050.0,33108917,69837349,14404915,59193,32745,42.2,72.3
2578,14,14,4,48.2,306226.0,162637.0,41931,23163833.0,33108917,69837349,14404915,34271,8403,42.7,28.3
2579,14,14,5,38.8,240740.0,114201.0,33348,23610747.0,33108917,69837349,14404915,27095,10024,42.5,35.1
2580,14,14,6,37.6,284640.0,187692.0,42586,32356549.0,33108917,69837349,14404915,38811,28414,48.1,61.0
2581,14,15,1,73.7,8695.0,4667.0,1068,546176.0,810015,1747300,374742,961,496,54.0,71.0
2582,14,15,2,37.8,2479.0,2174.0,439,626739.0,810015,1747300,374742,423,286,52.3,73.4
2583,14,15,3,50.1,9057.0,6300.0,1332,747540.0,810015,1747300,374742,1158,804,65.5,59.8
2584,14,15,4,43.3,5847.0,4336.0,456,598190.0,810015,1747300,374742,278,393,58.5,52.5
2585,14,15,5,94.7,8408.0,5258.0,714,676056.0,810015,1747300,374742,649,933,,88.5
2586,14,15,6,62.7,8895.0,7979.0,1733,526709.0,810015,1747300,374742,1076,1160,62.2,1.1
2587,14,16,1,72.8,4013.0,3471.0,521,811874.0,975730,2063312,342960,533,502,90.3,43.0
2588,14,16,2,47.5,5493.0,4886.0,915,884850.0,975730,2063312,342960,362,774,53.7,61.0
2589,14,16,3,49.7,9751.0,5152.0,1258,738334.0,975730,2063312,342960,507,238,62.0,86.8
2590,14,16,4,92.0,6234.0,2713.0,609,952600.0,975730,2063312,342960,445,82,58.6,21.8
2591,14,16,5,68.0,4914.0,3324.0,1044,875949.0,975730,2063312,342960,509,256,55.6,35.5
2592,14,16,6,64.1,9019.0,5435.0,1074,733624.0,975730,2063312,342960,809,689,44.1,39.1
2593,14,17,1,72.3,909.0,571.0,114,246774.0,357514,716732,140235,101,81,9.4,100.0
2594,14,17,2,82.7,3531.0,2012.0,518,240627.0,357514,716732,140235,402,105,70.9,24.4
2595,14,17,3,66.0,1626.0,1445.0,389,281676.0,357514,716732,140235,235,108,55.8,93.5
2596,14,17,4,41.4,1746.0,894.0,240,214516.0,357514,716732,140235,123,121,50.4,94.8
2597,14,17,5,40.4,798.0,515.0,99,291557.0,357514,716732,140235,115,49,59.3,41.5
2598,14,17,6,96.3,1953.0,999.0,222,298376.0,357514,716732,140235,66,134,27.4,73.7
2599,14,18,1,98.6,2354.0,1310.0,244,372199.0,579707,1230680,255485,297,201,54.2,43.2
2600,14,18,2,94.6,1803.0,1499.0,359,492388.0,579707,1230680,255485,78,190,60.9,60.1
2601,14,18,3,60.9,1197.0,996.0,300,454071.0,579707,1230680,255485,186,173,58.2,84.4
2602,14,18,4,55.4,6275.0,3166.0,367,394683.0,579707,1230680,255485,672,529,48.4,39.0
2603,14,18,5,38.4,2280.0,1715.0,513,394933.0,579707,1230680,255485,142,91,67.0,84.4
2604,14,18,6,48.4,4665.0,2430.0,396,417088.0,579707,1230680,255485,404,272,68.7,36.1
2605,14,19,1,97.8,96560.0,51036.0,6751,7788412.0,11861622,26298994,4697147,11768,5532,44.8,38.1
2606,14,19,2,91.6,43955.0,28617.0,4986,9910363.0,11861622,26298994,4697147,5311,3460,21.3,42.4
2607,14,19,3,64.2,82439.0,69907.0,8686,8577175.0,11861622,26298994,4697147,16863,2744,49.1,48.8
2608,14,19,4,35.9,114414.0,87745.0,22193,10369469.0,11861622,26298994,4697147,4891,4349,55.2,42.3
2609,14,19,5,90.1,40264.0,33120.0,10492,8608855.0,11861622,26298994,4697147,4186,5477,26.7,45.9
2610,14,19,6,82.3,,80055.0,13556,9015970.0,11861622,26298994,4697147,17301,10775,85.4,84.2
2611,14,20,1,88.1,86847.0,56740.0,5728,8127964.0,8663853,18944645,2885701,13554,8127,64.2,35.1
2612,14,20,2,52.2,,55437.0,16590,7501412.0,8663853,18944645,2885701,7991,5674,37.5,46.7
2613,14,20,3,51.0,16717.0,10754.0,1165,6797666.0,8663853,18944645,2885701,733,786,24.4,36.1
2614,14,20,4,72.3,55700.0,25973.0,5123,5572782.0,8663853,18944645,2885701,1794,4315,25.4,56.9
2615,14,20,5,63.7,53988.0,24056.0,3842,5887615.0,8663853,18944645,2885701,5369,1303,31.7,47.5
2616,14,20,6,56.3,62932.0,25758.0,5042,6786639.0,8663853,18944645,2885701,5164,4278,22.4,81.6
2617,14,21,1,55.3,98650.0,58520.0,19819,19854999.0,20282350,50071572,8161119,5910,3511,42.3,50.6
2618,14,21,2,58.6,199218.0,100840.0,34084,,20282350,50071572,8161119,10777,6274,36.5,39.8
2619,14,21,3,96.6,236215.0,187040.0,33235,17505887.0,20282350,50071572,8161119,38782,31336,34.9,64.6
2620,14,21,4,71.1,195958.0,123077.0,15928,12321858.0,20282350,50071572,8161119,28560,6999,54.3,62.6
2621,14,21,5,56.0,104822.0,42817.0,8751,19093733.0,20282350,50071572,8161119,10408,5872,38.6,46.9
2622,14,21,6,47.1,219374.0,143016.0,46223,12788067.0,20282350,50071572,8161119,32540,18639,65.6,37.5
2623,14,22,1,36.5,428.0,197.0,22,111784.0,173008,426498,64158,11,16,60.0,66.6
2624,14,22,2,62.0,1155.0,922.0,248,159745.0,173008,426498,64158,223,74,30.9,56.6
2625,14,22,3,36.9,842.0,386.0,55,117452.0,173008,426498,64158,45,16,73.5,51.2
2626,14,22,4,76.1,1145.0,597.0,194,117480.0,173008,426498,64158,88,77,65.1,37.8
2627,14,22,5,61.5,1415.0,739.0,173,133194.0,173008,426498,64158,119,27,,68.7
2628,14,22,6,71.0,1419.0,807.0,187,128126.0,173008,426498,64158,183,43,29.7,65.4
2629,14,23,1,62.8,76232.0,42342.0,4945,20036929.0,22079957,47033608,8119300,6115,2903,37.9,70.9
2630,14,23,2,81.1,203380.0,89348.0,30336,14881556.0,22079957,47033608,8119300,18669,15751,72.1,42.1
2631,14,23,3,80.3,49013.0,39381.0,13399,14146713.0,22079957,47033608,8119300,8293,2795,22.9,58.0
2632,14,23,4,77.9,227392.0,159183.0,34185,16210271.0,22079957,47033608,8119300,29238,22091,87.5,60.9
2633,14,23,5,57.7,127248.0,87977.0,27282,,22079957,47033608,8119300,13817,5836,15.3,60.9
2634,14,23,6,46.1,76861.0,60944.0,8453,19352288.0,22079957,47033608,8119300,3538,5734,,46.5
2635,14,24,1,65.3,20911.0,16805.0,3575,6877694.0,9799647,22814129,3963486,3070,1494,,72.6
2636,14,24,2,47.1,37567.0,27006.0,4234,5996700.0,9799647,22814129,3963486,4372,1453,27.7,73.5
2637,14,24,3,59.5,92797.0,47164.0,13257,7454708.0,9799647,22814129,3963486,8259,2254,20.7,68.7
2638,14,24,4,43.4,36876.0,19233.0,2735,8817817.0,9799647,22814129,3963486,4300,1918,52.9,71.3
2639,14,24,5,50.3,97481.0,53819.0,5846,9003869.0,9799647,22814129,3963486,7832,4396,38.8,19.8
2640,14,24,6,75.9,24538.0,13210.0,3695,8449660.0,9799647,22814129,3963486,2113,585,84.1,56.2
2641,14,25,1,43.8,8672.0,4256.0,779,829270.0,1082397,2507619,497459,659,331,29.1,96.0
2642,14,25,2,39.3,4282.0,2157.0,524,842218.0,1082397,2507619,497459,406,283,80.8,82.6
2643,14,25,3,94.1,6223.0,2883.0,887,731128.0,1082397,2507619,497459,400,338,51.8,15.8
2644,14,25,4,81.5,9000.0,5981.0,1275,1007043.0,1082397,2507619,497459,1272,674,38.9,62.5
2645,14,25,5,59.7,2819.0,1983.0,615,1059529.0,1082397,2507619,497459,350,128,59.8,52.9
2646,14,25,6,46.6,5486.0,2280.0,558,649591.0,1082397,2507619,497459,300,407,41.3,66.0
2647,14,26,1,59.1,242179.0,143921.0,16927,45966805.0,56943528,132901933,18574586,13136,24910,35.8,40.0
2648,14,26,2,63.5,,,47889,34578170.0,56943528,132901933,18574586,34118,30709,40.6,57.9
2649,14,26,3,35.4,450967.0,215170.0,51814,,56943528,132901933,18574586,38315,16125,49.2,82.4
2650,14,26,4,58.8,646530.0,570254.0,150547,49189675.0,56943528,132901933,18574586,37137,22411,9.9,64.4
2651,14,26,5,39.0,227135.0,102231.0,26897,38880397.0,56943528,132901933,18574586,11724,16377,58.9,74.6
2652,14,26,6,51.6,181696.0,130772.0,31172,39498738.0,56943528,132901933,18574586,16015,4775,39.1,53.2
2653,14,27,1,90.3,26810.0,22725.0,3673,3782802.0,4981436,12295489,1712707,4865,1728,43.3,61.0
2654,14,27,2,59.1,12096.0,9820.0,3023,3574260.0,4981436,12295489,1712707,1923,1448,71.6,55.8
2655,14,27,3,74.4,25815.0,13587.0,2071,3561129.0,4981436,12295489,1712707,2349,2010,95.7,62.7
2656,14,27,4,47.3,14757.0,7287.0,732,3809629.0,4981436,12295489,1712707,740,1099,44.5,73.9
2657,14,27,5,83.0,58354.0,35168.0,8038,3962463.0,4981436,12295489,1712707,4051,1346,,81.1
2658,14,27,6,66.3,48129.0,36509.0,6819,4254704.0,4981436,12295489,1712707,2287,1308,73.9,56.7
2659,14,28,1,73.7,276116.0,118888.0,19332,,26939389,58748476,12957806,15595,21105,43.7,89.4
2660,14,28,2,60.6,241252.0,153543.0,37569,23483545.0,26939389,58748476,12957806,26310,8404,58.4,34.6
2661,14,28,3,79.9,262900.0,201020.0,48325,21581300.0,26939389,58748476,12957806,26034,6752,11.3,41.6
2662,14,28,4,93.0,68138.0,51168.0,7177,16877392.0,26939389,58748476,12957806,9788,2769,38.2,64.3
2663,14,28,5,52.1,111182.0,80456.0,11453,23700271.0,26939389,58748476,12957806,19602,4457,,46.7
2664,14,28,6,65.8,88679.0,74466.0,7961,21553562.0,26939389,58748476,12957806,15443,13097,50.4,59.7
2665,14,29,1,74.7,65772.0,27133.0,8068,5950383.0,8377029,18488902,2760770,2650,1451,68.5,27.9
2666,14,29,2,55.3,32828.0,21568.0,7417,6254173.0,8377029,18488902,2760770,2368,2351,19.4,33.4
2667,14,29,3,72.8,71189.0,46707.0,10681,7351549.0,8377029,18488902,2760770,4277,1482,38.9,41.4
2668,14,29,4,55.0,92087.0,51528.0,9619,5157360.0,8377029,18488902,2760770,3306,2064,46.2,12.4
2669,14,29,5,71.6,46205.0,37897.0,11636,5324763.0,8377029,18488902,2760770,7819,5389,72.7,53.5
2670,14,29,6,90.2,76750.0,,6011,7588612.0,8377029,18488902,2760770,3232,5917,75.3,48.2
2671,14,30,1,50.6,12611.0,9658.0,978,2446730.0,3703857,7952115,1132666,561,1030,51.0,62.4
2672,14,30,2,54.9,16537.0,14309.0,1709,3505629.0,3703857,7952115,1132666,2950,1120,50.6,62.0
2673,14,30,3,50.3,36237.0,28211.0,6155,2639144.0,3703857,7952115,1132666,3823,3248,29.5,68.5
2674,14,30,4,94.5,37412.0,26105.0,5972,2787949.0,3703857,7952115,1132666,5700,2286,57.9,71.2
2675,14,30,5,66.3,23529.0,10414.0,3643,2326138.0,3703857,7952115,1132666,991,679,50.2,53.4
2676,14,30,6,43.3,13184.0,8124.0,2481,2760472.0,3703857,7952115,1132666,1604,1028,56.7,36.4
2677,14,31,1,48.2,625.0,263.0,69,62001.0,87820,167069,35467,15,32,46.0,37.6
2678,14,31,2,46.3,525.0,356.0,96,73228.0,87820,167069,35467,75,46,68.3,56.3
2679,14,31,3,50.5,256.0,103.0,31,84363.0,87820,167069,35467,22,17,44.6,62.3
2680,14,31,4,66.9,255.0,223.0,51,77034.0,87820,167069,35467,35,27,49.7,73.7
2681,14,31,5,63.1,596.0,435.0,141,56522.0,87820,167069,35467,67,49,34.7,63.6
2682,14,31,6,69.4,734.0,463.0,117,67745.0,87820,167069,35467,42,30,46.7,78.1
2683,14,32,1,91.7,2469.0,1527.0,484,389837.0,437848,862624,171440,138,64,30.0,30.6
2684,14,32,2,74.9,4384.0,1804.0,310,381658.0,437848,862624,171440,424,238,29.7,51.1
2685,14,32,3,72.9,3147.0,2819.0,969,269470.0,437848,862624,171440,674,197,48.4,61.3
2686,14,32,4,96.5,1848.0,1058.0,153,330939.0,437848,862624,171440,132,95,46.4,19.6
2687,14,32,5,90.3,2041.0,1429.0,381,321698.0,437848,862624,171440,305,109,36.0,67.6
2688,14,32,6,52.9,2400.0,1821.0,388,326285.0,437848,862624,171440,211,286,28.9,59.8
2689,15,1,1,80.8,109573.0,89101.0,25559,11835338.0,14118371,32237446,7228838,20188,7268,39.5,66.8
2690,15,1,2,80.5,143964.0,61866.0,9033,10008705.0,14118371,32237446,7228838,8850,10176,43.4,39.4
2691,15,1,3,79.8,133689.0,63724.0,12208,11027439.0,14118371,32237446,7228838,4580,5311,25.1,69.5
2692,15,1,4,75.1,110791.0,52653.0,11741,10478677.0,14118371,32237446,7228838,3539,7623,44.3,78.2
2693,15,1,5,56.7,115960.0,96064.0,24686,,14118371,32237446,7228838,16128,11934,67.8,89.3
2694,15,1,6,75.9,103856.0,45312.0,9767,8702601.0,14118371,32237446,7228838,4182,7707,58.8,43.7
2695,15,2,1,39.1,2204.0,1213.0,261,307553.0,467602,896100,146574,148,180,43.7,90.4
2696,15,2,2,57.8,4605.0,4010.0,589,315441.0,467602,896100,146574,833,160,52.8,40.6
2697,15,2,3,66.6,3472.0,2511.0,680,391247.0,467602,896100,146574,467,182,60.6,54.3
2698,15,2,4,57.7,896.0,682.0,165,415525.0,467602,896100,146574,62,118,37.9,75.1
2699,15,2,5,97.1,834.0,606.0,63,298525.0,467602,896100,146574,141,35,41.4,64.1
2700,15,2,6,35.4,2312.0,1793.0,288,282602.0,467602,896100,146574,94,96,34.3,46.8
2701,15,3,1,70.5,37898.0,15822.0,4046,8877627.0,9785286,19730459,4893003,1916,987,30.2,73.0
2702,15,3,2,70.3,55356.0,37408.0,7374,6909708.0,9785286,19730459,4893003,2042,6647,59.0,29.9
2703,15,3,3,39.0,50688.0,37856.0,7699,7649674.0,9785286,19730459,4893003,2933,6170,55.9,44.4
2704,15,3,4,77.7,89983.0,78333.0,13566,6369280.0,9785286,19730459,4893003,11373,4579,71.8,61.4
2705,15,3,5,61.8,63058.0,49645.0,13783,7812415.0,9785286,19730459,4893003,9108,2684,65.0,92.9
2706,15,3,6,35.4,57514.0,48305.0,12768,,9785286,19730459,4893003,2585,5312,31.2,52.1
2707,15,4,1,49.7,214363.0,141956.0,34983,19898688.0,32672930,77165507,17422208,35412,10733,62.3,55.9
2708,15,4,2,63.0,229479.0,154322.0,39296,27269826.0,32672930,77165507,17422208,18195,5670,36.4,50.6
2709,15,4,3,79.6,351214.0,142221.0,26056,20248586.0,32672930,77165507,17422208,19094,15489,50.6,73.0
2710,15,4,4,90.1,335344.0,242527.0,79599,20221277.0,32672930,77165507,17422208,29399,42682,15.0,60.5
2711,15,4,5,82.2,278090.0,120190.0,13743,24137851.0,32672930,77165507,17422208,9876,11309,43.1,65.1
2712,15,4,6,90.9,362141.0,218934.0,54217,25084482.0,32672930,77165507,17422208,28643,14625,77.3,71.1
2713,15,5,1,90.5,82282.0,69061.0,12571,7564182.0,8696674,16290193,2671078,14892,5640,55.7,79.6
2714,15,5,2,48.5,68590.0,38851.0,12589,6216966.0,8696674,16290193,2671078,-5972,6878,80.8,54.5
2715,15,5,3,61.2,65767.0,45699.0,7360,5686014.0,8696674,16290193,2671078,4699,3698,70.5,60.2
2716,15,5,4,94.1,82362.0,34705.0,5201,6747048.0,8696674,16290193,2671078,7620,4005,54.7,46.8
2717,15,5,5,58.9,71216.0,52384.0,15933,8146161.0,8696674,16290193,2671078,3622,8842,35.2,60.5
2718,15,5,6,79.9,74099.0,47749.0,13569,8024041.0,8696674,16290193,2671078,6224,6044,45.8,64.1
2719,15,6,1,64.6,2552.0,,219,260716.0,402969,968032,158696,85,228,55.1,41.9
2720,15,6,2,97.2,3970.0,2232.0,436,366409.0,402969,968032,158696,111,277,24.3,68.9
2721,15,6,3,35.4,962.0,804.0,268,281626.0,402969,968032,158696,136,138,44.3,42.8
2722,15,6,4,95.4,2872.0,1890.0,490,274726.0,402969,968032,158696,123,251,,60.6
2723,15,6,5,95.0,1222.0,1003.0,107,270110.0,402969,968032,158696,60,46,27.1,56.2
2724,15,6,6,84.3,4445.0,1807.0,447,361019.0,402969,968032,158696,114,196,46.5,49.1
2725,15,7,1,37.9,126954.0,51976.0,13962,16193699.0,20682862,42552791,9069122,5064,5475,26.1,100.0
2726,15,7,2,48.5,102254.0,88165.0,10533,16664335.0,20682862,42552791,9069122,19022,10785,60.0,58.0
2727,15,7,3,58.9,69028.0,32799.0,6540,17964975.0,20682862,42552791,9069122,6484,1602,28.6,61.9
2728,15,7,4,85.1,117006.0,85415.0,29822,15457958.0,20682862,42552791,9069122,15163,9940,27.5,68.9
2729,15,7,5,54.4,148517.0,111268.0,31362,18767069.0,20682862,42552791,9069122,7558,14215,54.2,12.7
2730,15,7,6,50.3,125072.0,89126.0,18729,13114940.0,20682862,42552791,9069122,11004,12780,42.6,55.6
2731,15,8,1,90.8,85585.0,70641.0,11103,6972840.0,8095309,16234448,3840556,6326,9715,43.1,95.1
2732,15,8,2,74.6,42039.0,28837.0,9438,5787998.0,8095309,16234448,3840556,1756,4909,44.2,62.7
2733,15,8,3,66.8,65342.0,44398.0,7291,5338468.0,8095309,16234448,3840556,10534,3626,78.9,70.7
2734,15,8,4,40.9,53056.0,39474.0,11268,7317758.0,8095309,16234448,3840556,2406,3667,35.3,60.0
2735,15,8,5,53.8,25263.0,10146.0,2887,5753272.0,8095309,16234448,3840556,2150,644,,52.2
2736,15,8,6,92.9,70945.0,30761.0,5444,6541431.0,8095309,16234448,3840556,5336,3266,43.9,34.8
2737,15,9,1,50.4,11676.0,5893.0,1952,,1972489,4147118,751591,1344,873,21.5,42.2
2738,15,9,2,57.1,4283.0,,379,1461567.0,1972489,4147118,751591,438,275,31.5,66.8
2739,15,9,3,78.6,5996.0,4589.0,1500,1365526.0,1972489,4147118,751591,1061,607,49.7,80.5
2740,15,9,4,73.2,12497.0,5494.0,872,1840370.0,1972489,4147118,751591,1135,451,71.9,23.5
2741,15,9,5,62.8,7248.0,4988.0,1721,1388249.0,1972489,4147118,751591,1013,327,52.4,31.0
2742,15,9,6,81.0,16069.0,12155.0,4235,1529553.0,1972489,4147118,751591,1457,505,46.8,24.9
2743,15,10,1,86.0,45257.0,29920.0,6006,7572122.0,11158362,21582493,4717597,7292,3460,23.0,48.1
2744,15,10,2,64.7,82993.0,45886.0,10136,9476147.0,11158362,21582493,4717597,9522,4493,53.1,19.9
2745,15,10,3,95.8,34109.0,25508.0,6835,9230712.0,11158362,21582493,4717597,1944,2513,56.8,65.5
2746,15,10,4,74.4,31743.0,27932.0,5095,8623456.0,11158362,21582493,4717597,4348,4346,57.7,55.7
2747,15,10,5,89.5,31852.0,22375.0,4404,8888618.0,11158362,21582493,4717597,4086,3376,48.9,35.3
2748,15,10,6,97.7,41546.0,22852.0,4672,7665590.0,11158362,21582493,4717597,3335,3897,76.9,46.3
2749,15,11,1,76.2,88880.0,,4881,14760423.0,16797510,41892425,9162153,9821,2323,82.5,46.4
2750,15,11,2,66.6,202366.0,129869.0,25246,12334529.0,16797510,41892425,9162153,17347,7849,71.3,89.0
2751,15,11,3,87.7,202552.0,148804.0,41609,12301035.0,16797510,41892425,9162153,23166,25988,73.6,64.4
2752,15,11,4,48.4,173329.0,110197.0,14728,13546953.0,16797510,41892425,9162153,6181,10198,42.8,93.4
2753,15,11,5,74.5,184187.0,79274.0,26830,14310122.0,16797510,41892425,9162153,7567,8622,43.4,72.3
2754,15,11,6,55.2,59587.0,45494.0,7472,14276443.0,16797510,41892425,9162153,10995,6158,45.7,32.3
2755,15,12,1,71.8,90690.0,40128.0,4383,6173390.0,9842935,20708030,4586839,9631,3693,36.0,57.0
2756,15,12,2,64.5,94981.0,74524.0,25774,9574165.0,9842935,20708030,4586839,5881,11576,66.4,47.8
2757,15,12,3,72.9,49627.0,26916.0,9200,7170062.0,9842935,20708030,4586839,2929,3013,33.3,59.4
2758,15,12,4,76.9,,29666.0,9347,9111739.0,9842935,20708030,4586839,2684,5128,66.3,70.5
2759,15,12,5,55.8,,26521.0,6913,8274839.0,9842935,20708030,4586839,2572,4652,74.5,35.2
2760,15,12,6,64.0,58658.0,44271.0,12705,8056022.0,9842935,20708030,4586839,4647,2220,63.0,54.1
2761,15,13,1,45.7,232067.0,119387.0,35313,20922585.0,21642816,48308184,11320102,27851,8722,,58.4
2762,15,13,2,51.9,219030.0,126832.0,36651,18457101.0,21642816,48308184,11320102,11125,5481,14.9,48.7
2763,15,13,3,73.2,215549.0,,32371,18520567.0,21642816,48308184,11320102,29743,20629,9.4,56.3
2764,15,13,4,57.6,48796.0,27374.0,8831,19622240.0,21642816,48308184,11320102,1975,3185,35.8,46.1
2765,15,13,5,41.5,214020.0,140203.0,45624,19076507.0,21642816,48308184,11320102,13465,23009,32.0,49.6
2766,15,13,6,84.5,79670.0,40973.0,5920,20303892.0,21642816,48308184,11320102,7209,7014,49.5,40.0
2767,15,14,1,57.4,183135.0,94580.0,29248,20131403.0,32405420,73626955,11983406,11029,9833,52.4,47.3
2768,15,14,2,83.7,130343.0,85995.0,28287,25850539.0,32405420,73626955,11983406,21030,13603,26.1,76.5
2769,15,14,3,92.2,,45506.0,12402,21018914.0,32405420,73626955,11983406,10374,5054,72.0,62.5
2770,15,14,4,67.2,294306.0,233288.0,76837,20722928.0,32405420,73626955,11983406,32230,12956,27.1,29.7
2771,15,14,5,88.3,81043.0,46747.0,14730,30029273.0,32405420,73626955,11983406,11413,2439,35.2,51.2
2772,15,14,6,47.4,316420.0,231627.0,47512,22549590.0,32405420,73626955,11983406,46963,15944,41.6,19.5
2773,15,15,1,48.0,4878.0,4260.0,797,761152.0,789200,1883794,358977,670,139,75.0,57.0
2774,15,15,2,59.7,4723.0,2476.0,657,677956.0,789200,1883794,358977,377,212,39.0,66.0
2775,15,15,3,52.7,6957.0,3574.0,427,716194.0,789200,1883794,358977,242,162,54.3,65.7
2776,15,15,4,91.6,8398.0,3376.0,1067,524396.0,789200,1883794,358977,661,427,54.0,42.6
2777,15,15,5,48.9,2779.0,1347.0,345,618828.0,789200,1883794,358977,157,128,50.3,47.0
2778,15,15,6,57.6,2591.0,1346.0,211,583774.0,789200,1883794,358977,92,239,39.4,57.6
2779,15,16,1,69.2,8645.0,5889.0,1324,616736.0,862446,2041159,403393,1444,623,66.7,29.1
2780,15,16,2,86.2,1854.0,1406.0,231,723529.0,862446,2041159,403393,70,241,44.5,97.9
2781,15,16,3,39.7,3692.0,2683.0,640,805757.0,862446,2041159,403393,602,158,46.4,57.1
2782,15,16,4,68.5,6483.0,5149.0,1310,560183.0,862446,2041159,403393,774,355,83.2,33.1
2783,15,16,5,71.9,8204.0,6362.0,701,636972.0,862446,2041159,403393,506,963,60.9,93.5
2784,15,16,6,82.4,2349.0,1749.0,364,770412.0,862446,2041159,403393,128,140,29.5,30.8
2785,15,17,1,97.0,2587.0,1956.0,559,282933.0,321415,665802,150713,445,172,63.9,60.0
2786,15,17,2,92.6,2725.0,1492.0,470,211099.0,321415,665802,150713,238,97,58.2,53.2
2787,15,17,3,71.9,3467.0,1414.0,387,240439.0,321415,665802,150713,291,223,63.8,48.8
2788,15,17,4,44.2,2676.0,2250.0,757,268285.0,321415,665802,150713,121,324,21.3,55.9
2789,15,17,5,39.2,862.0,362.0,73,257590.0,321415,665802,150713,78,52,57.6,43.3
2790,15,17,6,50.0,967.0,846.0,161,217458.0,321415,665802,150713,73,37,40.0,79.5
2791,15,18,1,35.5,1971.0,1158.0,138,406668.0,659131,1306035,227757,67,200,51.8,36.5
2792,15,18,2,84.6,2820.0,1276.0,440,469380.0,659131,1306035,227757,268,199,51.4,56.5
2793,15,18,3,85.6,1418.0,666.0,140,506155.0,659131,1306035,227757,39,74,52.2,51.9
2794,15,18,4,95.5,6432.0,3826.0,602,603661.0,659131,1306035,227757,611,571,53.1,22.9
2795,15,18,5,59.6,2466.0,1683.0,437,582499.0,659131,1306035,227757,288,215,26.7,28.9
2796,15,18,6,55.3,2400.0,1523.0,490,592720.0,659131,1306035,227757,282,249,33.7,71.8
2797,15,19,1,74.8,107245.0,88972.0,30327,10442779.0,13425226,27440589,4694723,5647,15941,32.3,59.4
2798,15,19,2,63.0,116538.0,78878.0,11765,9093702.0,13425226,27440589,4694723,14446,10525,64.5,52.4
2799,15,19,3,88.1,119142.0,94600.0,25112,8824212.0,13425226,27440589,4694723,5637,10999,42.0,39.4
2800,15,19,4,43.0,44696.0,21268.0,7241,10039408.0,13425226,27440589,4694723,2554,1315,79.0,80.5
2801,15,19,5,46.4,67021.0,47575.0,9058,10046986.0,13425226,27440589,4694723,9715,6824,55.6,47.4
2802,15,19,6,97.9,56498.0,37850.0,12659,12357342.0,13425226,27440589,4694723,6705,3062,56.2,69.8
2803,15,20,1,59.4,54696.0,22218.0,3458,6684264.0,8653466,17945902,4097797,4161,1233,70.8,40.9
2804,15,20,2,79.8,65187.0,38952.0,9283,7187173.0,8653466,17945902,4097797,8456,4354,68.4,74.9
2805,15,20,3,60.8,81405.0,56613.0,9809,8169426.0,8653466,17945902,4097797,8554,5197,62.7,44.8
2806,15,20,4,61.7,86534.0,75516.0,13781,6149060.0,8653466,17945902,4097797,7660,4929,,94.2
2807,15,20,5,39.8,25998.0,14941.0,2669,5826913.0,8653466,17945902,4097797,2788,2427,40.0,93.8
2808,15,20,6,72.2,71339.0,56517.0,17202,5261724.0,8653466,17945902,4097797,3159,7047,40.1,51.9
2809,15,21,1,42.8,57797.0,33482.0,7510,21202980.0,21944113,48368935,9366800,2347,5378,59.9,58.6
2810,15,21,2,84.3,167260.0,115307.0,38261,19151150.0,21944113,48368935,9366800,24991,13214,45.0,11.0
2811,15,21,3,36.0,205943.0,139502.0,15153,20529010.0,21944113,48368935,9366800,21057,22256,47.3,71.3
2812,15,21,4,84.2,117397.0,83899.0,27250,20876811.0,21944113,48368935,9366800,9504,10457,37.8,49.6
2813,15,21,5,90.3,140913.0,80259.0,25195,18747141.0,21944113,48368935,9366800,4701,13952,68.4,55.7
2814,15,21,6,60.8,75682.0,,6715,20501084.0,21944113,48368935,9366800,6814,6457,58.6,49.3
2815,15,22,1,83.4,1075.0,,247,126671.0,182341,403747,60550,130,94,,54.7
2816,15,22,2,77.4,606.0,433.0,137,121252.0,182341,403747,60550,74,48,35.0,42.4
2817,15,22,3,73.8,1495.0,747.0,117,129201.0,182341,403747,60550,168,72,57.2,47.1
2818,15,22,4,54.8,1681.0,1430.0,415,169988.0,182341,403747,60550,221,159,56.9,78.7
2819,15,22,5,96.5,1486.0,816.0,232,110125.0,182341,403747,60550,181,86,90.1,68.3
2820,15,22,6,86.8,956.0,531.0,145,171540.0,182341,403747,60550,68,81,48.1,45.2
2821,15,23,1,95.3,221060.0,141021.0,45992,17432464.0,20036138,43518580,7074025,31900,24740,69.0,25.8
2822,15,23,2,90.7,210949.0,138774.0,21048,19505186.0,20036138,43518580,7074025,10893,21870,0.0,61.8
2823,15,23,3,97.7,192809.0,141753.0,17151,14979287.0,20036138,43518580,7074025,11617,15253,25.7,20.9
2824,15,23,4,47.9,217117.0,149555.0,34364,14539724.0,20036138,43518580,7074025,30540,15330,73.5,76.7
2825,15,23,5,36.8,,96946.0,16858,12190421.0,20036138,43518580,7074025,17241,10219,63.7,91.9
2826,15,23,6,83.2,188404.0,99091.0,21841,17194296.0,20036138,43518580,7074025,8502,9166,64.6,40.4
2827,15,24,1,96.6,39611.0,18567.0,5822,6405380.0,10325885,24178290,3636388,4123,1648,33.4,81.0
2828,15,24,2,71.7,25983.0,16856.0,1966,6423571.0,10325885,24178290,3636388,3192,1460,58.6,51.8
2829,15,24,3,85.7,113975.0,61946.0,18725,8689563.0,10325885,24178290,3636388,3185,7256,26.6,86.6
2830,15,24,4,64.4,99349.0,80551.0,16238,7200032.0,10325885,24178290,3636388,9120,3984,58.1,100.0
2831,15,24,5,92.2,83921.0,52371.0,8147,7947712.0,10325885,24178290,3636388,11732,3785,31.5,75.3
2832,15,24,6,74.4,61568.0,51794.0,14973,8497717.0,10325885,24178290,3636388,5465,3096,28.9,66.9
2833,15,25,1,58.5,11026.0,,1884,671864.0,1101090,2564913,546327,982,704,92.4,37.9
2834,15,25,2,62.5,6881.0,5267.0,723,982649.0,1101090,2564913,546327,354,288,36.8,51.6
2835,15,25,3,71.3,4852.0,2775.0,895,854170.0,1101090,2564913,546327,622,424,53.8,100.0
2836,15,25,4,77.7,7792.0,6305.0,1546,883659.0,1101090,2564913,546327,1555,1097,50.6,61.2
2837,15,25,5,64.5,6847.0,3183.0,620,774930.0,1101090,2564913,546327,413,525,55.0,48.6
2838,15,25,6,43.3,12248.0,10006.0,2418,704125.0,1101090,2564913,546327,1820,458,52.8,78.6
2839,15,26,1,59.7,672299.0,412633.0,125924,49908364.0,67390739,145788398,27913251,85771,56003,,62.1
2840,15,26,2,35.6,433046.0,367693.0,48573,47781963.0,67390739,145788398,27913251,85577,53111,78.6,85.5
2841,15,26,3,65.3,468501.0,,20193,52184259.0,67390739,145788398,27913251,15512,23264,28.1,19.4
2842,15,26,4,68.2,430542.0,286142.0,29286,58639762.0,67390739,145788398,27913251,42634,12516,63.8,42.5
2843,15,26,5,74.5,329961.0,273497.0,48624,45220399.0,67390739,145788398,27913251,44374,10050,31.1,76.0
2844,15,26,6,35.2,195088.0,132712.0,15617,46775032.0,67390739,145788398,27913251,21174,16944,78.7,58.5
2845,15,27,1,81.9,25340.0,12587.0,3047,3584444.0,4875430,11597743,2057696,811,1943,56.6,48.8
2846,15,27,2,77.2,21090.0,9654.0,1343,4709338.0,4875430,11597743,2057696,1193,1188,31.1,47.9
2847,15,27,3,66.2,20727.0,10375.0,1412,3989495.0,4875430,11597743,2057696,1068,733,67.2,34.6
2848,15,27,4,54.8,59888.0,48774.0,7763,4472675.0,4875430,11597743,2057696,12131,7834,43.6,61.6
2849,15,27,5,72.1,40801.0,26670.0,4276,4408716.0,4875430,11597743,2057696,2596,1583,53.0,32.9
2850,15,27,6,96.0,12791.0,9161.0,2406,,4875430,11597743,2057696,1399,776,43.4,29.9
2851,15,28,1,75.5,148338.0,77705.0,21211,22843702.0,24811122,61360589,9838833,16869,8330,29.0,55.1
2852,15,28,2,88.6,76215.0,58113.0,17346,22886180.0,24811122,61360589,9838833,13600,10063,49.7,100.0
2853,15,28,3,53.2,198021.0,143017.0,43468,21157238.0,24811122,61360589,9838833,30051,9308,54.7,51.0
2854,15,28,4,55.1,146155.0,81632.0,11739,23654925.0,24811122,61360589,9838833,11563,13225,42.6,100.0
2855,15,28,5,96.8,,141434.0,15742,21635641.0,24811122,61360589,9838833,14651,19971,49.2,26.3
2856,15,28,6,60.2,231516.0,186597.0,45944,18777821.0,24811122,61360589,9838833,24085,13608,48.5,47.3
2857,15,29,1,63.3,89368.0,49058.0,5759,7021195.0,8513497,20151158,4251950,8137,2404,16.5,63.6
2858,15,29,2,75.5,68747.0,48869.0,6471,5855449.0,8513497,20151158,4251950,7502,3816,,46.5
2859,15,29,3,61.2,81830.0,57972.0,17106,7637084.0,8513497,20151158,4251950,4076,3886,59.8,54.6
2860,15,29,4,64.4,,73757.0,9069,7526227.0,8513497,20151158,4251950,8340,3999,69.0,100.0
2861,15,29,5,71.2,51045.0,34067.0,11595,6797443.0,8513497,20151158,4251950,2508,3053,48.8,48.4
2862,15,29,6,93.2,49084.0,41384.0,9438,5555572.0,8513497,20151158,4251950,2615,3490,,55.5
2863,15,30,1,70.8,32696.0,16278.0,5171,2363634.0,3734393,8192254,1777380,2042,2234,52.2,49.8
2864,15,30,2,55.2,39171.0,24003.0,3011,2984196.0,3734393,8192254,1777380,3003,4320,32.3,77.2
2865,15,30,3,69.8,21159.0,15202.0,1834,3653197.0,3734393,8192254,1777380,2004,1421,54.7,42.3
2866,15,30,4,94.6,28463.0,15421.0,4380,3398072.0,3734393,8192254,1777380,3761,2718,56.0,51.9
2867,15,30,5,98.8,22108.0,,4632,2686135.0,3734393,8192254,1777380,1865,1317,,48.6
2868,15,30,6,55.4,15824.0,13632.0,3154,3645763.0,3734393,8192254,1777380,1251,647,93.9,57.1
2869,15,31,1,55.7,811.0,454.0,118,54436.0,83592,181533,30208,50,15,62.3,47.7
2870,15,31,2,61.4,728.0,637.0,179,60149.0,83592,181533,30208,46,91,43.8,22.4
2871,15,31,3,36.6,546.0,322.0,46,63355.0,83592,181533,30208,19,16,84.3,53.1
2872,15,31,4,37.9,503.0,407.0,48,50837.0,83592,181533,30208,43,60,,62.2
2873,15,31,5,38.4,317.0,196.0,45,68038.0,83592,181533,30208,32,18,71.3,75.2
2874,15,31,6,95.4,558.0,339.0,115,73890.0,83592,181533,30208,66,56,54.7,50.2
2875,15,32,1,67.4,2383.0,1141.0,257,276316.0,441027,910475,170041,142,102,50.6,62.3
2876,15,32,2,67.9,1628.0,816.0,119,282016.0,441027,910475,170041,163,80,26.1,62.1
2877,15,32,3,91.1,2412.0,1687.0,247,297552.0,441027,910475,170041,183,85,17.0,75.1
2878,15,32,4,51.5,4180.0,1742.0,410,431149.0,441027,910475,170041,140,148,49.2,46.0
2879,15,32,5,54.9,2322.0,1075.0,189,284372.0,441027,910475,170041,125,173,29.8,52.2
2880,15,32,6,56.5,2853.0,1976.0,688,264717.0,441027,910475,170041,281,340,74.4,81.8
2881,16,1,1,74.6,35888.0,17494.0,4101,12697055.0,14335713,31270813,6560941,2541,1466,34.3,35.4
2882,16,1,2,74.8,125486.0,80025.0,16547,11835107.0,14335713,31270813,6560941,10553,10473,,51.5
2883,16,1,3,42.6,105308.0,62373.0,20221,12728354.0,14335713,31270813,6560941,13750,10941,58.0,44.0
2884,16,1,4,87.0,76683.0,64043.0,12468,12769697.0,14335713,31270813,6560941,7797,7815,53.0,37.7
2885,16,1,5,62.5,56161.0,33932.0,6471,13471004.0,14335713,31270813,6560941,3576,5463,63.4,22.2
2886,16,1,6,51.6,141883.0,113210.0,38877,8913943.0,14335713,31270813,6560941,24841,17442,47.1,58.8
2887,16,2,1,71.9,3692.0,2264.0,602,275212.0,399790,957130,222463,242,357,55.7,41.4
2888,16,2,2,48.7,1367.0,1055.0,137,302962.0,399790,957130,222463,166,152,65.2,89.1
2889,16,2,3,43.5,939.0,676.0,114,272144.0,399790,957130,222463,135,38,59.9,35.6
2890,16,2,4,80.9,1179.0,1044.0,240,,399790,957130,222463,115,91,,56.8
2891,16,2,5,62.8,809.0,578.0,91,346729.0,399790,957130,222463,125,70,70.2,31.7
2892,16,2,6,82.7,3961.0,2451.0,792,264277.0,399790,957130,222463,230,359,67.9,29.7
2893,16,3,1,75.7,30644.0,12274.0,2310,9323923.0,10665841,22103851,3412673,1722,1735,62.5,62.9
2894,16,3,2,54.1,65607.0,55871.0,12756,8384196.0,10665841,22103851,3412673,13693,4291,63.2,41.8
2895,16,3,3,87.3,,27651.0,3193,8891102.0,10665841,22103851,3412673,2123,3528,,40.9
2896,16,3,4,82.6,63324.0,29138.0,4993,8649874.0,10665841,22103851,3412673,3596,1272,46.5,91.6
2897,16,3,5,45.6,29706.0,24780.0,6503,,10665841,22103851,3412673,5991,2467,67.7,89.9
2898,16,3,6,87.4,22184.0,17042.0,2421,6933976.0,10665841,22103851,3412673,3777,2082,57.2,33.9
2899,16,4,1,49.5,274174.0,119038.0,18946,23668018.0,36541654,76294920,14268082,16387,17742,54.4,57.7
2900,16,4,2,62.0,138591.0,,28888,33900249.0,36541654,76294920,14268082,20671,11658,54.1,31.2
2901,16,4,3,44.2,336924.0,157474.0,24845,32103104.0,36541654,76294920,14268082,10642,21404,89.7,51.3
2902,16,4,4,40.2,124785.0,54667.0,13936,24886684.0,36541654,76294920,14268082,4665,9181,73.7,100.0
2903,16,4,5,80.8,172066.0,150860.0,52214,29110268.0,36541654,76294920,14268082,21887,21676,49.2,35.7
2904,16,4,6,59.1,286628.0,251664.0,38973,32064026.0,36541654,76294920,14268082,50820,28917,54.6,35.3
2905,16,5,1,67.3,43213.0,31438.0,9102,5128861.0,8058556,16954536,3605346,6294,1456,23.7,60.2
2906,16,5,2,57.7,33745.0,20321.0,5021,7547785.0,8058556,16954536,3605346,1766,2353,34.8,50.5
2907,16,5,3,60.6,61045.0,37912.0,13186,5133794.0,8058556,16954536,3605346,8661,3839,56.1,65.8
2908,16,5,4,69.9,57869.0,31118.0,4836,7296056.0,8058556,16954536,3605346,3857,2044,38.1,60.4
2909,16,5,5,47.5,77603.0,31978.0,5233,5876865.0,8058556,16954536,3605346,5527,5129,24.0,44.5
2910,16,5,6,58.0,37169.0,21500.0,2601,6165653.0,8058556,16954536,3605346,2690,3112,62.8,50.7
2911,16,6,1,82.8,1644.0,967.0,299,,454540,988588,211914,202,107,12.6,59.8
2912,16,6,2,98.8,,2415.0,331,330718.0,454540,988588,211914,469,296,58.7,78.6
2913,16,6,3,73.3,2264.0,1025.0,175,313820.0,454540,988588,211914,152,136,64.2,54.3
2914,16,6,4,61.0,3787.0,2362.0,273,386391.0,454540,988588,211914,416,385,85.4,41.6
2915,16,6,5,82.3,1814.0,1326.0,259,279773.0,454540,988588,211914,87,173,76.1,76.3
2916,16,6,6,46.6,4604.0,3312.0,486,400816.0,454540,988588,211914,508,221,35.1,47.1
2917,16,7,1,92.7,44667.0,23366.0,7244,15138126.0,19800801,39923523,9339732,3790,2096,32.5,73.7
2918,16,7,2,57.4,83956.0,65537.0,6754,15737090.0,19800801,39923523,9339732,12232,9410,40.1,94.0
2919,16,7,3,67.5,160040.0,118407.0,18775,18447987.0,19800801,39923523,9339732,11569,16110,59.4,59.9
2920,16,7,4,48.4,172375.0,77326.0,25903,15138628.0,19800801,39923523,9339732,5876,5754,62.6,46.2
2921,16,7,5,80.5,56816.0,28715.0,8599,14475662.0,19800801,39923523,9339732,4998,933,45.5,33.6
2922,16,7,6,91.9,184582.0,159183.0,47664,15989972.0,19800801,39923523,9339732,19355,25902,32.7,76.9
2923,16,8,1,80.1,36752.0,26158.0,6765,7501836.0,8005120,18161163,3722063,4722,4059,38.8,43.0
2924,16,8,2,50.4,24588.0,19911.0,2766,5171097.0,8005120,18161163,3722063,4675,704,63.2,45.4
2925,16,8,3,66.3,56431.0,44879.0,4969,5850968.0,8005120,18161163,3722063,6744,5323,46.1,65.4
2926,16,8,4,50.5,49677.0,23398.0,5374,6829253.0,8005120,18161163,3722063,4950,1230,60.2,53.2
2927,16,8,5,52.6,26163.0,15331.0,2390,5641029.0,8005120,18161163,3722063,2242,2625,39.1,63.3
2928,16,8,6,85.9,61792.0,48535.0,5485,7439030.0,8005120,18161163,3722063,2603,2472,66.7,61.1
2929,16,9,1,59.2,21776.0,10596.0,2201,1603347.0,1787269,4254526,908707,2443,1036,50.6,29.8
2930,16,9,2,67.2,5892.0,5242.0,1352,1710795.0,1787269,4254526,908707,923,807,27.0,68.0
2931,16,9,3,65.5,16749.0,8999.0,2074,1373669.0,1787269,4254526,908707,716,870,54.4,41.8
2932,16,9,4,90.7,8608.0,5450.0,572,1716579.0,1787269,4254526,908707,1111,870,78.3,51.9
2933,16,9,5,61.9,16602.0,12411.0,2964,1545177.0,1787269,4254526,908707,1786,1336,39.8,100.0
2934,16,9,6,97.3,10255.0,6940.0,2216,1392340.0,1787269,4254526,908707,447,1097,51.1,28.8
2935,16,10,1,67.9,83044.0,55320.0,16110,6233568.0,10341952,21651765,4046501,13298,8084,54.6,53.4
2936,16,10,2,93.9,50692.0,25796.0,6171,6304605.0,10341952,21651765,4046501,1348,943,68.4,58.0
2937,16,10,3,91.3,82246.0,63012.0,16357,8421612.0,10341952,21651765,4046501,8057,8471,37.6,0.0
2938,16,10,4,40.1,72736.0,29848.0,8440,7565264.0,10341952,21651765,4046501,1813,5212,23.9,82.4
2939,16,10,5,78.0,27808.0,15468.0,3443,6809705.0,10341952,21651765,4046501,2879,2340,51.8,72.5
2940,16,10,6,47.7,108499.0,71749.0,7549,8734025.0,10341952,21651765,4046501,8617,7711,34.5,63.9
2941,16,11,1,50.8,59247.0,42634.0,12503,14841122.0,19467418,42151595,8905831,6163,4527,28.2,46.2
2942,16,11,2,97.9,98123.0,50058.0,12495,18019693.0,19467418,42151595,8905831,9279,7583,54.4,65.8
2943,16,11,3,40.5,67512.0,56802.0,15491,18783968.0,19467418,42151595,8905831,12065,8944,62.7,37.1
2944,16,11,4,91.3,89744.0,45532.0,13393,17938913.0,19467418,42151595,8905831,5584,2986,47.3,40.3
2945,16,11,5,61.6,108863.0,95793.0,31611,16046391.0,19467418,42151595,8905831,7414,8906,70.1,60.9
2946,16,11,6,48.8,139206.0,79384.0,22721,17811847.0,19467418,42151595,8905831,16421,8779,38.0,56.8
2947,16,12,1,57.5,24597.0,16400.0,1752,7140397.0,9446937,20430688,4285621,2331,2545,18.1,77.9
2948,16,12,2,44.1,46227.0,29403.0,7964,9257784.0,9446937,20430688,4285621,1975,1284,60.9,57.1
2949,16,12,3,43.3,88045.0,44094.0,13943,7250142.0,9446937,20430688,4285621,5286,2499,79.7,43.1
2950,16,12,4,41.0,21192.0,10101.0,3148,6914639.0,9446937,20430688,4285621,2020,1798,33.6,25.3
2951,16,12,5,86.6,24969.0,21214.0,3971,5697881.0,9446937,20430688,4285621,3463,1312,58.7,53.4
2952,16,12,6,47.9,101710.0,65111.0,10231,7197123.0,9446937,20430688,4285621,12930,8680,81.5,61.6
2953,16,13,1,81.5,,79245.0,17101,15382498.0,23103195,51238518,9260686,7935,10523,76.1,33.4
2954,16,13,2,89.1,85414.0,57560.0,9462,17994568.0,23103195,51238518,9260686,13590,4542,50.5,50.6
2955,16,13,3,60.7,78328.0,40674.0,7198,18778985.0,23103195,51238518,9260686,5851,5155,44.5,20.9
2956,16,13,4,76.3,63694.0,47762.0,10007,19535368.0,23103195,51238518,9260686,6040,6011,35.5,54.8
2957,16,13,5,61.2,47902.0,37127.0,10736,16694165.0,23103195,51238518,9260686,2828,1500,71.9,89.9
2958,16,13,6,98.0,99546.0,88011.0,17451,18660405.0,23103195,51238518,9260686,15394,10643,53.3,49.9
2959,16,14,1,85.9,363428.0,218081.0,27274,26306337.0,31173690,74859742,13499107,18032,17948,46.9,73.7
2960,16,14,2,92.6,169213.0,110895.0,17589,24333958.0,31173690,74859742,13499107,6201,4876,37.4,26.9
2961,16,14,3,39.9,261172.0,123906.0,26523,18881151.0,31173690,74859742,13499107,19753,12939,73.3,47.4
2962,16,14,4,88.7,307812.0,164166.0,35041,27078520.0,31173690,74859742,13499107,24122,16191,63.1,36.6
2963,16,14,5,55.4,320118.0,198813.0,29255,24953132.0,31173690,74859742,13499107,32839,9545,51.0,29.0
2964,16,14,6,53.3,142128.0,117990.0,38583,24041610.0,31173690,74859742,13499107,13897,4579,71.6,51.4
2965,16,15,1,77.6,8284.0,5395.0,1551,627359.0,811219,1823085,309414,535,460,60.7,42.8
2966,16,15,2,67.0,3581.0,2609.0,805,489563.0,811219,1823085,309414,459,330,43.7,71.1
2967,16,15,3,66.9,6285.0,2864.0,778,587066.0,811219,1823085,309414,562,108,61.5,59.5
2968,16,15,4,77.5,9083.0,3743.0,626,516217.0,811219,1823085,309414,467,438,51.9,72.9
2969,16,15,5,44.0,2664.0,1362.0,244,748524.0,811219,1823085,309414,228,46,74.4,69.2
2970,16,15,6,76.4,4601.0,3008.0,810,594226.0,811219,1823085,309414,640,493,39.5,44.5
2971,16,16,1,70.7,6836.0,5269.0,805,823727.0,996827,2095343,430541,1181,696,51.7,52.5
2972,16,16,2,46.9,9495.0,6431.0,1148,721286.0,996827,2095343,430541,798,553,47.4,41.7
2973,16,16,3,77.9,6278.0,5255.0,785,790696.0,996827,2095343,430541,341,812,71.4,67.9
2974,16,16,4,68.6,5054.0,2806.0,370,822067.0,996827,2095343,430541,570,275,53.5,64.1
2975,16,16,5,95.2,8339.0,6963.0,2204,919474.0,996827,2095343,430541,848,546,66.7,54.5
2976,16,16,6,37.6,6689.0,4256.0,1006,624268.0,996827,2095343,430541,850,537,43.7,43.6
2977,16,17,1,65.1,911.0,493.0,170,292135.0,338072,687287,154153,96,70,29.0,51.4
2978,16,17,2,43.8,3594.0,2547.0,289,310827.0,338072,687287,154153,322,86,35.3,66.6
2979,16,17,3,72.7,1490.0,809.0,173,311812.0,338072,687287,154153,73,140,39.9,41.1
2980,16,17,4,88.6,3495.0,1851.0,456,270515.0,338072,687287,154153,412,97,38.6,73.9
2981,16,17,5,94.0,1054.0,487.0,149,,338072,687287,154153,108,20,36.1,63.2
2982,16,17,6,72.1,2670.0,1987.0,390,320990.0,338072,687287,154153,464,169,64.3,61.2
2983,16,18,1,54.9,4582.0,3120.0,532,424067.0,605789,1326725,230549,528,280,40.7,55.8
2984,16,18,2,60.2,1352.0,725.0,219,489649.0,605789,1326725,230549,123,72,51.9,33.2
2985,16,18,3,97.5,2836.0,,413,377779.0,605789,1326725,230549,272,50,32.3,73.5
2986,16,18,4,50.5,4946.0,2500.0,806,524990.0,605789,1326725,230549,454,259,41.2,50.8
2987,16,18,5,73.3,4241.0,3043.0,677,397813.0,605789,1326725,230549,315,244,,45.6
2988,16,18,6,39.1,2695.0,2163.0,616,454482.0,605789,1326725,230549,153,382,38.5,63.0
2989,16,19,1,92.4,98232.0,49778.0,10876,7566407.0,12052242,28719516,4549780,10271,2960,56.4,38.2
2990,16,19,2,37.9,,63081.0,14262,10190714.0,12052242,28719516,4549780,3551,7109,42.1,32.6
2991,16,19,3,72.7,42611.0,33023.0,11476,10015993.0,12052242,28719516,4549780,5995,2932,56.0,50.3
2992,16,19,4,96.2,74840.0,48479.0,10351,8059331.0,12052242,28719516,4549780,6983,3325,64.3,63.8
2993,16,19,5,96.1,107832.0,,25320,9051781.0,12052242,28719516,4549780,22101,15936,15.0,60.5
2994,16,19,6,75.3,56277.0,48057.0,7116,11657348.0,12052242,28719516,4549780,5500,3610,38.5,9.1
2995,16,20,1,97.0,49383.0,40485.0,9159,6133266.0,7396666,17491817,2603520,4525,4912,44.2,63.7
2996,16,20,2,89.4,37429.0,15124.0,5166,7064876.0,7396666,17491817,2603520,2408,2166,46.6,28.3
2997,16,20,3,54.1,85833.0,56943.0,12015,6145232.0,7396666,17491817,2603520,12616,6053,36.4,60.3
2998,16,20,4,72.7,57040.0,49919.0,13385,5392636.0,7396666,17491817,2603520,4833,2224,35.6,80.3
2999,16,20,5,82.9,15843.0,13131.0,2565,6502064.0,7396666,17491817,2603520,1874,1112,78.0,82.1
3000,16,20,6,75.7,84488.0,34267.0,7790,7073538.0,7396666,17491817,2603520,5454,5290,43.0,50.6
3001,16,21,1,58.0,49929.0,27724.0,2774,14645996.0,21616877,47536601,8264345,2820,1441,47.2,84.6
3002,16,21,2,87.3,170006.0,116766.0,19213,20650701.0,21616877,47536601,8264345,20290,15936,24.9,47.7
3003,16,21,3,72.4,67827.0,42858.0,5714,,21616877,47536601,8264345,5345,7279,48.2,30.8
3004,16,21,4,49.8,123044.0,71019.0,23691,17795098.0,21616877,47536601,8264345,9040,9752,52.3,57.3
3005,16,21,5,39.0,189208.0,120830.0,17718,14120106.0,21616877,47536601,8264345,18791,17467,26.4,7.2
3006,16,21,6,85.5,90022.0,42092.0,11724,18666754.0,21616877,47536601,8264345,5291,1895,49.0,60.0
3007,16,22,1,82.0,801.0,,131,147207.0,170162,407930,64782,47,63,34.7,26.7
3008,16,22,2,97.9,503.0,376.0,79,128599.0,170162,407930,64782,28,54,19.7,45.0
3009,16,22,3,46.1,2097.0,1684.0,506,112596.0,170162,407930,64782,95,50,11.2,44.9
3010,16,22,4,98.8,584.0,427.0,82,123760.0,170162,407930,64782,60,46,51.8,73.6
3011,16,22,5,83.0,600.0,472.0,66,163613.0,170162,407930,64782,70,74,40.4,46.5
3012,16,22,6,47.0,1359.0,833.0,213,164451.0,170162,407930,64782,60,64,65.7,49.5
3013,16,23,1,60.7,66656.0,29878.0,5397,13631057.0,20519576,43406203,6714336,6578,4171,75.3,26.2
3014,16,23,2,59.1,78968.0,34678.0,6282,12780337.0,20519576,43406203,6714336,2785,5415,62.8,64.3
3015,16,23,3,72.5,151020.0,75277.0,14599,17626379.0,20519576,43406203,6714336,4211,8194,62.8,39.3
3016,16,23,4,94.0,151862.0,101200.0,10181,,20519576,43406203,6714336,9492,16921,37.0,59.3
3017,16,23,5,63.5,175414.0,122827.0,20714,16523494.0,20519576,43406203,6714336,9736,18991,85.0,80.5
3018,16,23,6,87.2,122315.0,61125.0,13581,16407599.0,20519576,43406203,6714336,5415,7032,45.7,66.6
3019,16,24,1,80.6,63963.0,44079.0,11464,8250854.0,10234954,24844542,4621358,4877,1401,46.7,65.1
3020,16,24,2,81.8,111601.0,83799.0,10227,9752445.0,10234954,24844542,4621358,11967,9066,62.3,71.9
3021,16,24,3,83.9,47666.0,35072.0,6146,6899241.0,10234954,24844542,4621358,4415,6070,25.1,100.0
3022,16,24,4,77.8,24597.0,16221.0,3905,8783032.0,10234954,24844542,4621358,1715,2125,54.3,79.5
3023,16,24,5,90.6,98723.0,47781.0,16473,7516000.0,10234954,24844542,4621358,4375,2706,52.1,44.6
3024,16,24,6,92.8,21852.0,14926.0,1999,7208457.0,10234954,24844542,4621358,2621,685,66.2,65.5
3025,16,25,1,58.6,2976.0,1758.0,419,1060193.0,1222083,2581645,454006,108,224,40.1,33.8
3026,16,25,2,91.9,,2938.0,914,812722.0,1222083,2581645,454006,351,378,43.7,55.1
3027,16,25,3,92.5,4825.0,2732.0,832,1086602.0,1222083,2581645,454006,565,384,70.8,80.0
3028,16,25,4,92.9,8261.0,7432.0,1368,834000.0,1222083,2581645,454006,1065,740,50.5,65.1
3029,16,25,5,40.2,4530.0,3698.0,503,1053153.0,1222083,2581645,454006,800,389,43.3,60.3
3030,16,25,6,59.8,5439.0,3261.0,937,1023388.0,1222083,2581645,454006,406,429,51.7,48.5
3031,16,26,1,47.9,662958.0,559726.0,181093,44343509.0,57342035,132878101,21722737,64558,58135,32.5,27.2
3032,16,26,2,62.0,659645.0,518314.0,157069,46060772.0,57342035,132878101,21722737,55579,73614,81.4,20.8
3033,16,26,3,51.7,597377.0,335458.0,100071,52311883.0,57342035,132878101,21722737,83199,31122,70.6,51.8
3034,16,26,4,90.1,402533.0,290743.0,57997,44373399.0,57342035,132878101,21722737,54922,33578,54.7,52.0
3035,16,26,5,62.5,348364.0,238115.0,67312,49281584.0,57342035,132878101,21722737,48508,16994,39.7,88.3
3036,16,26,6,73.5,636735.0,549002.0,128097,39073691.0,57342035,132878101,21722737,103201,31500,59.0,65.8
3037,16,27,1,56.2,46953.0,30618.0,9104,3412315.0,5384089,12596671,2712454,4580,2964,72.4,25.6
3038,16,27,2,59.1,56425.0,,7897,4603088.0,5384089,12596671,2712454,3184,975,44.8,99.5
3039,16,27,3,87.9,59949.0,43941.0,10505,4509257.0,5384089,12596671,2712454,3224,5143,35.4,16.4
3040,16,27,4,47.6,57795.0,29732.0,5445,4739821.0,5384089,12596671,2712454,2845,3510,34.9,65.5
3041,16,27,5,53.0,44553.0,31912.0,7500,5070836.0,5384089,12596671,2712454,6950,2008,32.2,31.0
3042,16,27,6,43.9,44170.0,,8622,4932959.0,5384089,12596671,2712454,6778,3102,40.7,34.2
3043,16,28,1,95.9,122917.0,86533.0,17279,23473579.0,26102049,62223987,12015963,7235,12402,44.9,49.6
3044,16,28,2,57.6,255921.0,108714.0,32887,18762919.0,26102049,62223987,12015963,20252,13274,85.0,54.8
3045,16,28,3,40.9,66901.0,50293.0,13105,18427714.0,26102049,62223987,12015963,5824,7936,52.2,44.0
3046,16,28,4,59.8,292214.0,205624.0,34995,17335692.0,26102049,62223987,12015963,30776,29169,47.4,100.0
3047,16,28,5,96.5,93790.0,75302.0,24594,23946171.0,26102049,62223987,12015963,6247,4125,44.4,59.4
3048,16,28,6,45.6,121598.0,48675.0,14132,25087370.0,26102049,62223987,12015963,3652,5273,39.8,89.4
3049,16,29,1,59.2,33962.0,15530.0,3781,7624678.0,9631317,20051293,4401559,2015,677,69.0,90.0
3050,16,29,2,40.7,72380.0,61330.0,7510,8300443.0,9631317,20051293,4401559,14152,2512,43.1,71.7
3051,16,29,3,38.5,89006.0,39615.0,9656,7523833.0,9631317,20051293,4401559,8182,3429,29.6,40.6
3052,16,29,4,89.5,53827.0,44098.0,4528,6732979.0,9631317,20051293,4401559,4514,2434,38.3,45.9
3053,16,29,5,98.5,70403.0,49839.0,5833,6769654.0,9631317,20051293,4401559,7961,5590,47.7,41.8
3054,16,29,6,89.7,61122.0,31328.0,7848,6309582.0,9631317,20051293,4401559,5480,5152,22.2,37.8
3055,16,30,1,97.0,20860.0,13955.0,2417,3105171.0,3952930,7734927,1241009,1091,1305,42.8,26.1
3056,16,30,2,97.9,16388.0,9587.0,978,3519641.0,3952930,7734927,1241009,1153,1267,67.4,71.0
3057,16,30,3,83.3,27631.0,14195.0,2420,2829684.0,3952930,7734927,1241009,1673,1436,56.0,46.0
3058,16,30,4,44.1,18805.0,13641.0,4642,3217790.0,3952930,7734927,1241009,2431,1919,52.5,20.4
3059,16,30,5,57.8,34555.0,18487.0,4546,3727175.0,3952930,7734927,1241009,2036,1544,31.6,75.4
3060,16,30,6,43.5,29928.0,18259.0,2402,3544570.0,3952930,7734927,1241009,3306,2239,45.6,41.1
3061,16,31,1,42.5,533.0,462.0,81,61593.0,84389,169471,31321,68,62,60.6,52.1
3062,16,31,2,35.2,804.0,577.0,68,78820.0,84389,169471,31321,107,61,50.9,84.5
3063,16,31,3,55.6,890.0,731.0,224,67100.0,84389,169471,31321,176,94,42.7,53.5
3064,16,31,4,55.9,772.0,433.0,108,82683.0,84389,169471,31321,44,37,43.0,58.4
3065,16,31,5,75.7,315.0,279.0,29,73486.0,84389,169471,31321,60,42,72.3,34.4
3066,16,31,6,90.0,671.0,599.0,155,81810.0,84389,169471,31321,47,92,39.5,55.2
3067,16,32,1,66.0,3337.0,2954.0,796,270248.0,399271,860259,157442,493,472,21.6,51.6
3068,16,32,2,61.7,1578.0,1010.0,220,252947.0,399271,860259,157442,228,169,30.8,69.9
3069,16,32,3,57.9,1619.0,973.0,283,268594.0,399271,860259,157442,187,151,60.6,22.2
3070,16,32,4,72.2,2732.0,2405.0,507,353158.0,399271,860259,157442,426,277,49.7,47.8
3071,16,32,5,49.5,756.0,550.0,161,383349.0,399271,860259,157442,128,89,42.3,52.2
3072,16,32,6,90.8,1130.0,930.0,257,290007.0,399271,860259,157442,178,73,27.5,44.6
3073,17,1,1,85.8,41940.0,21786.0,3770,11063875.0,14217291,31625020,6328934,1874,3347,66.4,49.5
3074,17,1,2,70.2,147056.0,66305.0,10899,9251573.0,14217291,31625020,6328934,11145,5532,80.4,63.4
3075,17,1,3,81.1,137974.0,123408.0,41752,12045326.0,14217291,31625020,6328934,13976,15406,52.5,32.4
3076,17,1,4,88.9,,42498.0,6720,11360720.0,14217291,31625020,6328934,5805,4884,25.1,81.4
3077,17,1,5,65.2,54679.0,22625.0,5644,10410153.0,14217291,31625020,6328934,3885,1132,20.2,69.3
3078,17,1,6,86.8,59794.0,,8634,10985353.0,14217291,31625020,6328934,5338,6859,38.3,48.8
3079,17,2,1,40.7,945.0,815.0,222,399350.0,446856,953651,175909,199,127,63.6,35.7
3080,17,2,2,37.5,2782.0,2074.0,437,422139.0,446856,953651,175909,362,239,64.5,43.4
3081,17,2,3,59.9,3696.0,2571.0,384,295959.0,446856,953651,175909,254,317,52.3,74.3
3082,17,2,4,97.3,1696.0,1041.0,271,357113.0,446856,953651,175909,121,97,48.0,82.5
3083,17,2,5,93.9,1632.0,883.0,109,313073.0,446856,953651,175909,86,39,57.8,45.6
3084,17,2,6,73.9,3493.0,1522.0,278,384713.0,446856,953651,175909,173,268,35.9,68.2
3085,17,3,1,65.2,75386.0,44591.0,14397,9137394.0,9896649,20828721,3856556,7603,4315,68.4,71.7
3086,17,3,2,75.7,49766.0,38082.0,4373,6067638.0,9896649,20828721,3856556,7321,5006,45.9,44.9
3087,17,3,3,78.3,50272.0,42923.0,7012,7956389.0,9896649,20828721,3856556,3320,5993,33.7,57.7
3088,17,3,4,56.3,66669.0,51130.0,12877,7464066.0,9896649,20828721,3856556,2570,2787,56.6,53.7
3089,17,3,5,94.3,37209.0,17389.0,2690,8016208.0,9896649,20828721,3856556,2851,2488,43.3,33.1
3090,17,3,6,53.4,24028.0,20807.0,5996,9366858.0,9896649,20828721,3856556,3536,2043,25.9,56.8
3091,17,4,1,69.1,143173.0,65823.0,16442,25455419.0,32984507,77497954,10369870,6826,4687,49.8,14.0
3092,17,4,2,92.0,151011.0,123746.0,42855,27910943.0,32984507,77497954,10369870,21053,5711,68.7,56.6
3093,17,4,3,40.7,240542.0,118013.0,32309,21609968.0,32984507,77497954,10369870,17344,18840,78.3,55.2
3094,17,4,4,59.8,369531.0,280137.0,82108,28875646.0,32984507,77497954,10369870,23311,18399,29.7,41.0
3095,17,4,5,68.2,122733.0,64889.0,9181,28872349.0,32984507,77497954,10369870,8489,10441,83.7,65.6
3096,17,4,6,63.7,187750.0,100210.0,24243,25794889.0,32984507,77497954,10369870,6126,8031,30.7,0.0
3097,17,5,1,57.3,22135.0,11444.0,3674,5203950.0,7114058,17158379,3887539,1843,1667,25.7,41.0
3098,17,5,2,95.0,47669.0,39484.0,8473,6474893.0,7114058,17158379,3887539,2877,5082,66.6,78.1
3099,17,5,3,73.1,82815.0,66428.0,19796,6587439.0,7114058,17158379,3887539,6389,6273,50.3,78.8
3100,17,5,4,74.7,74076.0,61905.0,13262,6230410.0,7114058,17158379,3887539,3604,6333,35.0,86.2
3101,17,5,5,45.3,84537.0,67972.0,21693,6323004.0,7114058,17158379,3887539,9072,2994,49.6,73.4
3102,17,5,6,40.7,33159.0,21720.0,4330,5326672.0,7114058,17158379,3887539,5035,2149,50.8,68.7
3103,17,6,1,74.4,3474.0,2107.0,497,314364.0,392756,910770,145491,179,219,72.6,57.4
3104,17,6,2,97.8,1639.0,782.0,91,312085.0,392756,910770,145491,106,63,45.4,29.6
3105,17,6,3,42.7,3289.0,,530,345388.0,392756,910770,145491,495,69,64.2,31.7
3106,17,6,4,38.0,2078.0,1172.0,159,254821.0,392756,910770,145491,240,67,69.3,64.6
3107,17,6,5,57.9,3628.0,1803.0,440,339289.0,392756,910770,145491,134,216,48.2,59.8
3108,17,6,6,59.4,2640.0,1094.0,358,362051.0,392756,910770,145491,271,172,24.4,26.2
3109,17,7,1,76.7,60851.0,28508.0,8759,15738537.0,19904169,43337183,7194473,2901,2748,35.9,74.6
3110,17,7,2,85.0,96684.0,47298.0,8538,15157339.0,19904169,43337183,7194473,4501,4041,49.2,85.9
3111,17,7,3,58.5,94539.0,66165.0,17707,,19904169,43337183,7194473,6728,9480,49.5,60.6
3112,17,7,4,79.5,202277.0,122526.0,25182,19290380.0,19904169,43337183,7194473,13236,11081,38.1,44.2
3113,17,7,5,73.3,47035.0,23133.0,6304,13588531.0,19904169,43337183,7194473,2551,1328,86.8,76.2
3114,17,7,6,58.9,206576.0,111596.0,36839,19037749.0,19904169,43337183,7194473,21418,7193,63.7,72.5
3115,17,8,1,49.5,38740.0,30527.0,4729,7129880.0,7535784,18058661,2506996,3866,1714,72.5,50.8
3116,17,8,2,43.5,60557.0,48836.0,9511,6703492.0,7535784,18058661,2506996,8359,8494,45.9,65.4
3117,17,8,3,97.5,58409.0,26908.0,5923,5741876.0,7535784,18058661,2506996,3262,1126,50.0,74.5
3118,17,8,4,40.1,20940.0,11132.0,1602,6204481.0,7535784,18058661,2506996,869,484,,88.4
3119,17,8,5,85.8,68899.0,53045.0,5539,5151867.0,7535784,18058661,2506996,8243,7910,29.2,62.4
3120,17,8,6,43.2,35090.0,16275.0,4552,6657041.0,7535784,18058661,2506996,1163,1452,64.7,82.5
3121,17,9,1,86.7,12966.0,6016.0,1769,1115602.0,1840065,4157040,645064,636,360,39.9,41.3
3122,17,9,2,94.6,4793.0,2844.0,350,1343277.0,1840065,4157040,645064,373,349,53.8,74.1
3123,17,9,3,70.7,10808.0,7226.0,1934,1343092.0,1840065,4157040,645064,695,996,38.9,48.2
3124,17,9,4,61.5,19990.0,8558.0,2180,1252388.0,1840065,4157040,645064,1297,1017,54.8,53.3
3125,17,9,5,90.1,10463.0,5271.0,797,1480694.0,1840065,4157040,645064,1068,680,37.1,39.3
3126,17,9,6,48.3,9980.0,8412.0,2096,1466798.0,1840065,4157040,645064,1820,526,35.3,64.9
3127,17,10,1,77.4,45915.0,35314.0,5138,8389207.0,10450628,21785251,4767167,4400,6192,54.7,52.8
3128,17,10,2,39.8,81013.0,63432.0,15239,9691794.0,10450628,21785251,4767167,15040,9050,57.4,51.7
3129,17,10,3,48.8,33021.0,18389.0,4781,7437822.0,10450628,21785251,4767167,4529,1447,,37.9
3130,17,10,4,67.7,101208.0,74969.0,14215,6861895.0,10450628,21785251,4767167,12003,9575,35.9,56.5
3131,17,10,5,90.1,,85999.0,16684,9209265.0,10450628,21785251,4767167,4518,5899,55.5,43.0
3132,17,10,6,51.8,24794.0,11599.0,2256,9876105.0,10450628,21785251,4767167,1222,752,47.9,62.3
3133,17,11,1,97.3,188248.0,156469.0,37378,,16784695,39047957,7797560,30235,7009,53.1,43.1
3134,17,11,2,74.8,67370.0,30637.0,3390,12645652.0,16784695,39047957,7797560,3932,4908,67.0,52.5
3135,17,11,3,60.0,76323.0,57859.0,12541,14066500.0,16784695,39047957,7797560,10493,2172,38.9,39.8
3136,17,11,4,73.6,114654.0,93269.0,21394,12239839.0,16784695,39047957,7797560,7638,7153,33.7,58.9
3137,17,11,5,54.0,157353.0,80546.0,22591,11423407.0,16784695,39047957,7797560,19543,8714,43.8,47.0
3138,17,11,6,69.6,152888.0,81124.0,23282,11834799.0,16784695,39047957,7797560,15563,3071,22.8,41.1
3139,17,12,1,95.4,65273.0,36132.0,10983,8948732.0,10248290,19779735,3878166,1814,1247,46.5,76.9
3140,17,12,2,51.8,23979.0,14230.0,1790,8891123.0,10248290,19779735,3878166,2430,1250,58.5,55.2
3141,17,12,3,42.8,46195.0,20120.0,4442,9878029.0,10248290,19779735,3878166,4286,3451,53.7,38.0
3142,17,12,4,81.7,47639.0,22128.0,5045,9879446.0,10248290,19779735,3878166,4507,1651,57.1,43.1
3143,17,12,5,78.8,21144.0,13672.0,4315,8570013.0,10248290,19779735,3878166,2277,685,31.7,54.2
3144,17,12,6,96.7,47507.0,29215.0,5461,7192013.0,10248290,19779735,3878166,2472,3450,60.9,36.0
3145,17,13,1,62.3,47816.0,33275.0,5793,18303356.0,22369391,48261590,9656012,7056,1324,26.5,100.0
3146,17,13,2,61.9,73721.0,58740.0,6553,15256038.0,22369391,48261590,9656012,10886,7768,71.8,62.0
3147,17,13,3,50.4,241181.0,195652.0,53111,14979449.0,22369391,48261590,9656012,38325,28634,29.0,35.8
3148,17,13,4,64.5,175312.0,79032.0,21553,13986393.0,22369391,48261590,9656012,11305,8935,35.5,87.3
3149,17,13,5,65.5,137972.0,79786.0,21049,20028019.0,22369391,48261590,9656012,16892,3220,39.6,77.8
3150,17,13,6,61.0,189716.0,141453.0,35418,13759218.0,22369391,48261590,9656012,23733,19601,51.2,86.1
3151,17,14,1,42.4,,303719.0,68398,24563206.0,36316176,70188499,16029666,42027,42017,53.1,58.8
3152,17,14,2,50.3,152091.0,108897.0,21987,32503215.0,36316176,70188499,16029666,16873,5639,69.2,72.3
3153,17,14,3,94.5,240827.0,215435.0,31987,26798671.0,36316176,70188499,16029666,38923,8933,51.1,72.8
3154,17,14,4,97.5,359962.0,211775.0,34802,31432957.0,36316176,70188499,16029666,49246,19227,41.9,36.5
3155,17,14,5,37.1,91251.0,57894.0,9456,29903466.0,36316176,70188499,16029666,8746,9363,,71.3
3156,17,14,6,59.8,188932.0,,19373,33439305.0,36316176,70188499,16029666,14168,6265,,40.8
3157,17,15,1,56.5,2499.0,1514.0,264,785839.0,857224,1753248,395740,365,46,26.2,38.0
3158,17,15,2,52.1,1629.0,886.0,269,835094.0,857224,1753248,395740,134,97,71.5,44.1
3159,17,15,3,94.1,3443.0,2905.0,601,773427.0,857224,1753248,395740,715,229,52.1,33.6
3160,17,15,4,73.1,9066.0,7498.0,1957,809491.0,857224,1753248,395740,1096,373,25.5,47.5
3161,17,15,5,91.8,6434.0,3064.0,559,605214.0,857224,1753248,395740,452,405,48.4,73.3
3162,17,15,6,44.3,3849.0,1988.0,669,769773.0,857224,1753248,395740,439,61,59.1,16.5
3163,17,16,1,47.5,2084.0,968.0,106,673410.0,914350,1946394,318499,84,138,43.3,77.8
3164,17,16,2,73.7,5159.0,4081.0,667,552739.0,914350,1946394,318499,256,288,61.6,24.2
3165,17,16,3,80.6,5630.0,2778.0,452,697400.0,914350,1946394,318499,365,489,21.7,46.0
3166,17,16,4,74.6,1764.0,1284.0,322,697666.0,914350,1946394,318499,165,143,57.0,33.0
3167,17,16,5,92.9,9444.0,3921.0,1127,702433.0,914350,1946394,318499,416,488,37.1,64.2
3168,17,16,6,77.4,8316.0,4378.0,1467,757112.0,914350,1946394,318499,391,176,71.9,83.0
3169,17,17,1,62.8,2174.0,1084.0,201,309065.0,356697,728515,164273,210,117,64.2,59.3
3170,17,17,2,38.0,1493.0,851.0,213,320196.0,356697,728515,164273,44,96,56.5,45.0
3171,17,17,3,76.7,673.0,329.0,92,256607.0,356697,728515,164273,28,32,45.1,45.8
3172,17,17,4,58.8,750.0,403.0,87,342869.0,356697,728515,164273,74,46,55.0,71.8
3173,17,17,5,67.6,671.0,303.0,79,310408.0,356697,728515,164273,69,16,41.3,37.0
3174,17,17,6,40.7,2439.0,1369.0,257,329294.0,356697,728515,164273,88,42,49.8,55.0
3175,17,18,1,96.6,1383.0,783.0,138,532338.0,598696,1224178,274270,160,34,47.2,71.9
3176,17,18,2,87.4,3371.0,1928.0,558,489329.0,598696,1224178,274270,228,255,75.1,33.9
3177,17,18,3,38.2,3205.0,2637.0,547,364243.0,598696,1224178,274270,439,166,62.0,54.7
3178,17,18,4,52.7,1671.0,788.0,113,419716.0,598696,1224178,274270,96,138,63.8,60.9
3179,17,18,5,68.7,5697.0,3083.0,437,487020.0,598696,1224178,274270,246,412,50.1,41.1
3180,17,18,6,76.1,5099.0,3051.0,440,,598696,1224178,274270,209,144,33.7,64.4
3181,17,19,1,85.0,120964.0,108657.0,36264,11568369.0,12917551,27656513,5064017,22081,15497,55.9,62.3
3182,17,19,2,53.7,,115854.0,36137,12238013.0,12917551,27656513,5064017,24782,11890,25.1,68.4
3183,17,19,3,38.7,24580.0,18637.0,4839,10449590.0,12917551,27656513,5064017,2663,1470,37.4,75.2
3184,17,19,4,75.6,103308.0,65595.0,7193,9151142.0,12917551,27656513,5064017,5276,10307,58.0,56.2
3185,17,19,5,72.3,136479.0,80734.0,17966,9515990.0,12917551,27656513,5064017,14048,8279,56.5,54.4
3186,17,19,6,38.2,79514.0,52122.0,15946,8904856.0,12917551,27656513,5064017,4707,5489,17.6,56.5
3187,17,20,1,61.7,35754.0,23804.0,5981,7021294.0,8044397,18690068,2722573,4761,1089,61.3,29.9
3188,17,20,2,77.4,62226.0,40923.0,10786,6454906.0,8044397,18690068,2722573,4959,2935,67.2,36.4
3189,17,20,3,89.4,60127.0,24932.0,7449,5794183.0,8044397,18690068,2722573,1717,3957,69.4,33.6
3190,17,20,4,57.2,85380.0,59955.0,11138,7784987.0,8044397,18690068,2722573,7156,9470,,38.1
3191,17,20,5,56.5,42335.0,28526.0,5274,5265269.0,8044397,18690068,2722573,4817,1229,52.7,23.0
3192,17,20,6,92.4,54665.0,40179.0,10623,7191487.0,8044397,18690068,2722573,9927,6163,47.7,79.0
3193,17,21,1,86.3,92765.0,75194.0,14567,20562083.0,21217457,48985477,6998839,15339,3314,49.2,70.5
3194,17,21,2,50.5,,72727.0,21897,14882728.0,21217457,48985477,6998839,13863,9147,78.6,69.5
3195,17,21,3,35.4,94283.0,44923.0,10182,14293137.0,21217457,48985477,6998839,3387,7015,56.4,86.3
3196,17,21,4,73.0,86682.0,67343.0,11598,15134698.0,21217457,48985477,6998839,8330,7079,55.6,57.6
3197,17,21,5,89.2,215386.0,155513.0,22786,15158015.0,21217457,48985477,6998839,32394,27505,,42.5
3198,17,21,6,57.0,183056.0,77232.0,17420,14867072.0,21217457,48985477,6998839,8915,10454,25.1,52.5
3199,17,22,1,83.4,611.0,457.0,106,118374.0,182807,387099,82452,73,72,87.8,39.4
3200,17,22,2,86.0,1819.0,1451.0,447,178090.0,182807,387099,82452,333,154,57.8,96.6
3201,17,22,3,57.3,668.0,600.0,159,146043.0,182807,387099,82452,39,100,26.0,55.0
3202,17,22,4,67.1,1145.0,754.0,167,156336.0,182807,387099,82452,164,66,64.2,61.7
3203,17,22,5,63.8,,445.0,112,135149.0,182807,387099,82452,43,29,32.8,45.3
3204,17,22,6,80.2,1170.0,977.0,316,160504.0,182807,387099,82452,232,105,35.6,32.9
3205,17,23,1,51.3,219411.0,102881.0,15895,18395940.0,20531180,48362031,7758426,17759,7825,40.0,21.7
3206,17,23,2,68.7,92095.0,50344.0,5312,13464980.0,20531180,48362031,7758426,10668,3067,44.5,19.4
3207,17,23,3,85.7,193117.0,165667.0,24500,16836174.0,20531180,48362031,7758426,17477,25316,45.6,48.7
3208,17,23,4,46.0,202755.0,85306.0,24496,17663402.0,20531180,48362031,7758426,20018,5061,47.6,51.4
3209,17,23,5,59.2,53597.0,42316.0,5564,19670737.0,20531180,48362031,7758426,8406,4131,84.7,57.5
3210,17,23,6,49.2,159993.0,129370.0,30148,14157624.0,20531180,48362031,7758426,19194,6072,27.1,28.0
3211,17,24,1,42.5,98874.0,63760.0,14732,8376963.0,10149636,24601273,4426530,9379,9943,50.9,51.5
3212,17,24,2,47.6,56868.0,50012.0,17105,9494299.0,10149636,24601273,4426530,2679,5837,50.6,86.2
3213,17,24,3,87.8,42196.0,34195.0,5612,8865394.0,10149636,24601273,4426530,6654,1477,44.8,77.7
3214,17,24,4,57.2,118541.0,78498.0,14043,9771123.0,10149636,24601273,4426530,7727,11572,60.5,73.5
3215,17,24,5,44.2,66655.0,34467.0,4735,6959179.0,10149636,24601273,4426530,4057,3949,63.6,42.1
3216,17,24,6,93.5,44346.0,19883.0,5882,9233652.0,10149636,24601273,4426530,3808,2554,47.8,22.4
3217,17,25,1,91.0,11243.0,,1078,708387.0,991833,2264741,429993,817,598,42.6,87.7
3218,17,25,2,52.8,10329.0,7576.0,1017,945771.0,991833,2264741,429993,1204,1228,53.6,54.1
3219,17,25,3,79.7,5423.0,3279.0,819,970995.0,991833,2264741,429993,530,255,22.0,67.4
3220,17,25,4,36.7,9177.0,8060.0,1452,853043.0,991833,2264741,429993,1257,1124,33.1,80.2
3221,17,25,5,76.4,2259.0,1312.0,334,823109.0,991833,2264741,429993,235,180,27.6,64.5
3222,17,25,6,65.6,4522.0,3780.0,569,724031.0,991833,2264741,429993,827,250,49.8,62.3
3223,17,26,1,60.3,120470.0,84007.0,21663,,57665398,131074401,20192632,14445,5785,45.0,79.1
3224,17,26,2,65.5,569910.0,276714.0,29053,42387153.0,57665398,131074401,20192632,22245,14583,34.2,62.3
3225,17,26,3,68.4,353274.0,173662.0,60561,45043235.0,57665398,131074401,20192632,30574,16632,46.3,83.4
3226,17,26,4,44.4,174236.0,71939.0,16816,56384786.0,57665398,131074401,20192632,12902,2607,48.8,75.2
3227,17,26,5,86.4,260780.0,215497.0,68098,47662586.0,57665398,131074401,20192632,37025,14204,42.5,52.5
3228,17,26,6,50.3,519218.0,358898.0,36537,51354885.0,57665398,131074401,20192632,55000,43771,49.3,61.7
3229,17,27,1,95.4,52632.0,42571.0,11269,3930556.0,5734287,11438554,2770492,2465,4049,35.9,91.6
3230,17,27,2,56.4,59869.0,41403.0,13939,3507147.0,5734287,11438554,2770492,8219,6241,64.2,26.1
3231,17,27,3,54.5,39737.0,26860.0,8065,4774188.0,5734287,11438554,2770492,4709,1448,27.0,62.1
3232,17,27,4,43.0,47539.0,36365.0,10806,4105111.0,5734287,11438554,2770492,5448,4161,49.9,72.1
3233,17,27,5,91.5,10965.0,5766.0,1319,4023884.0,5734287,11438554,2770492,1119,767,56.9,67.3
3234,17,27,6,68.5,23516.0,10643.0,1405,5496824.0,5734287,11438554,2770492,1981,1907,78.1,77.2
3235,17,28,1,96.3,89984.0,69455.0,20036,27697665.0,28953153,56940852,8468141,5643,6196,48.7,19.0
3236,17,28,2,96.7,190490.0,132996.0,32961,20131835.0,28953153,56940852,8468141,17918,13882,75.5,60.7
3237,17,28,3,93.8,57948.0,,6625,22119799.0,28953153,56940852,8468141,8816,3964,46.4,39.5
3238,17,28,4,93.1,53582.0,46794.0,5341,25549962.0,28953153,56940852,8468141,4522,2145,71.2,62.4
3239,17,28,5,65.6,267861.0,189373.0,49284,26661852.0,28953153,56940852,8468141,18489,33967,49.0,28.5
3240,17,28,6,78.3,134832.0,90202.0,30158,27068323.0,28953153,56940852,8468141,5689,14405,63.9,25.4
3241,17,29,1,63.0,,34558.0,4909,9077474.0,9762918,20237354,4598871,6476,1737,98.6,52.9
3242,17,29,2,41.5,78415.0,56133.0,15310,9006763.0,9762918,20237354,4598871,9744,4020,,56.2
3243,17,29,3,72.7,59667.0,43557.0,8248,7896267.0,9762918,20237354,4598871,9052,2525,30.8,71.4
3244,17,29,4,95.3,87552.0,47321.0,7914,7793666.0,9762918,20237354,4598871,9518,5046,39.6,52.0
3245,17,29,5,47.6,66339.0,39480.0,8654,7163325.0,9762918,20237354,4598871,6827,3398,54.8,31.2
3246,17,29,6,92.8,54313.0,32953.0,10305,7374434.0,9762918,20237354,4598871,7495,1883,80.1,58.7
3247,17,30,1,98.0,29156.0,15129.0,2151,2463700.0,3542324,8013311,1460082,2474,2653,49.7,42.9
3248,17,30,2,84.8,30235.0,19001.0,4833,2702253.0,3542324,8013311,1460082,1175,1845,35.3,40.2
3249,17,30,3,65.6,18360.0,15959.0,3475,2332317.0,3542324,8013311,1460082,2144,627,29.4,43.8
3250,17,30,4,45.2,37945.0,16918.0,5378,2608953.0,3542324,8013311,1460082,3668,1428,35.4,73.7
3251,17,30,5,74.4,8128.0,3720.0,1175,2923077.0,3542324,8013311,1460082,817,351,62.1,66.2
3252,17,30,6,71.3,22496.0,17953.0,3566,3132321.0,3542324,8013311,1460082,3771,1800,73.7,48.4
3253,17,31,1,88.9,416.0,270.0,31,60963.0,88384,165261,31892,56,8,54.0,69.9
3254,17,31,2,125.4,574.0,236.0,70,72149.0,88384,165261,31892,58,13,71.7,13.9
3255,17,31,3,64.2,379.0,275.0,71,75408.0,88384,165261,31892,23,27,41.9,46.5
3256,17,31,4,83.4,275.0,148.0,16,69851.0,88384,165261,31892,10,24,0.0,57.9
3257,17,31,5,96.3,373.0,174.0,40,59859.0,88384,165261,31892,40,7,46.6,43.9
3258,17,31,6,83.6,603.0,268.0,70,79227.0,88384,165261,31892,47,44,10.1,41.2
3259,17,32,1,81.7,2248.0,1431.0,396,328404.0,383549,880833,181897,247,87,25.9,58.0
3260,17,32,2,58.2,3277.0,2237.0,370,368795.0,383549,880833,181897,269,320,57.8,58.3
3261,17,32,3,50.2,3695.0,2735.0,356,299384.0,383549,880833,181897,142,88,38.7,80.5
3262,17,32,4,53.7,1417.0,1247.0,323,233757.0,383549,880833,181897,171,147,35.3,78.6
3263,17,32,5,37.8,1934.0,958.0,326,321421.0,383549,880833,181897,113,160,57.1,68.5
3264,17,32,6,75.2,1749.0,1155.0,357,253576.0,383549,880833,181897,217,109,38.8,74.9
3265,18,1,1,37.8,88153.0,38430.0,10499,9808624.0,14324367,33199174,6618230,7629,3537,32.5,50.1
3266,18,1,2,49.2,75466.0,56058.0,16767,8610434.0,14324367,33199174,6618230,7065,3448,79.9,74.4
3267,18,1,3,88.8,119535.0,92731.0,18665,9051294.0,14324367,33199174,6618230,9202,8358,42.0,48.3
3268,18,1,4,66.7,58160.0,38132.0,9404,12549722.0,14324367,33199174,6618230,8884,6364,16.2,31.9
3269,18,1,5,56.1,150177.0,110969.0,23569,10430418.0,14324367,33199174,6618230,13723,18599,60.8,89.3
3270,18,1,6,48.1,68226.0,40609.0,11625,9907009.0,14324367,33199174,6618230,8045,1771,27.0,18.7
3271,18,2,1,95.5,1341.0,865.0,282,279760.0,446512,891115,194134,120,122,38.6,69.9
3272,18,2,2,83.5,3079.0,2160.0,517,297175.0,446512,891115,194134,353,272,57.5,38.8
3273,18,2,3,69.5,4489.0,3704.0,1236,268995.0,446512,891115,194134,262,290,,84.5
3274,18,2,4,51.6,1857.0,1429.0,444,332298.0,446512,891115,194134,144,96,66.0,54.5
3275,18,2,5,94.7,3123.0,2446.0,482,292907.0,446512,891115,194134,214,307,71.0,50.8
3276,18,2,6,36.2,2119.0,1491.0,484,319863.0,446512,891115,194134,286,217,52.9,88.4
3277,18,3,1,61.8,59268.0,35382.0,8128,7695877.0,9445152,22190588,4325398,4285,4108,48.4,65.3
3278,18,3,2,87.5,96064.0,84313.0,16575,6206175.0,9445152,22190588,4325398,9199,13914,54.7,37.8
3279,18,3,3,83.9,77729.0,42260.0,12538,6577815.0,9445152,22190588,4325398,5573,1350,27.1,29.3
3280,18,3,4,98.0,46770.0,22618.0,7081,8503377.0,9445152,22190588,4325398,2489,2878,64.9,28.8
3281,18,3,5,54.9,52956.0,30797.0,10480,6645849.0,9445152,22190588,4325398,3633,1682,52.2,87.1
3282,18,3,6,50.6,65748.0,49433.0,16269,,9445152,22190588,4325398,5244,3212,28.5,65.6
3283,18,4,1,50.6,85805.0,62640.0,8646,34600960.0,36584361,76625924,17215831,5204,7834,89.5,64.9
3284,18,4,2,98.9,323551.0,262573.0,47605,,36584361,76625924,17215831,56777,44344,57.9,29.3
3285,18,4,3,55.2,313550.0,157715.0,34322,22750317.0,36584361,76625924,17215831,28005,6119,37.2,49.1
3286,18,4,4,52.1,255171.0,139322.0,19340,33334937.0,36584361,76625924,17215831,10586,14629,60.5,47.7
3287,18,4,5,82.9,104183.0,88029.0,18075,,36584361,76625924,17215831,11246,7859,19.3,78.4
3288,18,4,6,37.0,,298273.0,45324,26899927.0,36584361,76625924,17215831,41655,18487,55.6,52.0
3289,18,5,1,96.0,40532.0,,5267,6630058.0,7568598,16837599,3400790,4786,746,51.0,27.4
3290,18,5,2,42.4,75334.0,57932.0,16582,6711787.0,7568598,16837599,3400790,8578,2703,61.4,49.7
3291,18,5,3,36.5,59748.0,,5267,6417653.0,7568598,16837599,3400790,3777,3221,43.0,54.8
3292,18,5,4,69.9,21982.0,13358.0,3784,5838242.0,7568598,16837599,3400790,2628,2127,60.4,71.9
3293,18,5,5,56.1,59362.0,44901.0,13212,5820286.0,7568598,16837599,3400790,6827,1395,57.6,57.6
3294,18,5,6,82.7,86976.0,38125.0,7262,6863061.0,7568598,16837599,3400790,2425,2598,16.2,36.4
3295,18,6,1,55.6,2700.0,1704.0,267,353201.0,448441,968785,145307,111,249,75.8,73.9
3296,18,6,2,41.9,,988.0,339,338791.0,448441,968785,145307,75,36,,53.2
3297,18,6,3,76.9,4605.0,3053.0,1021,276483.0,448441,968785,145307,669,514,19.1,28.8
3298,18,6,4,40.5,2317.0,1147.0,152,435317.0,448441,968785,145307,283,93,21.0,43.0
3299,18,6,5,94.2,2696.0,1839.0,514,420890.0,448441,968785,145307,283,196,82.6,53.9
3300,18,6,6,61.0,2628.0,1166.0,261,429866.0,448441,968785,145307,116,205,61.5,16.1
3301,18,7,1,44.3,114803.0,89284.0,28741,16927716.0,19371172,42489826,9695054,16156,3859,46.8,45.3
3302,18,7,2,68.3,44731.0,33444.0,11103,13529621.0,19371172,42489826,9695054,6483,5393,86.2,57.1
3303,18,7,3,74.1,139338.0,103695.0,20900,16420331.0,19371172,42489826,9695054,15092,10898,45.1,0.0
3304,18,7,4,96.4,193653.0,93355.0,32091,13917581.0,19371172,42489826,9695054,15675,10113,42.7,60.3
3305,18,7,5,51.8,121279.0,86313.0,29306,13327920.0,19371172,42489826,9695054,12714,5872,64.5,48.5
3306,18,7,6,72.7,84640.0,66641.0,17588,13451374.0,19371172,42489826,9695054,15950,10303,36.3,91.5
3307,18,8,1,85.2,56691.0,31259.0,3459,5787693.0,8669954,16332090,2375565,2248,4871,31.1,28.2
3308,18,8,2,40.6,84778.0,73483.0,10032,,8669954,16332090,2375565,13705,12080,100.0,39.7
3309,18,8,3,36.1,22998.0,14536.0,4315,6302782.0,8669954,16332090,2375565,2509,2085,63.5,99.9
3310,18,8,4,86.1,79960.0,68624.0,14573,8114824.0,8669954,16332090,2375565,12476,5405,51.7,46.6
3311,18,8,5,90.1,70351.0,44069.0,13063,8174037.0,8669954,16332090,2375565,10473,6147,37.6,46.6
3312,18,8,6,64.0,,41351.0,13895,,8669954,16332090,2375565,10178,6107,59.3,62.0
3313,18,9,1,85.8,20441.0,16125.0,4761,1734178.0,2114238,4514418,964141,2453,2313,57.7,89.6
3314,18,9,2,86.3,7732.0,6423.0,1315,1903108.0,2114238,4514418,964141,1220,250,72.8,37.0
3315,18,9,3,82.0,5849.0,2835.0,703,1402975.0,2114238,4514418,964141,492,372,68.8,72.9
3316,18,9,4,79.6,8242.0,4449.0,1416,1752183.0,2114238,4514418,964141,878,240,48.7,62.6
3317,18,9,5,36.4,18416.0,11624.0,3860,1606026.0,2114238,4514418,964141,2148,371,10.9,100.0
3318,18,9,6,95.7,5102.0,4309.0,1143,1858964.0,2114238,4514418,964141,959,508,50.1,61.3
3319,18,10,1,83.8,,53925.0,18563,9634141.0,9859923,23695037,3994475,6421,2308,64.7,30.1
3320,18,10,2,135.1,114729.0,52526.0,6476,5979314.0,9859923,23695037,3994475,9140,3768,42.2,72.7
3321,18,10,3,70.2,42064.0,36840.0,12479,8859553.0,9859923,23695037,3994475,2500,5527,51.7,48.4
3322,18,10,4,77.5,98272.0,85428.0,15459,6459428.0,9859923,23695037,3994475,17128,4453,36.5,75.0
3323,18,10,5,57.2,39695.0,17274.0,5183,7143151.0,9859923,23695037,3994475,3966,1567,,77.1
3324,18,10,6,89.0,39010.0,29801.0,7658,6529913.0,9859923,23695037,3994475,2341,2082,87.4,64.5
3325,18,11,1,86.3,85151.0,38130.0,6275,12957269.0,17548580,41883131,8673482,9365,1701,65.4,31.7
3326,18,11,2,38.8,118097.0,96328.0,33004,14698143.0,17548580,41883131,8673482,22859,15188,71.8,91.6
3327,18,11,3,41.6,40878.0,24754.0,6051,12580808.0,17548580,41883131,8673482,3063,907,54.7,78.9
3328,18,11,4,50.1,188379.0,142937.0,33937,13661190.0,17548580,41883131,8673482,20508,24637,55.8,28.5
3329,18,11,5,60.5,181628.0,155937.0,39251,14719617.0,17548580,41883131,8673482,38778,20736,58.3,76.4
3330,18,11,6,62.4,119226.0,53955.0,8755,12973970.0,17548580,41883131,8673482,11365,6085,74.0,48.5
3331,18,12,1,38.4,63457.0,28737.0,3745,9930803.0,10685542,20339749,3784824,5011,3377,62.9,64.7
3332,18,12,2,70.4,73808.0,46617.0,5701,10124345.0,10685542,20339749,3784824,3401,2517,42.5,80.9
3333,18,12,3,38.6,97540.0,70243.0,24543,8813729.0,10685542,20339749,3784824,15206,11159,60.8,48.5
3334,18,12,4,47.2,67852.0,44663.0,11068,6948072.0,10685542,20339749,3784824,10623,3300,29.6,71.3
3335,18,12,5,75.6,43154.0,20286.0,2352,9461448.0,10685542,20339749,3784824,2074,1996,52.1,38.6
3336,18,12,6,73.1,85197.0,39930.0,4325,6959945.0,10685542,20339749,3784824,8503,1864,39.7,20.9
3337,18,13,1,82.6,148808.0,130122.0,25597,17855192.0,25070246,48287298,7589217,10968,16730,23.5,70.7
3338,18,13,2,87.4,173757.0,114082.0,37256,19094651.0,25070246,48287298,7589217,9227,11384,77.1,43.8
3339,18,13,3,76.8,76926.0,35045.0,7835,22583125.0,25070246,48287298,7589217,2443,3587,51.2,29.1
3340,18,13,4,61.0,,101796.0,11701,20930569.0,25070246,48287298,7589217,22899,9456,27.7,38.7
3341,18,13,5,43.5,142309.0,89256.0,13871,18342991.0,25070246,48287298,7589217,17876,6224,,51.8
3342,18,13,6,43.6,73779.0,58914.0,18018,23837136.0,25070246,48287298,7589217,4055,5271,54.1,66.0
3343,18,14,1,81.6,360962.0,266956.0,54103,23303853.0,32623029,73159029,14242350,42244,23503,68.9,69.5
3344,18,14,2,65.6,217079.0,108282.0,28465,30412216.0,32623029,73159029,14242350,18680,3510,57.5,80.1
3345,18,14,3,84.3,85076.0,57897.0,13178,27770483.0,32623029,73159029,14242350,5017,10397,40.3,49.2
3346,18,14,4,54.3,267109.0,176565.0,41740,23011654.0,32623029,73159029,14242350,33867,24427,46.1,68.1
3347,18,14,5,88.6,169809.0,142196.0,29162,26927209.0,32623029,73159029,14242350,9838,17108,66.1,34.6
3348,18,14,6,56.0,234016.0,106488.0,25181,25823634.0,32623029,73159029,14242350,13951,4060,41.8,85.3
3349,18,15,1,94.7,3574.0,1924.0,270,676771.0,918122,1799226,416570,208,151,79.1,23.7
3350,18,15,2,37.9,7986.0,3747.0,526,568313.0,918122,1799226,416570,714,399,70.7,27.4
3351,18,15,3,52.1,4204.0,2775.0,278,858908.0,918122,1799226,416570,168,337,,41.9
3352,18,15,4,87.3,6553.0,5507.0,703,683245.0,918122,1799226,416570,1101,868,20.2,68.3
3353,18,15,5,85.5,8277.0,6922.0,1011,650905.0,918122,1799226,416570,736,752,37.2,36.0
3354,18,15,6,49.3,9204.0,6733.0,1799,563606.0,918122,1799226,416570,1033,924,53.8,62.6
3355,18,16,1,37.9,5228.0,3352.0,480,595103.0,825041,2000235,279683,639,260,65.1,76.3
3356,18,16,2,98.7,6113.0,5015.0,771,731905.0,825041,2000235,279683,935,895,64.3,50.9
3357,18,16,3,81.7,2659.0,1112.0,151,795856.0,825041,2000235,279683,112,150,,54.3
3358,18,16,4,71.0,1865.0,1356.0,246,559681.0,825041,2000235,279683,335,237,44.7,52.9
3359,18,16,5,52.0,6199.0,3972.0,1111,756981.0,825041,2000235,279683,611,217,51.8,70.1
3360,18,16,6,68.5,9159.0,4609.0,550,659144.0,825041,2000235,279683,1083,169,43.9,55.4
3361,18,17,1,36.1,3328.0,2744.0,783,233438.0,357959,672225,111104,314,165,38.5,73.0
3362,18,17,2,57.4,941.0,592.0,197,300019.0,357959,672225,111104,73,84,63.4,53.2
3363,18,17,3,43.5,2052.0,1543.0,396,256985.0,357959,672225,111104,196,237,50.5,52.5
3364,18,17,4,40.5,1790.0,1236.0,124,267320.0,357959,672225,111104,207,107,57.5,59.5
3365,18,17,5,64.1,927.0,615.0,104,,357959,672225,111104,94,27,40.7,43.8
3366,18,17,6,85.6,1310.0,1148.0,364,337185.0,357959,672225,111104,189,92,46.6,51.1
3367,18,18,1,97.2,,3084.0,986,,547319,1251831,189088,748,179,59.1,56.4
3368,18,18,2,57.4,2988.0,2491.0,800,427704.0,547319,1251831,189088,385,149,50.5,81.3
3369,18,18,3,73.5,3955.0,1762.0,211,456371.0,547319,1251831,189088,140,244,38.9,68.8
3370,18,18,4,65.8,1742.0,765.0,156,,547319,1251831,189088,166,36,36.4,76.5
3371,18,18,5,40.0,3477.0,2911.0,303,471869.0,547319,1251831,189088,414,210,64.6,66.0
3372,18,18,6,69.6,3498.0,2270.0,236,372162.0,547319,1251831,189088,484,350,23.8,68.0
3373,18,19,1,97.3,46987.0,19035.0,2146,8707922.0,13568788,28137630,6419594,4463,1417,35.2,46.8
3374,18,19,2,85.7,82557.0,67279.0,21070,8164782.0,13568788,28137630,6419594,7342,11251,72.0,95.3
3375,18,19,3,37.3,35805.0,30613.0,6218,8963161.0,13568788,28137630,6419594,5021,3577,60.0,63.6
3376,18,19,4,97.2,68366.0,30229.0,9985,10544846.0,13568788,28137630,6419594,3470,4492,37.1,37.8
3377,18,19,5,49.6,104903.0,46541.0,6015,8440641.0,13568788,28137630,6419594,2883,2389,69.0,56.0
3378,18,19,6,72.6,109124.0,54892.0,17399,9259423.0,13568788,28137630,6419594,13114,7079,58.7,43.3
3379,18,20,1,90.3,64980.0,43059.0,6331,6867682.0,7513678,17242985,2453675,3018,4970,29.6,57.2
3380,18,20,2,67.3,83052.0,66694.0,7175,5224578.0,7513678,17242985,2453675,5454,10022,22.6,64.7
3381,18,20,3,77.4,,16164.0,2067,7115304.0,7513678,17242985,2453675,1229,1254,58.4,56.2
3382,18,20,4,73.1,35225.0,31026.0,6914,5621001.0,7513678,17242985,2453675,5603,1120,55.9,63.0
3383,18,20,5,73.5,23506.0,16125.0,5476,6628807.0,7513678,17242985,2453675,3335,1218,41.9,66.9
3384,18,20,6,68.8,69781.0,38764.0,11348,5054465.0,7513678,17242985,2453675,7494,2829,54.2,90.1
3385,18,21,1,59.9,106771.0,62763.0,7410,23029887.0,24017363,45861574,10813950,15679,3122,49.2,53.0
3386,18,21,2,52.4,202691.0,81114.0,16636,,24017363,45861574,10813950,18469,5232,58.5,58.1
3387,18,21,3,94.4,102560.0,81857.0,10850,19421997.0,24017363,45861574,10813950,17411,7939,42.9,75.3
3388,18,21,4,39.0,171301.0,85093.0,19751,16791582.0,24017363,45861574,10813950,4772,14227,28.7,73.0
3389,18,21,5,97.9,213975.0,132245.0,41370,16653035.0,24017363,45861574,10813950,28272,8642,54.7,46.9
3390,18,21,6,79.3,44175.0,23155.0,3392,23448290.0,24017363,45861574,10813950,-1438,2426,37.6,58.1
3391,18,22,1,64.2,1532.0,1347.0,351,168876.0,195758,405036,66842,91,202,54.4,77.0
3392,18,22,2,48.9,767.0,635.0,101,144845.0,195758,405036,66842,52,64,68.2,76.7
3393,18,22,3,43.6,928.0,649.0,224,136914.0,195758,405036,66842,101,77,63.9,57.8
3394,18,22,4,92.5,898.0,645.0,92,141241.0,195758,405036,66842,119,40,48.0,35.5
3395,18,22,5,35.7,1738.0,793.0,180,189296.0,195758,405036,66842,175,141,80.1,84.7
3396,18,22,6,72.9,1635.0,1458.0,262,137178.0,195758,405036,66842,319,79,15.3,83.8
3397,18,23,1,62.0,187570.0,92932.0,15973,,22387914,43581046,9961151,10161,9697,18.6,53.7
3398,18,23,2,75.4,130070.0,113386.0,31691,15019176.0,22387914,43581046,9961151,20863,16671,46.8,0.0
3399,18,23,3,82.2,59907.0,33595.0,11105,16402581.0,22387914,43581046,9961151,1913,2911,36.6,60.5
3400,18,23,4,77.8,61455.0,33944.0,5242,19479181.0,22387914,43581046,9961151,3864,3062,54.2,15.2
3401,18,23,5,68.2,227676.0,187892.0,65141,18015832.0,22387914,43581046,9961151,45224,26996,54.9,49.3
3402,18,23,6,72.8,173643.0,70287.0,12797,19127825.0,22387914,43581046,9961151,11317,6010,63.1,72.7
3403,18,24,1,83.1,101418.0,88050.0,16730,8475312.0,10792056,22256186,5423690,20250,6471,41.9,65.1
3404,18,24,2,76.7,75539.0,58409.0,6696,,10792056,22256186,5423690,8492,1937,50.2,56.2
3405,18,24,3,56.6,66382.0,,13685,6689348.0,10792056,22256186,5423690,4810,6649,31.6,61.3
3406,18,24,4,85.3,31685.0,21873.0,4784,10282293.0,10792056,22256186,5423690,4794,879,81.0,59.2
3407,18,24,5,80.9,90145.0,48154.0,9466,7620831.0,10792056,22256186,5423690,9813,7844,65.3,33.8
3408,18,24,6,55.4,,86895.0,19049,6636655.0,10792056,22256186,5423690,14340,13139,49.4,50.9
3409,18,25,1,41.1,6961.0,3505.0,621,928406.0,1007692,2348645,433869,435,543,40.5,61.3
3410,18,25,2,43.6,8679.0,5088.0,1258,662096.0,1007692,2348645,433869,423,169,68.7,69.1
3411,18,25,3,48.6,4617.0,2084.0,509,845928.0,1007692,2348645,433869,162,331,21.5,30.5
3412,18,25,4,86.7,11081.0,6885.0,2148,737691.0,1007692,2348645,433869,388,344,77.4,71.9
3413,18,25,5,49.2,9122.0,7198.0,1460,932290.0,1007692,2348645,433869,1027,608,50.3,39.1
3414,18,25,6,83.0,,8184.0,2279,884056.0,1007692,2348645,433869,1208,297,47.0,66.7
3415,18,26,1,89.5,466682.0,188132.0,24157,48420790.0,64640439,134885715,26133041,36935,31034,60.4,21.8
3416,18,26,2,79.0,524091.0,294956.0,76261,,64640439,134885715,26133041,32882,23355,40.5,41.7
3417,18,26,3,86.3,683093.0,395915.0,67757,61701711.0,64640439,134885715,26133041,47831,51569,47.3,70.6
3418,18,26,4,46.2,211112.0,111354.0,38677,62310344.0,64640439,134885715,26133041,12377,14007,37.4,67.7
3419,18,26,5,80.0,545255.0,479199.0,154788,63135025.0,64640439,134885715,26133041,36844,26608,73.2,36.7
3420,18,26,6,45.2,575711.0,393471.0,46004,61528388.0,64640439,134885715,26133041,82001,38079,6.4,65.7
3421,18,27,1,71.4,11905.0,9333.0,1742,2943285.0,4809579,11341249,2471092,2006,1129,54.5,89.7
3422,18,27,2,55.5,34155.0,19025.0,2791,4566268.0,4809579,11341249,2471092,3396,1158,78.4,33.6
3423,18,27,3,93.2,52786.0,25845.0,7784,3260043.0,4809579,11341249,2471092,2984,3549,33.8,77.3
3424,18,27,4,62.7,15447.0,10439.0,2364,4091737.0,4809579,11341249,2471092,590,1453,34.7,70.0
3425,18,27,5,87.0,31616.0,26935.0,7908,3498663.0,4809579,11341249,2471092,-6491,3413,50.9,53.1
3426,18,27,6,47.5,27474.0,24020.0,7645,2908397.0,4809579,11341249,2471092,5856,3313,43.1,31.2
3427,18,28,1,54.2,107256.0,62227.0,11100,19916511.0,28339467,57239317,11713154,4391,3540,42.4,17.8
3428,18,28,2,50.8,96663.0,64299.0,17356,24518056.0,28339467,57239317,11713154,8053,2327,47.6,69.0
3429,18,28,3,46.2,268700.0,139583.0,28707,23923109.0,28339467,57239317,11713154,24548,24262,85.6,48.0
3430,18,28,4,61.0,191944.0,,18625,17017684.0,28339467,57239317,11713154,23730,9303,39.1,40.3
3431,18,28,5,81.4,,156044.0,54279,21949634.0,28339467,57239317,11713154,33564,24841,44.5,50.8
3432,18,28,6,69.6,134467.0,95158.0,21479,27232323.0,28339467,57239317,11713154,9323,11444,8.4,50.6
3433,18,29,1,78.7,23765.0,18063.0,3243,6187856.0,8049523,19382805,4088896,3727,2138,88.6,67.2
3434,18,29,2,68.8,35206.0,27452.0,6522,6753404.0,8049523,19382805,4088896,2064,3114,36.4,78.0
3435,18,29,3,87.5,74088.0,50708.0,16362,7806665.0,8049523,19382805,4088896,7190,5678,43.2,42.5
3436,18,29,4,98.3,83334.0,44604.0,6092,6123682.0,8049523,19382805,4088896,5029,1691,65.6,66.2
3437,18,29,5,61.4,76666.0,52509.0,8874,6396512.0,8049523,19382805,4088896,7934,1773,72.3,28.1
3438,18,29,6,73.6,65245.0,55905.0,14060,7080883.0,8049523,19382805,4088896,3156,3395,40.3,38.2
3439,18,30,1,98.1,26205.0,13129.0,2488,3120089.0,3312944,8396977,1395559,782,1213,26.0,82.1
3440,18,30,2,58.8,10956.0,4439.0,798,3206573.0,3312944,8396977,1395559,828,693,50.4,88.4
3441,18,30,3,52.2,26551.0,21516.0,5277,3025217.0,3312944,8396977,1395559,1824,1265,62.4,19.2
3442,18,30,4,42.7,10001.0,4679.0,992,2337447.0,3312944,8396977,1395559,547,676,53.7,28.9
3443,18,30,5,39.7,21591.0,16815.0,4832,2447575.0,3312944,8396977,1395559,2130,1454,52.9,68.0
3444,18,30,6,44.3,8305.0,6513.0,1238,2015358.0,3312944,8396977,1395559,1155,920,40.8,40.8
3445,18,31,1,79.0,550.0,419.0,51,70337.0,80930,181852,27533,104,45,64.5,35.7
3446,18,31,2,93.5,646.0,563.0,135,68533.0,80930,181852,27533,120,21,20.5,79.7
3447,18,31,3,95.8,304.0,158.0,20,62482.0,80930,181852,27533,31,22,24.6,20.5
3448,18,31,4,71.8,735.0,351.0,64,56634.0,80930,181852,27533,77,33,29.6,45.4
3449,18,31,5,86.6,765.0,460.0,48,62483.0,80930,181852,27533,49,34,45.4,47.8
3450,18,31,6,92.3,640.0,507.0,67,53600.0,80930,181852,27533,110,84,61.3,63.6
3451,18,32,1,74.2,3302.0,2592.0,663,372100.0,408229,910055,124278,600,214,33.2,50.4
3452,18,32,2,91.1,2265.0,1979.0,538,396354.0,408229,910055,124278,345,353,47.4,37.6
3453,18,32,3,52.6,3477.0,2248.0,303,281150.0,408229,910055,124278,365,374,30.1,56.7
3454,18,32,4,45.5,3830.0,2967.0,426,364881.0,408229,910055,124278,681,356,66.2,65.5
3455,18,32,5,83.5,4216.0,1879.0,372,255866.0,408229,910055,124278,109,97,47.8,35.5
3456,18,32,6,57.1,2609.0,,525,384891.0,408229,910055,124278,254,202,73.4,54.0
3457,19,1,1,66.3,71904.0,30581.0,9919,10225235.0,13695319,31176748,5852162,3794,3069,35.4,60.0
3458,19,1,2,84.1,65369.0,36495.0,11246,9201685.0,13695319,31176748,5852162,3549,4216,64.8,85.8
3459,19,1,3,67.2,40369.0,31205.0,3457,12077551.0,13695319,31176748,5852162,3815,4023,,30.1
3460,19,1,4,70.4,160726.0,89385.0,12480,9857521.0,13695319,31176748,5852162,21496,13943,,51.9
3461,19,1,5,55.6,99428.0,74442.0,17312,8518564.0,13695319,31176748,5852162,3801,9236,53.5,40.3
3462,19,1,6,71.2,145873.0,81067.0,23975,12082105.0,13695319,31176748,5852162,13296,5164,38.3,44.7
3463,19,2,1,40.8,4300.0,1856.0,323,367184.0,422448,997939,150678,329,267,76.5,49.9
3464,19,2,2,89.6,4224.0,3117.0,794,378859.0,422448,997939,150678,735,312,56.6,27.2
3465,19,2,3,78.5,2685.0,1944.0,484,286399.0,422448,997939,150678,155,109,33.3,44.4
3466,19,2,4,62.7,1978.0,1714.0,225,292400.0,422448,997939,150678,299,147,56.0,48.1
3467,19,2,5,44.4,3979.0,2067.0,416,313059.0,422448,997939,150678,383,346,62.8,64.3
3468,19,2,6,66.8,1049.0,739.0,249,274148.0,422448,997939,150678,57,99,45.2,19.2
3469,19,3,1,76.2,20676.0,17995.0,5682,6283359.0,10298585,19898691,4451250,1062,2409,59.0,32.2
3470,19,3,2,44.1,98030.0,50783.0,13197,6821425.0,10298585,19898691,4451250,5950,6158,72.5,70.6
3471,19,3,3,89.2,88859.0,56826.0,11049,9321361.0,10298585,19898691,4451250,9085,2361,54.7,79.2
3472,19,3,4,36.1,71811.0,62177.0,14038,6744082.0,10298585,19898691,4451250,5273,6457,28.7,17.7
3473,19,3,5,47.1,62383.0,55009.0,13898,6434528.0,10298585,19898691,4451250,9758,4030,49.4,67.3
3474,19,3,6,65.2,88482.0,58062.0,15361,9930913.0,10298585,19898691,4451250,6420,3818,73.3,62.2
3475,19,4,1,51.5,169996.0,98033.0,29383,,31664361,71511731,14012596,17376,6283,51.8,0.8
3476,19,4,2,71.9,289889.0,207688.0,60025,26896448.0,31664361,71511731,14012596,18293,17493,38.6,54.7
3477,19,4,3,55.6,67874.0,,14508,29203150.0,31664361,71511731,14012596,13218,6335,58.0,54.1
3478,19,4,4,62.6,300649.0,148408.0,36871,22973274.0,31664361,71511731,14012596,19211,12973,45.2,50.9
3479,19,4,5,50.8,,105754.0,15794,28490079.0,31664361,71511731,14012596,20354,4831,35.0,64.8
3480,19,4,6,77.2,207356.0,115933.0,26015,25671496.0,31664361,71511731,14012596,12293,11048,45.6,79.0
3481,19,5,1,84.2,78437.0,32264.0,3244,5729915.0,7207274,16464131,3604705,4317,5537,44.3,30.1
3482,19,5,2,73.2,16367.0,12834.0,1534,6430399.0,7207274,16464131,3604705,1853,1735,50.8,41.6
3483,19,5,3,38.9,65520.0,33932.0,11157,6264497.0,7207274,16464131,3604705,4286,2685,15.2,52.2
3484,19,5,4,40.0,49361.0,30144.0,6156,4329653.0,7207274,16464131,3604705,3858,1427,44.5,57.2
3485,19,5,5,65.1,30235.0,17679.0,2921,6356215.0,7207274,16464131,3604705,4252,1302,34.5,55.2
3486,19,5,6,69.5,69521.0,39922.0,6461,6425423.0,7207274,16464131,3604705,3615,4586,48.6,68.1
3487,19,6,1,49.6,2896.0,2199.0,322,287608.0,408644,972051,141595,-395,325,70.4,84.1
3488,19,6,2,83.0,1305.0,662.0,131,331804.0,408644,972051,141595,65,72,77.5,72.4
3489,19,6,3,62.2,2198.0,1241.0,167,325815.0,408644,972051,141595,226,55,45.0,16.0
3490,19,6,4,95.7,3278.0,2405.0,462,311367.0,408644,972051,141595,600,377,59.4,80.9
3491,19,6,5,35.6,1175.0,882.0,99,303902.0,408644,972051,141595,94,111,2.1,25.8
3492,19,6,6,73.3,4296.0,2719.0,761,290132.0,408644,972051,141595,226,228,54.9,41.0
3493,19,7,1,62.5,144041.0,114744.0,27199,14666036.0,19938105,40775183,9378538,14020,11189,47.1,88.2
3494,19,7,2,73.0,116045.0,60285.0,16879,13748716.0,19938105,40775183,9378538,6097,2092,11.6,36.1
3495,19,7,3,50.7,52020.0,26003.0,3496,17880416.0,19938105,40775183,9378538,5471,2366,52.3,72.1
3496,19,7,4,90.2,175253.0,91438.0,17450,18542109.0,19938105,40775183,9378538,12410,6096,58.8,51.0
3497,19,7,5,90.3,154236.0,83485.0,21823,14390004.0,19938105,40775183,9378538,8599,12820,40.8,25.6
3498,19,7,6,50.2,186406.0,158400.0,27800,18175368.0,19938105,40775183,9378538,10286,9774,45.3,76.1
3499,19,8,1,87.4,34028.0,18853.0,4047,5327473.0,7256863,16636730,2620802,1628,2839,94.7,57.4
3500,19,8,2,97.0,79094.0,49750.0,9822,6693604.0,7256863,16636730,2620802,7147,3640,61.7,55.3
3501,19,8,3,41.4,64288.0,31345.0,5113,6763298.0,7256863,16636730,2620802,2066,4074,56.4,76.1
3502,19,8,4,58.1,74223.0,65733.0,8618,4564223.0,7256863,16636730,2620802,6391,8703,,56.9
3503,19,8,5,97.3,45640.0,22138.0,3151,5132850.0,7256863,16636730,2620802,2230,3342,7.4,31.2
3504,19,8,6,107.4,53237.0,36297.0,10536,6370867.0,7256863,16636730,2620802,5776,3551,45.5,66.5
3505,19,9,1,74.1,14897.0,8991.0,2402,1775272.0,2113234,4287336,1003599,2072,1491,16.9,37.7
3506,19,9,2,37.1,14031.0,9669.0,2300,1606942.0,2113234,4287336,1003599,2136,1111,52.8,100.0
3507,19,9,3,59.8,14918.0,8499.0,1740,1782333.0,2113234,4287336,1003599,479,1040,45.5,90.5
3508,19,9,4,43.9,7520.0,5735.0,1498,1344263.0,2113234,4287336,1003599,403,926,52.1,45.9
3509,19,9,5,106.4,10275.0,5184.0,1795,1577374.0,2113234,4287336,1003599,918,270,49.4,28.5
3510,19,9,6,40.3,16603.0,,2443,1602888.0,2113234,4287336,1003599,2299,1379,45.8,57.9
3511,19,10,1,68.1,70730.0,34197.0,3631,8683902.0,9763048,21684202,4968176,4711,4942,19.3,83.2
3512,19,10,2,55.5,82781.0,45989.0,8475,6840942.0,9763048,21684202,4968176,7372,6356,55.5,79.4
3513,19,10,3,65.6,108189.0,87080.0,17066,8895730.0,9763048,21684202,4968176,5244,14778,60.0,91.6
3514,19,10,4,73.4,111563.0,82283.0,26734,7436604.0,9763048,21684202,4968176,8382,10653,34.5,54.4
3515,19,10,5,75.0,41780.0,19710.0,6537,8908054.0,9763048,21684202,4968176,3479,1004,,53.2
3516,19,10,6,61.4,97319.0,43719.0,7663,7781562.0,9763048,21684202,4968176,4332,6843,11.0,34.8
3517,19,11,1,97.5,150303.0,124246.0,17712,12783622.0,19649797,42035330,8350106,25191,19967,43.8,73.3
3518,19,11,2,41.1,110495.0,49321.0,14238,12752237.0,19649797,42035330,8350106,6741,5943,36.7,69.0
3519,19,11,3,94.3,104186.0,67989.0,6976,17423929.0,19649797,42035330,8350106,16228,9442,36.4,60.4
3520,19,11,4,35.5,120741.0,96453.0,15555,13060657.0,19649797,42035330,8350106,21235,9455,65.7,27.8
3521,19,11,5,89.2,200917.0,165558.0,33293,11888111.0,19649797,42035330,8350106,29861,5720,20.5,71.1
3522,19,11,6,52.9,115426.0,65084.0,13610,14497599.0,19649797,42035330,8350106,8522,9474,48.1,46.7
3523,19,12,1,46.8,49343.0,31471.0,9591,7129060.0,8662365,21133564,4030194,6710,5024,58.8,32.9
3524,19,12,2,95.0,43490.0,29706.0,7868,,8662365,21133564,4030194,6139,2446,52.3,71.5
3525,19,12,3,67.0,98524.0,68133.0,13968,8077784.0,8662365,21133564,4030194,16585,9713,50.9,56.5
3526,19,12,4,51.8,36828.0,23188.0,4091,6499717.0,8662365,21133564,4030194,1769,2144,65.8,26.3
3527,19,12,5,56.1,91171.0,38076.0,6668,8404632.0,8662365,21133564,4030194,8974,6834,52.1,27.9
3528,19,12,6,93.0,54284.0,35206.0,8098,5886782.0,8662365,21133564,4030194,6407,2741,54.6,43.6
3529,19,13,1,51.1,178869.0,,17538,21231393.0,23413881,52340336,8150902,23742,15962,70.2,69.8
3530,19,13,2,77.3,189593.0,96632.0,32616,20246513.0,23413881,52340336,8150902,12879,7186,63.6,79.7
3531,19,13,3,77.5,45061.0,34624.0,9148,20641787.0,23413881,52340336,8150902,7303,5663,44.9,13.4
3532,19,13,4,38.1,102113.0,88413.0,24521,17453423.0,23413881,52340336,8150902,17816,2743,69.2,58.4
3533,19,13,5,74.3,193895.0,168891.0,48777,14895572.0,23413881,52340336,8150902,33157,11811,34.5,80.6
3534,19,13,6,74.0,207729.0,186677.0,60200,18764976.0,23413881,52340336,8150902,22272,31893,79.2,80.8
3535,19,14,1,74.1,345788.0,172032.0,36518,31104411.0,32768004,68183539,15464464,32459,27548,38.4,68.7
3536,19,14,2,98.4,307182.0,163421.0,21436,27203385.0,32768004,68183539,15464464,10444,7560,77.6,55.7
3537,19,14,3,90.5,165819.0,148928.0,22264,28193983.0,32768004,68183539,15464464,36817,6258,50.6,47.7
3538,19,14,4,65.0,179992.0,87150.0,15593,28419143.0,32768004,68183539,15464464,16216,6432,45.0,24.0
3539,19,14,5,50.3,195957.0,78549.0,11541,29173604.0,32768004,68183539,15464464,17381,13725,7.4,79.6
3540,19,14,6,66.3,77691.0,56783.0,17077,29519302.0,32768004,68183539,15464464,14169,4044,100.0,45.5
3541,19,15,1,37.4,4194.0,2866.0,444,869699.0,891239,1889870,375527,646,326,90.9,83.8
3542,19,15,2,72.6,4975.0,3152.0,1054,756008.0,891239,1889870,375527,706,489,84.0,68.0
3543,19,15,3,50.1,2605.0,1264.0,326,700074.0,891239,1889870,375527,238,54,49.9,44.3
3544,19,15,4,52.8,8646.0,6783.0,1529,683683.0,891239,1889870,375527,1089,420,36.5,75.4
3545,19,15,5,53.1,8569.0,6052.0,765,,891239,1889870,375527,1336,1006,87.7,33.7
3546,19,15,6,47.9,7430.0,6299.0,1338,636412.0,891239,1889870,375527,487,575,16.3,58.5
3547,19,16,1,93.4,3999.0,3105.0,791,759648.0,923634,2013683,437953,246,93,50.7,47.9
3548,19,16,2,64.0,3917.0,2042.0,355,646776.0,923634,2013683,437953,147,236,49.3,68.5
3549,19,16,3,37.2,9762.0,4147.0,548,834163.0,923634,2013683,437953,405,427,68.2,23.4
3550,19,16,4,93.8,8204.0,6356.0,758,,923634,2013683,437953,452,1120,8.6,47.4
3551,19,16,5,49.7,6147.0,2532.0,857,665843.0,923634,2013683,437953,534,130,13.4,30.4
3552,19,16,6,58.5,4109.0,3338.0,984,597706.0,923634,2013683,437953,368,338,65.6,64.8
3553,19,17,1,90.7,1024.0,666.0,137,235078.0,342069,691007,126942,110,24,42.9,68.8
3554,19,17,2,88.4,1202.0,929.0,225,281710.0,342069,691007,126942,94,149,42.8,29.4
3555,19,17,3,45.3,,644.0,214,290335.0,342069,691007,126942,133,62,72.2,83.3
3556,19,17,4,36.9,2399.0,1822.0,476,245934.0,342069,691007,126942,327,301,58.9,45.1
3557,19,17,5,62.3,937.0,768.0,253,253088.0,342069,691007,126942,112,53,44.5,40.5
3558,19,17,6,80.8,2883.0,1668.0,208,304304.0,342069,691007,126942,391,298,59.2,53.1
3559,19,18,1,65.0,5372.0,2210.0,378,537875.0,592435,1319697,210126,527,368,48.3,61.7
3560,19,18,2,60.1,4323.0,2083.0,649,422187.0,592435,1319697,210126,259,359,35.3,54.2
3561,19,18,3,55.9,1906.0,796.0,121,361416.0,592435,1319697,210126,60,76,37.5,90.8
3562,19,18,4,88.8,2092.0,1591.0,344,462092.0,592435,1319697,210126,388,142,36.1,41.3
3563,19,18,5,76.0,4621.0,2714.0,815,500601.0,592435,1319697,210126,360,382,42.8,73.0
3564,19,18,6,93.5,2574.0,1605.0,481,427077.0,592435,1319697,210126,367,256,,88.4
3565,19,19,1,68.1,90142.0,58059.0,10736,10831208.0,11773177,26678040,5376763,6337,6713,50.0,75.7
3566,19,19,2,69.0,82592.0,38927.0,8406,8009472.0,11773177,26678040,5376763,7149,2885,67.6,44.5
3567,19,19,3,87.6,131593.0,63234.0,7370,11056529.0,11773177,26678040,5376763,13466,4362,35.4,70.9
3568,19,19,4,37.4,98841.0,80943.0,22698,7832763.0,11773177,26678040,5376763,16276,8164,,29.6
3569,19,19,5,75.3,132091.0,114688.0,13521,9817132.0,11773177,26678040,5376763,24070,18114,62.6,66.2
3570,19,19,6,71.5,26166.0,14123.0,4075,8187912.0,11773177,26678040,5376763,-2569,842,62.6,73.5
3571,19,20,1,80.0,89317.0,78736.0,20131,4933466.0,7801219,17846064,3272098,19192,13122,26.2,71.0
3572,19,20,2,66.3,42616.0,34763.0,5132,7509475.0,7801219,17846064,3272098,7120,2537,29.7,75.8
3573,19,20,3,78.0,55459.0,44678.0,4783,6347969.0,7801219,17846064,3272098,10114,2175,56.7,75.2
3574,19,20,4,49.3,36461.0,15261.0,4667,5019019.0,7801219,17846064,3272098,3584,995,65.4,47.5
3575,19,20,5,58.8,70142.0,37850.0,11978,5040242.0,7801219,17846064,3272098,4202,5882,21.3,27.8
3576,19,20,6,65.3,64925.0,51838.0,9260,7291773.0,7801219,17846064,3272098,3546,1963,53.5,95.7
3577,19,21,1,71.1,172036.0,81073.0,22005,15947495.0,22075942,47826032,10334514,14196,12989,42.3,52.8
3578,19,21,2,92.4,136102.0,70634.0,23750,,22075942,47826032,10334514,13618,7295,51.9,62.1
3579,19,21,3,92.2,182794.0,131072.0,29267,13506300.0,22075942,47826032,10334514,20229,16761,74.9,46.0
3580,19,21,4,96.0,218772.0,171818.0,56643,16129370.0,22075942,47826032,10334514,15061,17052,23.0,36.0
3581,19,21,5,57.9,79604.0,32466.0,7632,14506430.0,22075942,47826032,10334514,7326,3997,74.5,90.4
3582,19,21,6,43.9,225987.0,113020.0,14991,16552899.0,22075942,47826032,10334514,26054,5946,26.2,35.1
3583,19,22,1,85.4,987.0,606.0,125,200617.0,205738,404335,82798,55,82,62.6,100.0
3584,19,22,2,70.6,1306.0,1069.0,303,180761.0,205738,404335,82798,251,132,4.8,66.5
3585,19,22,3,55.0,2074.0,1577.0,204,,205738,404335,82798,123,174,98.6,89.9
3586,19,22,4,94.3,1694.0,1294.0,311,191847.0,205738,404335,82798,97,130,41.8,55.4
3587,19,22,5,69.3,2020.0,1578.0,514,182018.0,205738,404335,82798,246,131,34.5,24.2
3588,19,22,6,80.9,1953.0,1514.0,524,154756.0,205738,404335,82798,139,138,84.4,30.4
3589,19,23,1,47.1,135192.0,111346.0,32678,,20958740,47662723,9901006,10753,11704,50.7,39.5
3590,19,23,2,42.8,102364.0,85092.0,22805,15749200.0,20958740,47662723,9901006,20902,7461,74.9,21.0
3591,19,23,3,60.2,100607.0,43564.0,14546,15896219.0,20958740,47662723,9901006,7602,1770,44.7,90.7
3592,19,23,4,59.8,60406.0,42164.0,5498,17734891.0,20958740,47662723,9901006,3730,1738,47.3,79.2
3593,19,23,5,80.7,212155.0,171558.0,33451,15191155.0,20958740,47662723,9901006,12770,27689,53.7,18.8
3594,19,23,6,95.3,90599.0,,7061,18913522.0,20958740,47662723,9901006,3427,4568,46.6,87.2
3595,19,24,1,63.8,24663.0,18562.0,3347,9354862.0,10064049,24560525,4790176,2861,1313,55.6,71.3
3596,19,24,2,58.3,79017.0,70576.0,8616,7364000.0,10064049,24560525,4790176,9337,12688,48.8,49.4
3597,19,24,3,89.6,81460.0,59083.0,16579,9351584.0,10064049,24560525,4790176,9507,2158,50.8,69.8
3598,19,24,4,95.6,48200.0,31444.0,8624,6792056.0,10064049,24560525,4790176,2329,2675,45.1,39.5
3599,19,24,5,82.5,24010.0,19050.0,3701,7194965.0,10064049,24560525,4790176,1840,1792,66.3,79.8
3600,19,24,6,40.5,72658.0,61837.0,19253,9797913.0,10064049,24560525,4790176,14334,8532,47.5,45.7
3601,19,25,1,84.5,11372.0,4930.0,1407,995265.0,1160263,2305683,395731,969,700,51.3,41.3
3602,19,25,2,58.8,3640.0,2677.0,499,917668.0,1160263,2305683,395731,560,97,50.6,60.7
3603,19,25,3,51.7,3155.0,2589.0,732,943120.0,1160263,2305683,395731,599,291,27.7,43.2
3604,19,25,4,57.3,5045.0,2858.0,338,1063666.0,1160263,2305683,395731,185,481,64.7,29.9
3605,19,25,5,75.5,3511.0,3088.0,464,1023774.0,1160263,2305683,395731,169,150,71.6,48.2
3606,19,25,6,86.3,10320.0,6400.0,1501,714635.0,1160263,2305683,395731,1509,401,41.6,84.0
3607,19,26,1,57.6,519005.0,214886.0,52853,45898745.0,68109738,142056232,27326622,33874,24189,53.2,82.7
3608,19,26,2,88.0,336760.0,250115.0,46476,47044888.0,68109738,142056232,27326622,33086,43399,20.5,38.1
3609,19,26,3,83.3,689845.0,528384.0,70001,47225948.0,68109738,142056232,27326622,100569,44551,,50.9
3610,19,26,4,57.4,320287.0,136224.0,40783,57300462.0,68109738,142056232,27326622,27311,9308,37.3,80.7
3611,19,26,5,49.4,421294.0,257997.0,54383,46881278.0,68109738,142056232,27326622,54367,12952,51.8,52.8
3612,19,26,6,37.4,305498.0,170339.0,35807,59194625.0,68109738,142056232,27326622,33320,10005,53.9,51.9
3613,19,27,1,53.3,26289.0,,3483,3735482.0,5165573,11607425,1705087,2209,603,36.5,48.3
3614,19,27,2,56.5,56255.0,49060.0,14489,4332201.0,5165573,11607425,1705087,4051,6399,24.1,65.0
3615,19,27,3,92.1,47853.0,35244.0,9994,4413601.0,5165573,11607425,1705087,8366,5685,50.0,51.6
3616,19,27,4,98.4,26385.0,19751.0,2119,4250612.0,5165573,11607425,1705087,4142,1573,38.5,60.5
3617,19,27,5,71.3,41033.0,16877.0,3652,3666059.0,5165573,11607425,1705087,1951,1992,51.9,90.8
3618,19,27,6,54.7,25220.0,21443.0,7362,4096984.0,5165573,11607425,1705087,5036,1185,60.1,49.9
3619,19,28,1,84.0,151561.0,94230.0,14070,20840323.0,25802252,61314828,13226701,11748,3210,51.4,63.3
3620,19,28,2,97.8,219741.0,187705.0,49192,25157648.0,25802252,61314828,13226701,40591,8732,43.4,66.3
3621,19,28,3,94.6,74910.0,41588.0,7581,,25802252,61314828,13226701,5491,7293,53.9,8.3
3622,19,28,4,58.5,287954.0,224033.0,70100,21950941.0,25802252,61314828,13226701,18346,16407,74.4,56.7
3623,19,28,5,66.1,58388.0,,5828,16066484.0,25802252,61314828,13226701,7730,6227,41.9,41.2
3624,19,28,6,44.3,68813.0,55306.0,6417,19438828.0,25802252,61314828,13226701,11555,7298,12.1,74.9
3625,19,29,1,45.7,37934.0,24746.0,5425,5193778.0,8350192,19056655,4296779,4167,3448,46.7,48.8
3626,19,29,2,75.5,80651.0,44490.0,12252,5897569.0,8350192,19056655,4296779,8505,6041,,52.3
3627,19,29,3,74.3,35420.0,25327.0,2922,5364554.0,8350192,19056655,4296779,5611,2897,42.9,37.4
3628,19,29,4,94.4,97395.0,73900.0,16590,7019585.0,8350192,19056655,4296779,15965,10334,57.3,40.3
3629,19,29,5,83.4,58320.0,27309.0,7774,6984913.0,8350192,19056655,4296779,5724,1883,38.7,58.6
3630,19,29,6,79.1,78744.0,59961.0,18404,5172602.0,8350192,19056655,4296779,9981,8269,52.6,43.2
3631,19,30,1,86.4,21514.0,8918.0,3037,2893180.0,3546395,8567100,1732543,1580,397,51.7,61.6
3632,19,30,2,94.1,22776.0,18031.0,4099,3434783.0,3546395,8567100,1732543,1500,2814,61.8,58.7
3633,19,30,3,46.6,20545.0,16487.0,3772,3447321.0,3546395,8567100,1732543,1905,2015,65.4,47.3
3634,19,30,4,57.1,13894.0,10086.0,3159,3000315.0,3546395,8567100,1732543,1372,1534,43.5,43.9
3635,19,30,5,75.3,14394.0,9789.0,2346,2945755.0,3546395,8567100,1732543,1938,1759,50.2,39.1
3636,19,30,6,61.3,39757.0,20378.0,5256,2439759.0,3546395,8567100,1732543,4330,2325,80.6,77.4
3637,19,31,1,43.4,695.0,306.0,75,67797.0,73481,179929,28663,61,22,45.5,56.7
3638,19,31,2,49.6,549.0,403.0,69,54852.0,73481,179929,28663,77,41,36.9,54.1
3639,19,31,3,48.8,635.0,361.0,111,51819.0,73481,179929,28663,35,18,60.7,23.6
3640,19,31,4,48.5,505.0,255.0,59,47178.0,73481,179929,28663,31,45,45.8,40.8
3641,19,31,5,50.9,566.0,375.0,106,46112.0,73481,179929,28663,19,41,41.5,91.1
3642,19,31,6,62.2,203.0,153.0,44,47023.0,73481,179929,28663,18,6,29.9,15.0
3643,19,32,1,75.6,3973.0,1979.0,451,284079.0,363071,848586,188808,214,248,43.5,53.8
3644,19,32,2,44.7,3593.0,,561,320192.0,363071,848586,188808,246,145,62.3,0.0
3645,19,32,3,59.4,4339.0,2036.0,444,355273.0,363071,848586,188808,298,69,32.2,58.8
3646,19,32,4,109.8,3442.0,2379.0,528,299204.0,363071,848586,188808,161,264,30.9,32.1
3647,19,32,5,37.4,,838.0,113,291910.0,363071,848586,188808,192,59,21.0,35.6
3648,19,32,6,63.4,1805.0,1323.0,133,331419.0,363071,848586,188808,144,218,29.1,79.9
3649,20,1,1,38.1,81693.0,68210.0,16917,13371841.0,14319256,33910564,5993573,15180,4532,51.1,65.5
3650,20,1,2,62.4,91349.0,59057.0,15354,,14319256,33910564,5993573,12551,7039,50.2,50.3
3651,20,1,3,43.8,,48018.0,6764,13704428.0,14319256,33910564,5993573,11833,3983,50.2,63.9
3652,20,1,4,35.2,27112.0,15956.0,4675,10459725.0,14319256,33910564,5993573,1163,1014,77.2,50.6
3653,20,1,5,46.8,68537.0,,10523,9324076.0,14319256,33910564,5993573,7835,2429,39.2,41.7
3654,20,1,6,56.9,34600.0,16405.0,2128,12461601.0,14319256,33910564,5993573,1773,1436,74.9,75.3
3655,20,2,1,81.1,4476.0,3067.0,786,443764.0,456132,922033,189994,605,165,35.0,48.4
3656,20,2,2,49.5,3882.0,2201.0,356,439552.0,456132,922033,189994,335,99,53.9,32.8
3657,20,2,3,51.7,1461.0,1191.0,330,284868.0,456132,922033,189994,96,99,47.7,59.0
3658,20,2,4,75.5,4310.0,3490.0,424,399790.0,456132,922033,189994,600,162,44.1,83.6
3659,20,2,5,52.6,2788.0,2222.0,763,280475.0,456132,922033,189994,157,90,67.7,46.7
3660,20,2,6,93.7,4676.0,3301.0,1071,282559.0,456132,922033,189994,753,171,99.7,59.1
3661,20,3,1,87.2,98929.0,45293.0,12136,8102105.0,9841788,20369538,3118140,7269,7750,58.3,52.2
3662,20,3,2,44.4,,21773.0,5201,7773049.0,9841788,20369538,3118140,3844,3762,78.0,67.3
3663,20,3,3,38.7,76436.0,63667.0,19665,7261441.0,9841788,20369538,3118140,8912,3094,30.2,67.4
3664,20,3,4,83.9,82096.0,58068.0,13490,7525339.0,9841788,20369538,3118140,4194,9075,36.9,60.5
3665,20,3,5,51.0,17801.0,12513.0,1306,7851381.0,9841788,20369538,3118140,2532,1653,48.0,70.0
3666,20,3,6,50.4,68870.0,40422.0,13256,5959191.0,9841788,20369538,3118140,4350,1716,23.2,55.0
3667,20,4,1,74.1,147719.0,75246.0,15016,25045994.0,32490679,69689876,11995191,14663,10042,60.4,42.5
3668,20,4,2,54.8,168547.0,93142.0,12714,27036189.0,32490679,69689876,11995191,4668,14890,39.8,83.9
3669,20,4,3,43.3,300862.0,263044.0,58365,31308185.0,32490679,69689876,11995191,32770,33378,33.9,68.6
3670,20,4,4,36.4,234191.0,155739.0,41136,29363078.0,32490679,69689876,11995191,29829,24491,49.1,25.8
3671,20,4,5,75.3,63845.0,38897.0,8546,26011944.0,32490679,69689876,11995191,6502,5363,68.4,83.2
3672,20,4,6,68.7,374049.0,222303.0,31568,23559548.0,32490679,69689876,11995191,48433,39202,78.6,67.4
3673,20,5,1,65.1,23701.0,13812.0,2579,5332189.0,8395188,17826346,3743584,2995,2010,68.3,58.5
3674,20,5,2,52.3,46711.0,19759.0,6000,7911662.0,8395188,17826346,3743584,2474,2837,81.9,48.2
3675,20,5,3,68.2,50498.0,42780.0,6947,6318530.0,8395188,17826346,3743584,4106,1383,59.0,68.5
3676,20,5,4,53.8,19067.0,15036.0,3909,5051554.0,8395188,17826346,3743584,1543,859,47.8,19.8
3677,20,5,5,36.8,53998.0,42411.0,5745,5897398.0,8395188,17826346,3743584,7669,1872,20.9,77.6
3678,20,5,6,91.7,20275.0,,2479,6042140.0,8395188,17826346,3743584,1222,1640,36.7,47.5
3679,20,6,1,90.1,2809.0,2021.0,577,334072.0,391959,938583,210282,250,80,35.5,73.9
3680,20,6,2,71.4,4089.0,2566.0,383,245532.0,391959,938583,210282,327,284,53.1,48.0
3681,20,6,3,57.8,,707.0,240,316172.0,391959,938583,210282,114,21,60.6,40.7
3682,20,6,4,77.6,3091.0,1913.0,554,359611.0,391959,938583,210282,316,256,56.2,94.3
3683,20,6,5,71.9,3300.0,2531.0,284,265486.0,391959,938583,210282,301,270,43.4,42.8
3684,20,6,6,43.1,907.0,388.0,49,373775.0,391959,938583,210282,31,35,16.9,58.7
3685,20,7,1,70.4,152504.0,118310.0,39069,15934780.0,18555822,39991185,8403148,7076,5431,48.6,53.5
3686,20,7,2,62.9,99986.0,68310.0,17995,16718957.0,18555822,39991185,8403148,3527,3596,42.8,65.3
3687,20,7,3,36.6,60514.0,54307.0,8082,11311939.0,18555822,39991185,8403148,7347,4103,27.2,37.5
3688,20,7,4,50.2,106393.0,84502.0,8964,16314912.0,18555822,39991185,8403148,18136,5329,58.1,41.3
3689,20,7,5,52.9,59557.0,43408.0,12570,14410167.0,18555822,39991185,8403148,6404,4122,59.1,68.2
3690,20,7,6,75.0,180565.0,119653.0,28859,17968181.0,18555822,39991185,8403148,28164,5080,43.9,89.2
3691,20,8,1,38.1,20516.0,16718.0,3391,6534565.0,8350494,17350287,3359768,1126,2456,46.8,51.0
3692,20,8,2,65.0,38103.0,19759.0,3905,6624752.0,8350494,17350287,3359768,2005,3044,51.8,21.0
3693,20,8,3,76.6,16154.0,11347.0,3669,8059120.0,8350494,17350287,3359768,2412,1463,61.5,15.7
3694,20,8,4,73.0,28416.0,16346.0,2284,7985501.0,8350494,17350287,3359768,3242,982,31.1,44.8
3695,20,8,5,82.5,44077.0,31162.0,10047,5658053.0,8350494,17350287,3359768,5971,4041,54.3,59.8
3696,20,8,6,63.6,81931.0,55868.0,19321,5221420.0,8350494,17350287,3359768,8788,9270,47.6,48.8
3697,20,9,1,55.5,13519.0,10393.0,3555,1418001.0,2095671,4470027,677231,1183,528,46.1,1.4
3698,20,9,2,56.8,7160.0,3447.0,1064,1770980.0,2095671,4470027,677231,369,394,79.7,56.2
3699,20,9,3,95.7,11908.0,7323.0,2459,1797653.0,2095671,4470027,677231,1475,1235,28.7,15.9
3700,20,9,4,71.6,11578.0,9150.0,1084,1907689.0,2095671,4470027,677231,1278,1013,60.4,52.0
3701,20,9,5,72.9,6648.0,3035.0,389,1397014.0,2095671,4470027,677231,590,428,42.7,31.8
3702,20,9,6,36.4,9088.0,5268.0,653,1840054.0,2095671,4470027,677231,685,924,99.0,17.4
3703,20,10,1,64.5,48667.0,23968.0,7999,6742786.0,10432872,21769226,3147479,2741,4148,53.2,95.1
3704,20,10,2,41.9,93434.0,55617.0,9070,7269920.0,10432872,21769226,3147479,6780,5034,58.0,62.6
3705,20,10,3,57.4,103322.0,68044.0,18133,10123535.0,10432872,21769226,3147479,11164,3253,42.8,50.5
3706,20,10,4,60.0,39513.0,19483.0,2214,7796934.0,10432872,21769226,3147479,1812,2760,35.5,84.9
3707,20,10,5,85.6,23375.0,9448.0,1572,7517303.0,10432872,21769226,3147479,1933,679,84.6,63.1
3708,20,10,6,74.5,28254.0,,4043,7925315.0,10432872,21769226,3147479,3194,782,48.8,58.4
3709,20,11,1,65.4,197427.0,176325.0,59902,11943596.0,18122604,40654897,7403411,20141,15686,73.2,52.1
3710,20,11,2,37.8,74112.0,37842.0,7370,13544633.0,18122604,40654897,7403411,7246,4841,25.1,71.2
3711,20,11,3,98.7,173457.0,77210.0,26417,11494768.0,18122604,40654897,7403411,13825,3050,14.3,30.1
3712,20,11,4,66.2,143385.0,113486.0,11625,15719839.0,18122604,40654897,7403411,6890,12707,,49.5
3713,20,11,5,72.2,165690.0,89309.0,14980,14595905.0,18122604,40654897,7403411,18529,9445,53.7,0.0
3714,20,11,6,90.6,169326.0,151731.0,52583,13520909.0,18122604,40654897,7403411,8033,14941,57.9,73.4
3715,20,12,1,96.4,105646.0,48525.0,11509,6181157.0,9706372,20953782,4162760,6485,8027,65.6,69.4
3716,20,12,2,83.7,37295.0,29439.0,5086,6175162.0,9706372,20953782,4162760,5316,5144,16.6,63.2
3717,20,12,3,51.7,44779.0,36799.0,7538,8561262.0,9706372,20953782,4162760,8290,6549,53.5,74.7
3718,20,12,4,78.0,,53687.0,10493,9357332.0,9706372,20953782,4162760,5476,3140,51.9,57.8
3719,20,12,5,81.7,36364.0,21930.0,6979,8629947.0,9706372,20953782,4162760,2169,2038,50.4,67.8
3720,20,12,6,54.1,63251.0,33583.0,9104,7605255.0,9706372,20953782,4162760,4147,1169,58.3,67.8
3721,20,13,1,48.7,174794.0,108791.0,21427,16802114.0,22497062,52337475,10685751,15242,14354,44.1,61.0
3722,20,13,2,79.0,76465.0,31322.0,4705,20184698.0,22497062,52337475,10685751,2337,2302,47.7,53.1
3723,20,13,3,87.9,110944.0,47573.0,8523,19684128.0,22497062,52337475,10685751,9680,6603,75.9,79.5
3724,20,13,4,58.7,102561.0,85443.0,14781,20525576.0,22497062,52337475,10685751,18148,13547,58.1,47.7
3725,20,13,5,76.8,199764.0,168250.0,28486,17026936.0,22497062,52337475,10685751,17214,26762,87.5,47.3
3726,20,13,6,79.2,242331.0,178512.0,27912,14375322.0,22497062,52337475,10685751,17089,13093,75.4,24.8
3727,20,14,1,64.8,122467.0,81921.0,15831,26365813.0,35286217,75410133,11265548,16639,4865,18.6,44.1
3728,20,14,2,79.3,63267.0,,6947,23276750.0,35286217,75410133,11265548,5622,1706,93.0,58.5
3729,20,14,3,72.1,188330.0,112152.0,19103,28662637.0,35286217,75410133,11265548,13741,11587,68.6,61.4
3730,20,14,4,71.3,141546.0,64722.0,8962,24525336.0,35286217,75410133,11265548,11484,9222,44.9,50.5
3731,20,14,5,36.2,151464.0,83895.0,23570,27667093.0,35286217,75410133,11265548,8007,11359,50.8,55.5
3732,20,14,6,35.2,93388.0,43387.0,14471,29609359.0,35286217,75410133,11265548,2928,7372,33.6,94.0
3733,20,15,1,97.7,7484.0,6670.0,811,794269.0,869366,1939722,342028,535,1075,47.7,29.5
3734,20,15,2,97.4,2309.0,949.0,229,692618.0,869366,1939722,342028,175,113,,19.7
3735,20,15,3,94.4,1629.0,1233.0,176,569389.0,869366,1939722,342028,152,96,67.1,76.4
3736,20,15,4,72.2,3142.0,1577.0,442,695709.0,869366,1939722,342028,172,86,72.6,71.9
3737,20,15,5,41.0,6720.0,5848.0,808,795247.0,869366,1939722,342028,506,448,76.7,25.5
3738,20,15,6,94.1,7799.0,3430.0,640,820057.0,869366,1939722,342028,424,205,37.0,46.6
3739,20,16,1,44.4,5011.0,2017.0,652,864042.0,994129,1910216,378751,355,313,63.4,23.5
3740,20,16,2,44.4,6057.0,4392.0,1454,973476.0,994129,1910216,378751,999,208,62.6,63.5
3741,20,16,3,66.1,7081.0,5791.0,881,808525.0,994129,1910216,378751,503,1012,51.9,36.0
3742,20,16,4,98.3,9634.0,8585.0,1355,644063.0,994129,1910216,378751,803,489,69.4,40.1
3743,20,16,5,68.1,2218.0,1909.0,601,645998.0,994129,1910216,378751,318,199,17.0,29.0
3744,20,16,6,47.2,4596.0,1962.0,423,679266.0,994129,1910216,378751,206,214,4.6,71.4
3745,20,17,1,80.9,665.0,294.0,62,260440.0,344058,723345,157775,15,51,69.0,54.7
3746,20,17,2,79.4,733.0,377.0,53,307617.0,344058,723345,157775,49,45,43.6,46.6
3747,20,17,3,62.3,3590.0,2935.0,980,256290.0,344058,723345,157775,608,264,48.3,72.3
3748,20,17,4,50.7,3007.0,1896.0,391,302269.0,344058,723345,157775,372,69,57.0,70.6
3749,20,17,5,81.5,2189.0,925.0,229,316463.0,344058,723345,157775,153,161,53.1,92.6
3750,20,17,6,92.7,612.0,499.0,151,217471.0,344058,723345,157775,108,79,34.4,50.0
3751,20,18,1,76.4,2681.0,2211.0,731,412759.0,584456,1330780,291103,223,353,,29.5
3752,20,18,2,92.8,2178.0,1407.0,324,535706.0,584456,1330780,291103,325,172,51.3,43.9
3753,20,18,3,88.2,4500.0,1888.0,245,485896.0,584456,1330780,291103,169,145,47.9,87.0
3754,20,18,4,55.2,3776.0,1517.0,324,466952.0,584456,1330780,291103,299,208,68.8,44.3
3755,20,18,5,42.2,1696.0,1130.0,151,422953.0,584456,1330780,291103,199,166,74.9,9.6
3756,20,18,6,98.7,1684.0,991.0,118,558537.0,584456,1330780,291103,182,159,54.1,41.1
3757,20,19,1,48.9,119731.0,73980.0,17797,7856501.0,11499693,26777157,4608030,11094,12854,73.8,68.8
3758,20,19,2,90.8,80187.0,65577.0,17948,8704346.0,11499693,26777157,4608030,9419,8065,64.2,51.9
3759,20,19,3,51.6,112173.0,,12143,8675878.0,11499693,26777157,4608030,14403,3311,51.9,29.7
3760,20,19,4,68.5,95212.0,56597.0,17018,9125893.0,11499693,26777157,4608030,10724,7351,56.8,67.2
3761,20,19,5,72.5,,34736.0,10765,8839760.0,11499693,26777157,4608030,7495,1330,50.0,71.1
3762,20,19,6,36.8,102835.0,81925.0,24706,7936147.0,11499693,26777157,4608030,15795,9899,50.8,73.5
3763,20,20,1,71.5,58210.0,32279.0,8441,6512683.0,8954343,18630510,2807730,7524,3058,43.8,61.2
3764,20,20,2,64.9,22724.0,19129.0,3603,7987693.0,8954343,18630510,2807730,2063,3361,15.5,61.9
3765,20,20,3,46.7,17514.0,12864.0,1458,8340860.0,8954343,18630510,2807730,1079,2213,46.8,51.0
3766,20,20,4,53.9,75569.0,51679.0,15042,6203383.0,8954343,18630510,2807730,11612,2441,36.5,78.6
3767,20,20,5,49.4,18125.0,11164.0,1782,5781990.0,8954343,18630510,2807730,2310,1578,95.1,60.0
3768,20,20,6,40.9,79034.0,68672.0,9368,7477838.0,8954343,18630510,2807730,7771,11265,69.8,46.2
3769,20,21,1,70.5,94174.0,84030.0,10021,17155268.0,20441837,47783286,10986663,9691,13199,43.3,37.9
3770,20,21,2,57.7,195709.0,95744.0,28871,16247089.0,20441837,47783286,10986663,8497,15859,82.8,54.5
3771,20,21,3,95.5,241053.0,154151.0,25844,13649171.0,20441837,47783286,10986663,15165,5753,53.7,49.9
3772,20,21,4,37.1,228984.0,108905.0,32743,14015171.0,20441837,47783286,10986663,14541,14576,37.9,61.9
3773,20,21,5,61.7,98583.0,68070.0,9141,14436300.0,20441837,47783286,10986663,15229,8208,81.9,45.4
3774,20,21,6,93.6,179743.0,156364.0,33550,12616823.0,20441837,47783286,10986663,25431,13398,17.3,53.4
3775,20,22,1,95.2,438.0,342.0,45,125695.0,173246,439893,96656,68,22,59.6,100.0
3776,20,22,2,58.6,812.0,517.0,68,151095.0,173246,439893,96656,44,26,50.5,68.8
3777,20,22,3,91.9,808.0,657.0,104,115423.0,173246,439893,96656,72,106,2.9,53.0
3778,20,22,4,60.9,1807.0,1574.0,267,135338.0,173246,439893,96656,286,146,54.2,44.5
3779,20,22,5,74.8,561.0,403.0,89,159932.0,173246,439893,96656,89,17,69.5,44.7
3780,20,22,6,36.6,693.0,457.0,77,122475.0,173246,439893,96656,47,19,48.1,45.2
3781,20,23,1,46.5,224638.0,184168.0,24346,22530011.0,23031435,45217564,7850216,29261,12912,57.6,37.6
3782,20,23,2,71.2,62214.0,47602.0,16570,19881073.0,23031435,45217564,7850216,11727,2971,75.8,43.8
3783,20,23,3,77.0,195771.0,105795.0,29106,19958490.0,23031435,45217564,7850216,10763,15798,38.6,46.1
3784,20,23,4,82.5,150081.0,134657.0,17613,21879833.0,23031435,45217564,7850216,12440,14487,71.3,83.1
3785,20,23,5,71.6,169892.0,78210.0,16746,,23031435,45217564,7850216,10467,5549,60.0,49.2
3786,20,23,6,86.2,207786.0,117570.0,27042,14302385.0,23031435,45217564,7850216,13604,16212,54.5,75.5
3787,20,24,1,92.9,95819.0,52113.0,16203,9213712.0,10782217,22149872,4797407,7649,4301,61.7,47.2
3788,20,24,2,74.7,49604.0,41772.0,7942,10342250.0,10782217,22149872,4797407,6854,2203,39.8,68.3
3789,20,24,3,55.8,70349.0,58364.0,6703,9496360.0,10782217,22149872,4797407,11153,9292,31.3,48.8
3790,20,24,4,58.6,94125.0,43248.0,9341,9709205.0,10782217,22149872,4797407,3393,7609,38.9,84.4
3791,20,24,5,78.1,93772.0,69667.0,13719,8108212.0,10782217,22149872,4797407,6756,2851,59.0,54.8
3792,20,24,6,56.0,33540.0,14545.0,2479,,10782217,22149872,4797407,1855,1506,75.9,43.6
3793,20,25,1,71.7,3113.0,2595.0,396,1184890.0,1218448,2493481,352135,591,190,50.9,83.9
3794,20,25,2,57.4,10713.0,6690.0,1140,1029442.0,1218448,2493481,352135,1156,439,36.8,22.3
3795,20,25,3,97.1,5889.0,3674.0,1206,1067831.0,1218448,2493481,352135,212,215,65.2,56.5
3796,20,25,4,43.8,9475.0,4046.0,651,760970.0,1218448,2493481,352135,763,486,43.8,36.1
3797,20,25,5,68.7,3952.0,2287.0,530,1036754.0,1218448,2493481,352135,249,97,72.3,50.0
3798,20,25,6,84.7,3556.0,1539.0,265,918572.0,1218448,2493481,352135,298,271,42.7,74.9
3799,20,26,1,98.5,433487.0,257369.0,65042,46976572.0,66418336,135461346,21584655,31949,44543,61.8,45.0
3800,20,26,2,37.4,428101.0,275075.0,40041,49467516.0,66418336,135461346,21584655,43505,45073,30.9,80.2
3801,20,26,3,85.7,397089.0,243466.0,42414,54768699.0,66418336,135461346,21584655,24899,13784,55.4,36.1
3802,20,26,4,86.9,638803.0,296230.0,84686,50297965.0,66418336,135461346,21584655,71005,17150,66.4,60.3
3803,20,26,5,78.1,174618.0,,32537,44159233.0,66418336,135461346,21584655,7863,21133,55.2,68.6
3804,20,26,6,83.5,690653.0,546854.0,75501,63296107.0,66418336,135461346,21584655,86462,81878,16.9,39.3
3805,20,27,1,37.3,43513.0,33582.0,5635,5272945.0,5787702,11640113,1831781,7271,4415,52.6,72.0
3806,20,27,2,86.7,59817.0,49931.0,15528,4326195.0,5787702,11640113,1831781,6191,8278,79.6,48.5
3807,20,27,3,65.4,52666.0,28839.0,5718,4898719.0,5787702,11640113,1831781,4377,3691,57.5,22.1
3808,20,27,4,88.3,59962.0,32730.0,3803,5370640.0,5787702,11640113,1831781,4954,1486,59.4,48.2
3809,20,27,5,49.6,31616.0,24818.0,6304,,5787702,11640113,1831781,2849,4125,83.6,62.3
3810,20,27,6,93.3,,12650.0,2287,3740077.0,5787702,11640113,1831781,732,967,71.8,40.5
3811,20,28,1,63.3,283022.0,149385.0,20431,20799316.0,29037770,57191458,11017514,24184,15446,22.9,44.3
3812,20,28,2,52.6,232235.0,,39944,19531343.0,29037770,57191458,11017514,40360,15609,46.8,68.3
3813,20,28,3,36.4,164069.0,116167.0,31698,20547955.0,29037770,57191458,11017514,25279,5684,37.0,52.1
3814,20,28,4,73.2,237749.0,160768.0,41562,23181935.0,29037770,57191458,11017514,8046,24605,70.3,61.9
3815,20,28,5,48.5,252928.0,138457.0,15542,28081280.0,29037770,57191458,11017514,11944,13627,52.7,38.6
3816,20,28,6,66.2,257159.0,174955.0,37481,25742724.0,29037770,57191458,11017514,41234,25610,35.0,54.3
3817,20,29,1,61.2,83246.0,64845.0,19948,7087671.0,9853598,20075879,3871239,15509,4734,45.9,71.5
3818,20,29,2,90.0,38645.0,17249.0,2017,6103543.0,9853598,20075879,3871239,3772,2684,14.3,45.4
3819,20,29,3,53.2,76441.0,60928.0,9946,8587311.0,9853598,20075879,3871239,5381,9371,43.9,100.0
3820,20,29,4,71.6,60436.0,46130.0,8409,6941151.0,9853598,20075879,3871239,7547,4409,21.2,40.8
3821,20,29,5,71.9,31310.0,14607.0,1524,6254245.0,9853598,20075879,3871239,2974,658,66.8,92.7
3822,20,29,6,55.3,79636.0,40665.0,6179,7868342.0,9853598,20075879,3871239,6618,4108,56.9,80.1
3823,20,30,1,49.9,27665.0,24598.0,6251,2488561.0,3767055,7911465,1614696,4033,4191,89.0,15.9
3824,20,30,2,36.3,19194.0,13804.0,2236,2681132.0,3767055,7911465,1614696,927,2438,27.2,53.3
3825,20,30,3,80.6,37413.0,17611.0,4401,2819881.0,3767055,7911465,1614696,1602,2598,43.5,81.1
3826,20,30,4,58.4,23901.0,13376.0,4247,3303284.0,3767055,7911465,1614696,2211,813,53.0,69.3
3827,20,30,5,71.3,14064.0,6053.0,1357,2424449.0,3767055,7911465,1614696,805,1039,37.4,79.0
3828,20,30,6,44.9,27525.0,14151.0,4487,2859138.0,3767055,7911465,1614696,1595,2403,46.9,66.5
3829,20,31,1,86.7,451.0,224.0,39,71103.0,75298,166790,40899,47,17,54.1,60.1
3830,20,31,2,55.7,371.0,287.0,92,56395.0,75298,166790,40899,59,12,81.1,59.6
3831,20,31,3,97.5,892.0,445.0,87,53319.0,75298,166790,40899,56,69,22.5,45.8
3832,20,31,4,78.4,398.0,289.0,37,71998.0,75298,166790,40899,38,38,99.6,70.2
3833,20,31,5,81.2,659.0,547.0,155,45384.0,75298,166790,40899,96,84,44.1,56.5
3834,20,31,6,85.6,713.0,634.0,171,55667.0,75298,166790,40899,34,57,36.2,73.7
3835,20,32,1,67.7,3500.0,2889.0,304,392237.0,420366,853190,184529,615,269,54.5,51.3
3836,20,32,2,80.7,2357.0,,372,321043.0,420366,853190,184529,209,161,38.1,62.9
3837,20,32,3,52.8,2043.0,1695.0,214,341750.0,420366,853190,184529,262,281,51.8,55.3
3838,20,32,4,81.5,3452.0,2393.0,760,254415.0,420366,853190,184529,454,320,40.1,53.1
3839,20,32,5,63.1,3446.0,3091.0,613,300454.0,420366,853190,184529,462,392,70.8,46.2
3840,20,32,6,91.4,1944.0,818.0,242,393825.0,420366,853190,184529,201,45,58.9,31.7
3841,21,1,1,55.9,55035.0,34982.0,8447,9776575.0,12963938,31060766,5055977,6327,6052,81.8,46.2
3842,21,1,2,53.5,98807.0,56586.0,9899,9344850.0,12963938,31060766,5055977,13471,8419,55.7,50.9
3843,21,1,3,84.7,67501.0,,11689,8284471.0,12963938,31060766,5055977,6640,1856,48.4,95.4
3844,21,1,4,73.0,87369.0,67225.0,7584,9917843.0,12963938,31060766,5055977,14570,5716,62.9,70.0
3845,21,1,5,79.7,98240.0,45841.0,10096,9149694.0,12963938,31060766,5055977,5581,3033,72.7,28.2
3846,21,1,6,40.9,61180.0,53504.0,9632,10045860.0,12963938,31060766,5055977,4780,7168,62.0,84.1
3847,21,2,1,75.9,1778.0,1199.0,210,374108.0,421875,897224,192210,134,210,30.0,0.0
3848,21,2,2,87.9,3608.0,3114.0,985,313127.0,421875,897224,192210,736,480,40.0,45.8
3849,21,2,3,94.3,3556.0,,492,399904.0,421875,897224,192210,461,283,54.1,42.8
3850,21,2,4,65.0,4316.0,3541.0,404,322397.0,421875,897224,192210,777,270,37.6,76.3
3851,21,2,5,43.1,3308.0,1732.0,413,335042.0,421875,897224,192210,405,230,46.8,38.7
3852,21,2,6,77.9,1246.0,539.0,87,300568.0,421875,897224,192210,70,58,81.8,56.4
3853,21,3,1,70.9,85454.0,54028.0,10497,7484641.0,10042987,22124389,4703796,10849,8474,,98.0
3854,21,3,2,80.1,85788.0,63938.0,11869,9523474.0,10042987,22124389,4703796,4292,5798,14.6,71.8
3855,21,3,3,63.0,41529.0,34132.0,3899,8914846.0,10042987,22124389,4703796,6596,2813,44.6,69.1
3856,21,3,4,51.1,37400.0,32793.0,8997,8263736.0,10042987,22124389,4703796,1999,1225,41.4,29.8
3857,21,3,5,49.0,60307.0,44587.0,8014,8937594.0,10042987,22124389,4703796,8508,4437,21.3,28.5
3858,21,3,6,56.7,46600.0,35893.0,6235,6551753.0,10042987,22124389,4703796,5078,3336,21.3,79.7
3859,21,4,1,64.3,306256.0,213854.0,38211,19399285.0,31167775,75542342,12750729,42796,20662,97.5,73.4
3860,21,4,2,46.9,64842.0,34575.0,10533,20396352.0,31167775,75542342,12750729,3501,5789,51.5,29.1
3861,21,4,3,93.4,115136.0,55247.0,15960,25337263.0,31167775,75542342,12750729,6843,2688,57.0,81.4
3862,21,4,4,49.9,261925.0,112433.0,38686,24101048.0,31167775,75542342,12750729,7070,17611,41.7,68.0
3863,21,4,5,92.8,193197.0,148525.0,48904,23187065.0,31167775,75542342,12750729,30806,6340,39.9,36.3
3864,21,4,6,75.2,132683.0,63964.0,6524,22958998.0,31167775,75542342,12750729,4871,6099,44.9,35.3
3865,21,5,1,79.0,39625.0,19067.0,4876,,8077505,17451553,3817644,2741,3374,56.4,82.2
3866,21,5,2,81.3,83700.0,33852.0,4604,7577778.0,8077505,17451553,3817644,7538,4603,26.4,61.9
3867,21,5,3,62.2,62991.0,,7751,5590798.0,8077505,17451553,3817644,5700,1547,33.7,46.3
3868,21,5,4,86.4,71594.0,30121.0,5940,7503594.0,8077505,17451553,3817644,3138,1234,34.0,44.7
3869,21,5,5,97.3,35097.0,15855.0,1712,5902143.0,8077505,17451553,3817644,3209,1398,55.6,32.5
3870,21,5,6,93.6,33908.0,20524.0,6757,5584552.0,8077505,17451553,3817644,1368,1081,,18.2
3871,21,6,1,57.1,1814.0,1412.0,335,361587.0,403722,904617,184737,253,225,71.7,48.1
3872,21,6,2,71.7,3111.0,2231.0,473,292115.0,403722,904617,184737,468,104,55.2,37.8
3873,21,6,3,88.6,2324.0,1705.0,581,279023.0,403722,904617,184737,277,219,46.5,35.8
3874,21,6,4,53.0,2989.0,2460.0,807,267189.0,403722,904617,184737,177,349,52.2,73.1
3875,21,6,5,60.0,3674.0,2479.0,796,286340.0,403722,904617,184737,281,380,60.0,35.1
3876,21,6,6,56.1,4011.0,1966.0,451,367427.0,403722,904617,184737,259,166,39.7,64.3
3877,21,7,1,98.8,49716.0,22787.0,4086,14330323.0,20113174,40357647,7697720,1702,1354,80.2,32.6
3878,21,7,2,49.4,118832.0,81434.0,9154,12199827.0,20113174,40357647,7697720,16731,10366,57.4,92.2
3879,21,7,3,59.8,160399.0,113884.0,38174,19556788.0,20113174,40357647,7697720,8030,4961,29.7,39.0
3880,21,7,4,96.5,211045.0,158649.0,15866,18858047.0,20113174,40357647,7697720,11834,22788,30.8,61.4
3881,21,7,5,87.5,174894.0,139707.0,25394,19480996.0,20113174,40357647,7697720,31563,4875,96.1,81.5
3882,21,7,6,68.7,52714.0,29879.0,7488,17884182.0,20113174,40357647,7697720,5898,3547,52.7,58.8
3883,21,8,1,57.5,42677.0,29438.0,7893,7410356.0,7707052,17908669,3047766,6198,2065,45.9,57.1
3884,21,8,2,72.4,40447.0,17918.0,5457,4922911.0,7707052,17908669,3047766,2370,2221,52.9,60.2
3885,21,8,3,71.1,68278.0,27314.0,3360,7148239.0,7707052,17908669,3047766,2256,2145,42.3,27.6
3886,21,8,4,76.6,45223.0,24011.0,3341,4664711.0,7707052,17908669,3047766,3966,1878,64.8,51.5
3887,21,8,5,40.3,60468.0,45768.0,4944,4707162.0,7707052,17908669,3047766,5940,3524,40.6,49.2
3888,21,8,6,42.2,78251.0,68890.0,21329,7496458.0,7707052,17908669,3047766,14394,7736,63.3,36.9
3889,21,9,1,88.8,10255.0,8497.0,1244,1383288.0,1780426,4519288,635099,469,1385,58.3,72.8
3890,21,9,2,94.2,4427.0,2502.0,558,1189671.0,1780426,4519288,635099,411,417,79.0,50.6
3891,21,9,3,82.1,18607.0,9586.0,2662,1467895.0,1780426,4519288,635099,1243,325,33.6,44.2
3892,21,9,4,45.7,6092.0,4333.0,674,1546043.0,1780426,4519288,635099,856,169,54.7,7.6
3893,21,9,5,76.9,20310.0,10471.0,2331,1097226.0,1780426,4519288,635099,1858,812,33.2,66.6
3894,21,9,6,97.9,9925.0,7274.0,2154,1612223.0,1780426,4519288,635099,1224,919,55.5,34.0
3895,21,10,1,84.1,54201.0,32514.0,5746,7802790.0,10618164,22618051,4145432,5727,5791,44.4,76.2
3896,21,10,2,38.1,52329.0,23966.0,5508,10245004.0,10618164,22618051,4145432,1836,1483,35.2,17.0
3897,21,10,3,47.8,103229.0,48267.0,12718,10385574.0,10618164,22618051,4145432,11628,5202,41.8,47.0
3898,21,10,4,42.7,77609.0,56732.0,18841,7294580.0,10618164,22618051,4145432,5809,6923,49.9,38.4
3899,21,10,5,39.4,29563.0,13301.0,3364,7078500.0,10618164,22618051,4145432,2320,1247,58.1,83.8
3900,21,10,6,80.5,88631.0,46032.0,8638,6617706.0,10618164,22618051,4145432,4938,7812,74.9,69.3
3901,21,11,1,62.5,152610.0,67635.0,14944,17207104.0,19129335,40730155,7453372,8934,10118,55.1,25.3
3902,21,11,2,95.6,176346.0,107406.0,13643,16267404.0,19129335,40730155,7453372,24373,4905,37.1,78.6
3903,21,11,3,88.1,91186.0,63910.0,14895,13793526.0,19129335,40730155,7453372,3923,2726,28.6,58.5
3904,21,11,4,53.0,139373.0,101245.0,29071,18723438.0,19129335,40730155,7453372,8605,4680,80.3,57.9
3905,21,11,5,90.9,90646.0,79350.0,11452,17709370.0,19129335,40730155,7453372,15765,8236,42.0,58.0
3906,21,11,6,90.0,61535.0,44535.0,8029,12917452.0,19129335,40730155,7453372,4792,7885,38.4,45.0
3907,21,12,1,40.9,69459.0,57351.0,19565,7814483.0,9772317,20405136,3830173,5757,8268,16.7,58.6
3908,21,12,2,71.1,94109.0,83901.0,25911,8781057.0,9772317,20405136,3830173,16048,2934,42.4,69.9
3909,21,12,3,78.6,22360.0,15123.0,2377,8578444.0,9772317,20405136,3830173,2158,1011,39.6,63.8
3910,21,12,4,78.1,100530.0,72582.0,16370,7844444.0,9772317,20405136,3830173,10858,9574,65.3,75.6
3911,21,12,5,79.0,53933.0,23280.0,7272,8290011.0,9772317,20405136,3830173,5176,3208,51.8,36.1
3912,21,12,6,61.7,64570.0,43480.0,5205,9535302.0,9772317,20405136,3830173,3507,7240,28.7,68.4
3913,21,13,1,52.9,200987.0,152578.0,50951,14485417.0,20750212,53234967,11396752,17204,22427,65.8,52.3
3914,21,13,2,98.1,115246.0,85672.0,8828,14202052.0,20750212,53234967,11396752,12230,3678,50.1,50.9
3915,21,13,3,90.8,240932.0,183882.0,62219,19042444.0,20750212,53234967,11396752,12298,9958,24.3,71.7
3916,21,13,4,44.9,105593.0,76224.0,19019,19565161.0,20750212,53234967,11396752,8617,6622,93.6,37.3
3917,21,13,5,40.3,248466.0,123071.0,39356,13128580.0,20750212,53234967,11396752,24141,15748,70.3,86.7
3918,21,13,6,91.4,170627.0,135327.0,26797,15223976.0,20750212,53234967,11396752,16071,19737,24.1,94.6
3919,21,14,1,92.7,257015.0,207180.0,51516,28175583.0,35495102,73928387,11883448,31523,7088,59.4,73.4
3920,21,14,2,37.6,115318.0,81690.0,20012,29302275.0,35495102,73928387,11883448,8312,7066,70.1,58.4
3921,21,14,3,35.1,140375.0,94582.0,15933,29499810.0,35495102,73928387,11883448,20613,13068,60.2,52.3
3922,21,14,4,38.0,135761.0,98903.0,17042,32208142.0,35495102,73928387,11883448,21901,6415,33.7,91.2
3923,21,14,5,77.1,148697.0,85386.0,11043,32322594.0,35495102,73928387,11883448,6678,12630,45.3,78.0
3924,21,14,6,98.3,246940.0,156432.0,37737,24709652.0,35495102,73928387,11883448,36164,11782,53.9,73.1
3925,21,15,1,56.5,1668.0,1421.0,393,807749.0,824533,1730663,407407,187,159,54.7,54.4
3926,21,15,2,38.4,5778.0,5157.0,945,520060.0,824533,1730663,407407,434,708,44.3,46.2
3927,21,15,3,63.3,2628.0,1478.0,433,511374.0,824533,1730663,407407,242,87,62.4,43.2
3928,21,15,4,93.9,8647.0,7330.0,1202,500761.0,824533,1730663,407407,667,856,32.3,75.2
3929,21,15,5,37.4,8650.0,4762.0,1649,668002.0,824533,1730663,407407,688,635,58.4,53.8
3930,21,15,6,47.1,9042.0,6187.0,848,689104.0,824533,1730663,407407,473,1045,50.3,52.3
3931,21,16,1,43.8,4333.0,1819.0,210,761433.0,856692,2099590,384428,318,253,62.9,56.1
3932,21,16,2,54.3,6586.0,3507.0,1215,834666.0,856692,2099590,384428,869,450,28.6,33.3
3933,21,16,3,74.0,2210.0,1255.0,236,631433.0,856692,2099590,384428,237,74,52.8,50.6
3934,21,16,4,50.5,8770.0,5807.0,1131,747128.0,856692,2099590,384428,1132,564,60.1,90.3
3935,21,16,5,70.2,4800.0,,549,642466.0,856692,2099590,384428,517,479,36.8,36.3
3936,21,16,6,85.9,5321.0,2833.0,356,801828.0,856692,2099590,384428,610,490,59.4,67.3
3937,21,17,1,56.0,2868.0,2418.0,310,207518.0,315831,668872,117033,507,289,46.9,48.3
3938,21,17,2,84.3,1849.0,1151.0,224,218661.0,315831,668872,117033,259,174,46.2,60.4
3939,21,17,3,56.1,783.0,493.0,133,232106.0,315831,668872,117033,72,84,55.9,51.9
3940,21,17,4,75.3,2622.0,1497.0,232,201398.0,315831,668872,117033,160,88,58.3,41.3
3941,21,17,5,41.1,1587.0,665.0,85,217106.0,315831,668872,117033,113,69,79.6,50.1
3942,21,17,6,59.6,2895.0,1699.0,522,294988.0,315831,668872,117033,198,277,23.8,40.2
3943,21,18,1,84.9,1862.0,1492.0,469,345705.0,541036,1318461,243377,299,160,19.6,47.0
3944,21,18,2,97.6,,1343.0,370,377483.0,541036,1318461,243377,152,73,12.6,81.4
3945,21,18,3,73.8,3904.0,3342.0,644,483134.0,541036,1318461,243377,404,344,36.9,45.3
3946,21,18,4,84.4,5734.0,4309.0,701,427539.0,541036,1318461,243377,542,322,74.2,32.8
3947,21,18,5,51.3,1458.0,601.0,173,466872.0,541036,1318461,243377,102,33,22.9,54.5
3948,21,18,6,47.7,2101.0,1440.0,400,471161.0,541036,1318461,243377,289,51,73.8,85.0
3949,21,19,1,45.3,25464.0,11296.0,1636,11653350.0,12417804,27658509,4622491,2413,1687,41.9,66.6
3950,21,19,2,82.4,44306.0,26654.0,7527,8552984.0,12417804,27658509,4622491,4181,2832,25.3,59.5
3951,21,19,3,55.9,40046.0,32006.0,7377,11561506.0,12417804,27658509,4622491,7512,1271,66.4,63.4
3952,21,19,4,79.7,108759.0,92756.0,10205,9981310.0,12417804,27658509,4622491,16696,7231,21.2,86.5
3953,21,19,5,89.0,85740.0,55193.0,6882,7808665.0,12417804,27658509,4622491,9666,4432,53.0,62.9
3954,21,19,6,58.1,69400.0,39240.0,5433,7607636.0,12417804,27658509,4622491,4642,5081,51.6,52.7
3955,21,20,1,37.7,76224.0,45937.0,6898,7169779.0,7521680,18919256,3152552,8295,6354,81.9,44.5
3956,21,20,2,97.3,46177.0,28946.0,6780,6323311.0,7521680,18919256,3152552,3764,2908,41.2,36.2
3957,21,20,3,66.8,48766.0,35321.0,8106,6076544.0,7521680,18919256,3152552,2004,1595,47.8,84.6
3958,21,20,4,70.9,54951.0,24969.0,8649,6003591.0,7521680,18919256,3152552,2648,3168,36.3,42.9
3959,21,20,5,92.1,76297.0,55766.0,15839,5206683.0,7521680,18919256,3152552,10005,9493,36.4,52.1
3960,21,20,6,81.7,48850.0,38610.0,7155,6847960.0,7521680,18919256,3152552,9283,5551,84.5,50.4
3961,21,21,1,97.0,202674.0,140340.0,19141,15712697.0,20770046,47862467,6783758,19682,20856,55.5,59.7
3962,21,21,2,50.1,114335.0,76464.0,13120,18794300.0,20770046,47862467,6783758,18732,8658,91.8,58.6
3963,21,21,3,86.3,230203.0,141153.0,24554,16702629.0,20770046,47862467,6783758,28170,10118,62.7,68.1
3964,21,21,4,57.1,54637.0,31138.0,5514,19049691.0,20770046,47862467,6783758,4164,2549,67.5,50.6
3965,21,21,5,82.4,91626.0,71353.0,11992,15423633.0,20770046,47862467,6783758,10070,2430,15.9,65.0
3966,21,21,6,51.1,68968.0,47323.0,14685,16147805.0,20770046,47862467,6783758,6991,3958,59.2,43.9
3967,21,22,1,95.2,629.0,401.0,60,138716.0,208189,433839,74656,48,21,62.2,48.1
3968,21,22,2,43.5,1947.0,1040.0,125,176478.0,208189,433839,74656,55,99,41.1,36.8
3969,21,22,3,68.3,1098.0,478.0,128,181763.0,208189,433839,74656,-100,82,60.6,76.3
3970,21,22,4,69.1,547.0,348.0,55,178688.0,208189,433839,74656,53,32,50.1,41.1
3971,21,22,5,67.1,763.0,,204,160580.0,208189,433839,74656,110,110,29.5,56.1
3972,21,22,6,97.2,1722.0,1437.0,301,159807.0,208189,433839,74656,162,257,45.8,62.2
3973,21,23,1,56.7,70760.0,30726.0,6706,20823805.0,22112734,47969482,7662545,5465,2683,53.3,16.9
3974,21,23,2,83.7,132718.0,83280.0,26955,13740838.0,22112734,47969482,7662545,18709,14546,70.6,66.6
3975,21,23,3,54.1,142398.0,94430.0,13079,20086708.0,22112734,47969482,7662545,10429,11388,19.6,37.7
3976,21,23,4,70.6,196692.0,,20653,13638539.0,22112734,47969482,7662545,9040,11503,40.7,18.4
3977,21,23,5,79.2,209818.0,163206.0,48308,14534536.0,22112734,47969482,7662545,29936,5306,53.6,88.7
3978,21,23,6,95.9,115632.0,70150.0,22779,20967703.0,22112734,47969482,7662545,4513,2287,48.9,57.7
3979,21,24,1,54.1,69422.0,34813.0,9928,11166253.0,11737525,22197305,5244889,6038,2756,0.0,54.6
3980,21,24,2,90.9,35242.0,16250.0,3905,11385550.0,11737525,22197305,5244889,1765,2298,1.6,48.4
3981,21,24,3,92.4,63499.0,42670.0,11656,10299338.0,11737525,22197305,5244889,5744,6841,81.7,59.6
3982,21,24,4,68.9,25772.0,13564.0,4555,7752763.0,11737525,22197305,5244889,2499,971,54.2,57.4
3983,21,24,5,71.0,101070.0,83291.0,19524,8451711.0,11737525,22197305,5244889,20170,5272,63.3,65.4
3984,21,24,6,59.7,96148.0,54054.0,10087,7638759.0,11737525,22197305,5244889,5992,4045,36.3,51.6
3985,21,25,1,58.5,2140.0,1916.0,436,1090998.0,1212780,2335545,455444,278,282,28.2,63.3
3986,21,25,2,62.2,9412.0,7664.0,2525,906076.0,1212780,2335545,455444,1866,713,22.9,66.2
3987,21,25,3,70.1,2073.0,1074.0,306,909747.0,1212780,2335545,455444,114,190,39.0,9.9
3988,21,25,4,76.1,8392.0,3868.0,514,916986.0,1212780,2335545,455444,651,550,76.9,69.1
3989,21,25,5,95.2,5960.0,4092.0,1198,867547.0,1212780,2335545,455444,364,404,75.4,56.8
3990,21,25,6,78.6,11646.0,8562.0,2840,1111710.0,1212780,2335545,455444,872,958,76.5,27.7
3991,21,26,1,82.1,439318.0,342295.0,43548,,64038921,141736180,25482416,20426,44190,39.6,34.0
3992,21,26,2,87.1,445800.0,373648.0,41884,53749330.0,64038921,141736180,25482416,28882,14385,32.1,49.7
3993,21,26,3,87.2,469417.0,299837.0,50456,52278814.0,64038921,141736180,25482416,52362,12462,33.5,69.1
3994,21,26,4,77.8,656731.0,481827.0,97787,52629132.0,64038921,141736180,25482416,73096,39701,78.6,66.2
3995,21,26,5,91.2,121688.0,65552.0,17934,60437883.0,64038921,141736180,25482416,12002,3071,22.5,25.6
3996,21,26,6,68.3,573796.0,495436.0,91096,56878813.0,64038921,141736180,25482416,117649,63645,67.3,71.2
3997,21,27,1,82.9,14236.0,9160.0,1402,4587614.0,5057710,12325728,1842726,1880,1008,53.8,86.5
3998,21,27,2,69.5,49043.0,32352.0,3703,4237307.0,5057710,12325728,1842726,5738,4758,50.9,39.7
3999,21,27,3,96.3,32267.0,20052.0,2023,4291130.0,5057710,12325728,1842726,2888,1532,61.0,19.4
4000,21,27,4,70.0,57812.0,31098.0,7726,4030868.0,5057710,12325728,1842726,2025,5351,49.7,100.0
4001,21,27,5,70.0,51834.0,35639.0,10423,3103404.0,5057710,12325728,1842726,2668,5467,21.1,15.0
4002,21,27,6,70.8,39195.0,27048.0,4159,3087844.0,5057710,12325728,1842726,2976,2817,61.2,46.5
4003,21,28,1,94.3,73434.0,50460.0,15228,22490631.0,28992534,59444274,13503533,7692,5420,48.0,42.1
4004,21,28,2,89.3,206910.0,149717.0,40231,26621348.0,28992534,59444274,13503533,29715,15592,65.4,63.8
4005,21,28,3,40.5,235722.0,127835.0,22902,22745830.0,28992534,59444274,13503533,17595,4217,62.8,39.8
4006,21,28,4,41.4,150742.0,68310.0,9177,19070355.0,28992534,59444274,13503533,9392,9225,61.5,48.2
4007,21,28,5,87.2,184662.0,85584.0,12976,27962076.0,28992534,59444274,13503533,20606,7662,60.2,71.8
4008,21,28,6,53.3,199423.0,125584.0,18623,20040775.0,28992534,59444274,13503533,14191,9082,31.5,91.7
4009,21,29,1,87.8,70750.0,43894.0,14309,6347787.0,8068368,19379293,3733052,4038,1390,53.5,35.1
4010,21,29,2,73.1,39316.0,32193.0,7982,6068109.0,8068368,19379293,3733052,5760,1192,26.1,43.5
4011,21,29,3,94.2,30670.0,,7078,6380052.0,8068368,19379293,3733052,4623,3271,77.6,60.4
4012,21,29,4,35.1,22298.0,15646.0,5363,5067339.0,8068368,19379293,3733052,1937,2047,9.5,65.1
4013,21,29,5,39.0,21520.0,12381.0,4264,7451436.0,8068368,19379293,3733052,2811,1652,28.2,48.7
4014,21,29,6,83.6,98370.0,66970.0,17563,5595668.0,8068368,19379293,3733052,16420,9430,44.9,64.2
4015,21,30,1,80.9,32443.0,18032.0,3866,2607524.0,3713895,7780967,1282981,3373,1424,28.4,44.8
4016,21,30,2,38.1,8482.0,7398.0,1054,3066594.0,3713895,7780967,1282981,993,276,21.4,44.6
4017,21,30,3,67.4,,30828.0,8680,2423612.0,3713895,7780967,1282981,3664,967,49.0,37.8
4018,21,30,4,69.1,8050.0,,1261,2698537.0,3713895,7780967,1282981,394,439,17.7,43.2
4019,21,30,5,50.4,27010.0,21396.0,5243,3164137.0,3713895,7780967,1282981,2921,1060,40.1,97.5
4020,21,30,6,61.8,21511.0,14870.0,1553,2551358.0,3713895,7780967,1282981,2165,556,75.9,41.3
4021,21,31,1,79.4,630.0,333.0,58,59474.0,82178,180241,35093,60,28,47.7,56.2
4022,21,31,2,44.6,474.0,331.0,84,59415.0,82178,180241,35093,74,59,39.6,38.1
4023,21,31,3,65.9,378.0,314.0,96,54915.0,82178,180241,35093,77,32,,61.9
4024,21,31,4,53.3,829.0,584.0,84,,82178,180241,35093,33,20,54.6,82.2
4025,21,31,5,56.9,495.0,265.0,69,54860.0,82178,180241,35093,65,19,68.4,57.8
4026,21,31,6,45.0,357.0,318.0,41,57284.0,82178,180241,35093,25,39,70.4,45.1
4027,21,32,1,86.4,998.0,630.0,167,318283.0,364336,855456,157012,126,25,56.6,61.2
4028,21,32,2,91.1,3058.0,2198.0,763,242063.0,364336,855456,157012,192,325,44.9,52.9
4029,21,32,3,95.1,3293.0,2666.0,649,236057.0,364336,855456,157012,147,340,26.8,60.3
4030,21,32,4,91.5,4442.0,3415.0,1018,264338.0,364336,855456,157012,448,337,35.4,69.5
4031,21,32,5,90.5,4265.0,2700.0,686,313816.0,364336,855456,157012,540,298,50.6,54.3
4032,21,32,6,89.9,2361.0,1140.0,240,339975.0,364336,855456,157012,125,48,62.0,71.5
4033,22,1,1,44.4,98477.0,50381.0,14618,13665019.0,15975748,29752948,5881609,11673,7797,67.8,37.8
4034,22,1,2,53.6,107895.0,43990.0,5397,11559179.0,15975748,29752948,5881609,4896,6822,54.0,64.3
4035,22,1,3,94.1,93345.0,79923.0,24035,12301122.0,15975748,29752948,5881609,5098,2818,62.3,76.5
4036,22,1,4,68.4,42288.0,36368.0,10167,15513451.0,15975748,29752948,5881609,4046,1944,75.0,56.5
4037,22,1,5,77.9,52630.0,37326.0,11011,12982937.0,15975748,29752948,5881609,9114,5644,57.1,34.2
4038,22,1,6,64.5,41463.0,,5331,12176539.0,15975748,29752948,5881609,4297,6255,80.5,29.0
4039,22,2,1,83.1,1360.0,607.0,117,243415.0,394419,907142,189940,72,69,84.1,43.7
4040,22,2,2,94.1,2656.0,1382.0,232,375084.0,394419,907142,189940,129,56,51.3,82.5
4041,22,2,3,65.8,1735.0,772.0,182,334124.0,394419,907142,189940,116,89,71.7,53.7
4042,22,2,4,40.1,,1631.0,413,,394419,907142,189940,326,148,48.6,63.5
4043,22,2,5,91.2,1553.0,1333.0,190,334763.0,394419,907142,189940,187,68,17.0,41.2
4044,22,2,6,39.5,3742.0,2712.0,445,342983.0,394419,907142,189940,214,485,48.6,64.2
4045,22,3,1,44.9,42802.0,36046.0,10682,8904402.0,10309509,20462352,4253787,2377,2163,27.7,10.6
4046,22,3,2,58.8,95682.0,73011.0,21272,7574805.0,10309509,20462352,4253787,9752,11278,44.2,57.0
4047,22,3,3,39.4,55410.0,26222.0,3206,9405738.0,10309509,20462352,4253787,1490,1022,70.0,61.7
4048,22,3,4,46.6,64966.0,34941.0,3680,7018244.0,10309509,20462352,4253787,2004,6236,58.8,65.6
4049,22,3,5,76.6,70832.0,53586.0,7295,6806462.0,10309509,20462352,4253787,3615,5260,48.6,28.2
4050,22,3,6,92.5,53534.0,32916.0,7418,9701090.0,10309509,20462352,4253787,5014,1636,26.5,18.0
4051,22,4,1,50.6,347855.0,228671.0,27146,28789288.0,36512393,69375821,16142970,52472,22527,70.1,51.4
4052,22,4,2,48.3,313360.0,181193.0,26941,30497163.0,36512393,69375821,16142970,18114,23386,63.6,52.9
4053,22,4,3,77.7,,177902.0,43428,33721079.0,36512393,69375821,16142970,18144,5672,37.8,72.4
4054,22,4,4,39.3,135984.0,76842.0,10704,25379662.0,36512393,69375821,16142970,14715,7089,52.1,61.5
4055,22,4,5,41.9,157898.0,130513.0,25039,23969027.0,36512393,69375821,16142970,16463,13947,19.3,75.5
4056,22,4,6,87.6,353138.0,253373.0,87558,27769589.0,36512393,69375821,16142970,14517,40959,49.5,40.0
4057,22,5,1,44.6,83475.0,36615.0,3961,7546828.0,8352252,17585079,2518678,2001,3587,45.8,55.7
4058,22,5,2,39.4,62602.0,44845.0,11306,5929731.0,8352252,17585079,2518678,2503,7933,52.2,26.0
4059,22,5,3,59.6,27430.0,17326.0,2364,5959692.0,8352252,17585079,2518678,3748,1875,46.3,44.4
4060,22,5,4,56.9,63360.0,52690.0,14153,6790215.0,8352252,17585079,2518678,3011,7941,33.0,71.2
4061,22,5,5,70.0,37486.0,24699.0,7884,6530768.0,8352252,17585079,2518678,5298,3840,85.0,64.3
4062,22,5,6,58.6,76823.0,41713.0,13585,5433867.0,8352252,17585079,2518678,6915,5972,67.5,37.7
4063,22,6,1,68.8,2140.0,1713.0,363,383722.0,457585,926795,131368,330,297,48.9,44.6
4064,22,6,2,60.2,2440.0,1733.0,247,309885.0,457585,926795,131368,169,82,30.5,79.1
4065,22,6,3,43.3,4587.0,3822.0,1168,318168.0,457585,926795,131368,662,205,,44.1
4066,22,6,4,38.7,4254.0,3808.0,613,355271.0,457585,926795,131368,883,513,53.7,72.9
4067,22,6,5,89.8,4776.0,3907.0,1237,325148.0,457585,926795,131368,912,696,42.8,82.2
4068,22,6,6,83.9,2337.0,1003.0,252,315547.0,457585,926795,131368,68,119,55.5,68.2
4069,22,7,1,84.8,200256.0,165778.0,46443,12136884.0,18091947,43423143,9094689,35069,28427,51.6,49.8
4070,22,7,2,73.9,48541.0,38311.0,4621,17729804.0,18091947,43423143,9094689,3570,5467,71.8,75.6
4071,22,7,3,35.7,174590.0,146753.0,18019,11829486.0,18091947,43423143,9094689,24465,6236,54.3,82.5
4072,22,7,4,44.3,123534.0,77892.0,21627,13090268.0,18091947,43423143,9094689,12919,12025,51.8,48.4
4073,22,7,5,39.2,109463.0,55350.0,14101,16036905.0,18091947,43423143,9094689,3939,3788,85.0,8.9
4074,22,7,6,97.8,73420.0,53107.0,13247,16552163.0,18091947,43423143,9094689,3335,9204,61.6,66.3
4075,22,8,1,48.2,73870.0,58523.0,12499,7431317.0,8584611,17152258,2432137,5004,2634,39.3,27.9
4076,22,8,2,74.8,33435.0,17998.0,5536,7715791.0,8584611,17152258,2432137,2108,1275,27.6,71.4
4077,22,8,3,84.2,76854.0,49519.0,13062,,8584611,17152258,2432137,5934,6910,62.8,39.2
4078,22,8,4,68.7,42356.0,22900.0,7611,7250649.0,8584611,17152258,2432137,2883,3298,48.5,44.1
4079,22,8,5,70.6,82770.0,45208.0,10306,6460359.0,8584611,17152258,2432137,7630,7943,75.3,98.3
4080,22,8,6,52.8,50299.0,38572.0,4619,7232443.0,8584611,17152258,2432137,5379,2671,85.1,50.8
4081,22,9,1,77.6,16918.0,14806.0,2825,1363506.0,2089409,4236025,947157,2826,865,26.8,55.2
4082,22,9,2,75.2,4003.0,2516.0,748,1819256.0,2089409,4236025,947157,548,416,62.5,50.6
4083,22,9,3,72.4,9644.0,5996.0,1255,1547705.0,2089409,4236025,947157,338,677,83.5,79.5
4084,22,9,4,89.8,19091.0,,1908,1848727.0,2089409,4236025,947157,2581,1195,44.3,67.6
4085,22,9,5,80.2,5232.0,2866.0,844,1334618.0,2089409,4236025,947157,311,215,50.6,48.7
4086,22,9,6,71.7,21759.0,18228.0,3006,1676926.0,2089409,4236025,947157,2897,1405,23.7,33.8
4087,22,10,1,35.8,94360.0,79339.0,14528,7870285.0,9630741,22485947,4355602,8461,6129,61.9,48.0
4088,22,10,2,87.0,100935.0,78675.0,17942,6644343.0,9630741,22485947,4355602,3998,9847,61.7,47.6
4089,22,10,3,46.6,107922.0,86892.0,14395,7665209.0,9630741,22485947,4355602,10699,15352,44.9,51.2
4090,22,10,4,64.2,84698.0,67162.0,23225,9104769.0,9630741,22485947,4355602,8714,9552,44.1,44.5
4091,22,10,5,76.7,105775.0,44689.0,14729,7811592.0,9630741,22485947,4355602,9723,3993,43.5,36.8
4092,22,10,6,74.8,33214.0,24308.0,4167,9092090.0,9630741,22485947,4355602,3425,2218,61.1,58.8
4093,22,11,1,83.6,178937.0,76699.0,22840,12506243.0,17840384,38221540,6623116,6744,6220,,48.1
4094,22,11,2,43.3,136750.0,102955.0,24145,14906412.0,17840384,38221540,6623116,13473,10969,22.2,71.3
4095,22,11,3,92.3,103133.0,83218.0,14907,11003132.0,17840384,38221540,6623116,15888,4885,48.4,63.5
4096,22,11,4,37.9,189505.0,162530.0,49934,17024004.0,17840384,38221540,6623116,30318,6929,30.2,59.5
4097,22,11,5,66.6,123226.0,62419.0,17504,12513995.0,17840384,38221540,6623116,9211,7748,79.8,58.6
4098,22,11,6,45.4,100793.0,65856.0,22868,14921807.0,17840384,38221540,6623116,7996,10474,45.2,46.9
4099,22,12,1,73.4,,69211.0,16426,6418222.0,10352970,20682885,4209067,5308,5234,27.0,79.3
4100,22,12,2,39.8,44124.0,23448.0,7529,7490019.0,10352970,20682885,4209067,5277,2478,57.3,52.8
4101,22,12,3,79.8,88160.0,51872.0,7705,9344278.0,10352970,20682885,4209067,12132,6454,59.0,42.0
4102,22,12,4,65.1,44458.0,,6745,8553124.0,10352970,20682885,4209067,1461,1437,65.4,30.0
4103,22,12,5,92.1,29102.0,25943.0,3097,7013768.0,10352970,20682885,4209067,6193,1237,65.0,65.0
4104,22,12,6,63.6,98686.0,47105.0,10036,6404288.0,10352970,20682885,4209067,7956,7247,34.1,68.6
4105,22,13,1,89.7,247020.0,167314.0,43042,16081269.0,21591516,49819403,7432983,38240,13149,38.1,69.9
4106,22,13,2,53.5,251491.0,151875.0,40645,,21591516,49819403,7432983,20295,19836,58.2,60.4
4107,22,13,3,37.6,162585.0,144147.0,49026,18028634.0,21591516,49819403,7432983,12545,15649,50.7,48.0
4108,22,13,4,46.2,156057.0,128343.0,14969,14625708.0,21591516,49819403,7432983,25694,19722,54.8,68.5
4109,22,13,5,78.3,91046.0,39004.0,11223,21140710.0,21591516,49819403,7432983,4164,3637,81.5,84.6
4110,22,13,6,59.3,,127292.0,44119,19620135.0,21591516,49819403,7432983,26822,22774,92.2,64.8
4111,22,14,1,39.9,221554.0,190090.0,65185,24784763.0,32599695,72091833,12934513,34826,12290,44.6,42.9
4112,22,14,2,75.7,317212.0,164841.0,38670,31340700.0,32599695,72091833,12934513,17138,20798,42.2,98.9
4113,22,14,3,91.2,158215.0,64043.0,13377,26000323.0,32599695,72091833,12934513,6059,9099,24.5,50.3
4114,22,14,4,82.7,206467.0,110111.0,27120,22520708.0,32599695,72091833,12934513,20711,4086,30.0,40.9
4115,22,14,5,40.7,296483.0,259917.0,30993,21502178.0,32599695,72091833,12934513,57210,25525,36.1,40.0
4116,22,14,6,37.1,299695.0,237090.0,81127,30596153.0,32599695,72091833,12934513,46122,40769,47.5,46.7
4117,22,15,1,46.2,8508.0,5389.0,1300,831868.0,914413,1765061,404859,681,402,36.1,35.5
4118,22,15,2,78.7,1738.0,1003.0,189,573177.0,914413,1765061,404859,211,140,77.4,81.4
4119,22,15,3,96.8,7920.0,3206.0,562,703411.0,914413,1765061,404859,267,198,58.0,31.6
4120,22,15,4,63.8,4921.0,3102.0,449,685111.0,914413,1765061,404859,470,155,30.7,43.4
4121,22,15,5,74.5,9297.0,6034.0,835,662938.0,914413,1765061,404859,1402,700,64.2,17.1
4122,22,15,6,41.0,8959.0,7252.0,1546,661608.0,914413,1765061,404859,1704,864,51.5,37.8
4123,22,16,1,54.4,3478.0,1755.0,471,802196.0,1000789,1885718,327205,327,114,32.1,69.7
4124,22,16,2,81.3,8137.0,3463.0,1171,812037.0,1000789,1885718,327205,493,293,49.4,9.4
4125,22,16,3,79.8,4122.0,2377.0,468,893889.0,1000789,1885718,327205,531,239,60.7,30.6
4126,22,16,4,46.4,7001.0,5031.0,1000,663127.0,1000789,1885718,327205,453,445,52.5,29.6
4127,22,16,5,46.3,6357.0,4601.0,1316,891102.0,1000789,1885718,327205,312,165,40.2,22.9
4128,22,16,6,92.6,8396.0,7298.0,2430,936370.0,1000789,1885718,327205,926,343,17.6,34.3
4129,22,17,1,78.7,1535.0,939.0,192,333881.0,345009,723492,141846,163,131,68.2,84.5
4130,22,17,2,43.8,3054.0,2692.0,899,211711.0,345009,723492,141846,316,152,37.6,38.0
4131,22,17,3,96.7,3122.0,1362.0,239,,345009,723492,141846,144,44,35.1,53.0
4132,22,17,4,44.6,1880.0,1154.0,385,317234.0,345009,723492,141846,211,126,63.5,9.2
4133,22,17,5,43.3,2097.0,1680.0,183,250873.0,345009,723492,141846,376,174,48.7,100.0
4134,22,17,6,47.8,1654.0,1326.0,238,273153.0,345009,723492,141846,263,222,44.9,37.2
4135,22,18,1,70.6,5118.0,2292.0,530,496978.0,565330,1308946,202406,279,90,40.5,89.8
4136,22,18,2,66.0,1278.0,772.0,200,442651.0,565330,1308946,202406,97,128,39.9,41.5
4137,22,18,3,90.8,,1841.0,394,410727.0,565330,1308946,202406,450,160,89.0,71.1
4138,22,18,4,65.2,3997.0,2307.0,700,482362.0,565330,1308946,202406,169,385,39.0,61.3
4139,22,18,5,48.7,6014.0,4814.0,1301,389639.0,565330,1308946,202406,1195,403,54.6,89.0
4140,22,18,6,82.2,4737.0,3253.0,506,348758.0,565330,1308946,202406,324,437,58.0,41.7
4141,22,19,1,79.4,65158.0,41594.0,9783,11237485.0,12965421,28437385,6386483,3168,3645,66.2,57.5
4142,22,19,2,95.8,107644.0,60642.0,6324,11777265.0,12965421,28437385,6386483,-9314,7168,34.9,79.7
4143,22,19,3,38.7,40975.0,18925.0,4196,11896882.0,12965421,28437385,6386483,4349,1877,38.8,73.2
4144,22,19,4,92.5,107560.0,89964.0,9176,8855771.0,12965421,28437385,6386483,21028,6974,53.4,61.4
4145,22,19,5,72.8,25732.0,13777.0,1497,8825243.0,12965421,28437385,6386483,3434,1645,77.5,66.3
4146,22,19,6,41.8,113002.0,48544.0,15866,9435793.0,12965421,28437385,6386483,9514,8615,51.7,81.4
4147,22,20,1,50.4,34632.0,29120.0,7748,5995959.0,7751137,17859845,3163895,5360,4545,40.5,41.6
4148,22,20,2,45.0,15860.0,12180.0,2608,5305194.0,7751137,17859845,3163895,2163,1159,67.3,77.6
4149,22,20,3,77.0,88181.0,70824.0,22386,4892074.0,7751137,17859845,3163895,3793,3816,42.4,61.9
4150,22,20,4,95.9,76342.0,52647.0,16064,6978653.0,7751137,17859845,3163895,8121,5121,32.7,35.1
4151,22,20,5,74.9,18859.0,11411.0,2929,7009493.0,7751137,17859845,3163895,2177,824,42.5,76.8
4152,22,20,6,50.2,82895.0,72584.0,18440,6001826.0,7751137,17859845,3163895,14755,12117,55.2,66.3
4153,22,21,1,95.8,211751.0,175769.0,32686,16071129.0,20397867,45508745,10560121,31183,23233,62.0,61.2
4154,22,21,2,48.1,56089.0,35414.0,6759,17621397.0,20397867,45508745,10560121,8344,4246,31.3,58.3
4155,22,21,3,82.5,85640.0,74482.0,16356,19639847.0,20397867,45508745,10560121,3921,11738,35.5,29.4
4156,22,21,4,80.6,123214.0,53671.0,17242,19630849.0,20397867,45508745,10560121,11354,1614,32.5,17.9
4157,22,21,5,94.9,161831.0,114357.0,35005,15942543.0,20397867,45508745,10560121,14685,16428,23.4,37.0
4158,22,21,6,73.0,46176.0,34060.0,6257,14594837.0,20397867,45508745,10560121,4908,5281,40.8,48.3
4159,22,22,1,95.5,1874.0,907.0,253,165083.0,204373,398996,75465,61,137,64.8,64.8
4160,22,22,2,93.3,2015.0,1352.0,221,183273.0,204373,398996,75465,114,140,56.7,71.2
4161,22,22,3,85.1,1343.0,1097.0,343,138457.0,204373,398996,75465,194,76,84.8,60.9
4162,22,22,4,60.6,1298.0,643.0,78,127366.0,204373,398996,75465,144,71,58.1,79.3
4163,22,22,5,60.1,919.0,548.0,122,,204373,398996,75465,45,82,63.2,70.7
4164,22,22,6,70.2,1156.0,680.0,237,164664.0,204373,398996,75465,35,94,44.6,70.5
4165,22,23,1,64.5,86073.0,54477.0,15251,15127547.0,22032137,48626292,6569202,9809,4667,48.6,77.3
4166,22,23,2,70.4,58328.0,32643.0,11295,14679747.0,22032137,48626292,6569202,3013,4712,7.1,58.2
4167,22,23,3,116.3,169958.0,119414.0,22048,14899637.0,22032137,48626292,6569202,26434,12305,66.3,42.6
4168,22,23,4,80.5,191590.0,98789.0,23797,14912938.0,22032137,48626292,6569202,21639,6904,68.1,53.7
4169,22,23,5,39.1,98230.0,82868.0,13142,13338420.0,22032137,48626292,6569202,14868,5770,25.0,55.0
4170,22,23,6,77.2,172079.0,102682.0,31483,14513975.0,22032137,48626292,6569202,17881,15652,51.6,64.4
4171,22,24,1,96.1,86124.0,53090.0,18131,7342832.0,9591172,21975305,4829267,7867,2061,40.5,48.8
4172,22,24,2,96.2,100610.0,85333.0,14740,7760426.0,9591172,21975305,4829267,4468,4123,33.8,35.3
4173,22,24,3,67.1,80474.0,68100.0,10965,7136378.0,9591172,21975305,4829267,12552,6481,,62.6
4174,22,24,4,81.9,71030.0,51720.0,9244,8815641.0,9591172,21975305,4829267,8047,4774,44.6,63.8
4175,22,24,5,41.7,58380.0,48184.0,9051,5832783.0,9591172,21975305,4829267,4786,6697,46.6,73.6
4176,22,24,6,40.0,50101.0,26072.0,7835,7525851.0,9591172,21975305,4829267,2179,1330,49.9,93.0
4177,22,25,1,70.7,10042.0,4969.0,782,650262.0,1032059,2435086,546435,652,494,66.5,49.9
4178,22,25,2,75.6,9423.0,5598.0,961,783431.0,1032059,2435086,546435,455,704,44.4,35.1
4179,22,25,3,79.0,3484.0,2464.0,522,771603.0,1032059,2435086,546435,592,134,67.0,73.8
4180,22,25,4,35.1,3106.0,2074.0,500,653937.0,1032059,2435086,546435,415,371,37.3,53.0
4181,22,25,5,77.4,4748.0,3286.0,1066,668616.0,1032059,2435086,546435,280,383,65.2,56.7
4182,22,25,6,38.9,5148.0,2333.0,543,980051.0,1032059,2435086,546435,433,306,33.0,56.0
4183,22,26,1,45.7,177524.0,127105.0,30961,46160880.0,64414360,131435244,20279142,12712,13150,20.7,41.6
4184,22,26,2,42.1,452127.0,359840.0,117809,56338799.0,64414360,131435244,20279142,89613,16578,57.3,51.3
4185,22,26,3,57.1,663972.0,340987.0,61978,48585599.0,64414360,131435244,20279142,65140,17184,44.9,44.0
4186,22,26,4,70.3,459114.0,362989.0,106217,41362626.0,64414360,131435244,20279142,49698,31644,61.0,63.9
4187,22,26,5,68.5,418326.0,372781.0,80288,41100353.0,64414360,131435244,20279142,62367,31113,63.3,58.7
4188,22,26,6,83.5,159767.0,95212.0,32651,62233375.0,64414360,131435244,20279142,20817,4351,55.1,59.0
4189,22,27,1,89.7,,31778.0,6911,5555463.0,5681239,11779612,2503386,2810,1527,37.1,47.8
4190,22,27,2,43.2,25522.0,10727.0,2828,4535287.0,5681239,11779612,2503386,1550,1315,58.3,48.2
4191,22,27,3,83.5,36260.0,18180.0,5045,4057015.0,5681239,11779612,2503386,1425,2053,54.3,53.0
4192,22,27,4,42.5,,26565.0,8771,4839647.0,5681239,11779612,2503386,4307,1579,64.7,29.2
4193,22,27,5,63.2,37088.0,26904.0,7949,4998613.0,5681239,11779612,2503386,4332,2681,72.2,74.0
4194,22,27,6,72.5,36666.0,15462.0,2126,4105409.0,5681239,11779612,2503386,2802,2435,65.8,50.4
4195,22,28,1,47.6,192542.0,120521.0,16204,17573044.0,28149504,59249255,8612076,6810,19246,56.6,57.5
4196,22,28,2,38.1,195693.0,136675.0,41515,22842652.0,28149504,59249255,8612076,21297,15923,56.7,65.9
4197,22,28,3,57.7,259249.0,136032.0,18941,23734087.0,28149504,59249255,8612076,12476,8405,96.5,10.1
4198,22,28,4,88.2,207650.0,159801.0,35734,19071952.0,28149504,59249255,8612076,8119,19322,61.1,0.0
4199,22,28,5,75.9,117191.0,56481.0,14626,25001259.0,28149504,59249255,8612076,5480,9586,43.2,96.3
4200,22,28,6,91.3,62373.0,29033.0,6289,25351448.0,28149504,59249255,8612076,3051,3722,50.0,57.8
4201,22,29,1,55.1,27966.0,13121.0,4501,8281047.0,8701400,19354768,2793050,2258,1858,82.0,29.0
4202,22,29,2,74.5,26875.0,18877.0,2274,6474980.0,8701400,19354768,2793050,3478,1168,41.9,4.2
4203,22,29,3,53.0,74219.0,34399.0,11505,7494474.0,8701400,19354768,2793050,8540,1060,31.2,64.1
4204,22,29,4,55.4,32524.0,17052.0,2270,8183470.0,8701400,19354768,2793050,1971,2847,41.7,40.5
4205,22,29,5,75.6,71202.0,49657.0,12681,6536530.0,8701400,19354768,2793050,12403,1635,59.4,63.8
4206,22,29,6,73.6,83458.0,57697.0,6269,5536817.0,8701400,19354768,2793050,12867,3006,38.7,53.9
4207,22,30,1,93.3,15467.0,8158.0,2220,3472141.0,3922070,8355158,1421038,794,398,53.6,71.6
4208,22,30,2,38.0,29493.0,19664.0,3166,2554267.0,3922070,8355158,1421038,1591,1234,35.9,44.0
4209,22,30,3,42.7,10286.0,4501.0,786,2494659.0,3922070,8355158,1421038,895,694,54.5,55.8
4210,22,30,4,46.7,13328.0,8946.0,2454,3470810.0,3922070,8355158,1421038,1813,698,62.3,68.8
4211,22,30,5,51.0,14205.0,10122.0,1283,3655202.0,3922070,8355158,1421038,951,1632,9.9,32.5
4212,22,30,6,76.4,,12745.0,2509,3273191.0,3922070,8355158,1421038,2667,2039,52.0,43.5
4213,22,31,1,41.5,807.0,387.0,73,50983.0,73114,178924,36347,58,31,66.0,75.4
4214,22,31,2,49.6,470.0,219.0,22,61230.0,73114,178924,36347,54,38,39.8,54.3
4215,22,31,3,63.4,889.0,769.0,264,55865.0,73114,178924,36347,168,113,56.9,90.2
4216,22,31,4,43.3,683.0,532.0,146,55878.0,73114,178924,36347,58,36,25.8,76.3
4217,22,31,5,83.5,522.0,247.0,79,47880.0,73114,178924,36347,49,26,54.1,46.1
4218,22,31,6,92.6,618.0,321.0,64,55458.0,73114,178924,36347,28,23,95.0,48.6
4219,22,32,1,85.6,4460.0,2896.0,322,289927.0,401175,940237,172683,342,369,52.4,68.7
4220,22,32,2,74.7,2396.0,1710.0,578,278707.0,401175,940237,172683,356,292,76.8,62.0
4221,22,32,3,44.8,4413.0,1826.0,264,250958.0,401175,940237,172683,184,304,41.5,69.8
4222,22,32,4,62.5,1412.0,724.0,154,349693.0,401175,940237,172683,82,68,38.7,57.2
4223,22,32,5,97.9,4189.0,3622.0,1014,287062.0,401175,940237,172683,636,357,42.3,92.9
4224,22,32,6,75.4,2455.0,1902.0,232,366648.0,401175,940237,172683,129,318,67.5,76.7
4225,23,1,1,41.2,35751.0,25269.0,6123,11458127.0,13015222,30329324,6608321,5543,4485,59.8,54.0
4226,23,1,2,81.4,47837.0,38694.0,9793,10720040.0,13015222,30329324,6608321,2468,1881,37.5,69.6
4227,23,1,3,69.2,134194.0,79665.0,19646,9311740.0,13015222,30329324,6608321,13832,5216,44.6,52.5
4228,23,1,4,62.7,80333.0,69016.0,10733,10792590.0,13015222,30329324,6608321,16767,11997,50.6,87.0
4229,23,1,5,35.6,134987.0,57050.0,18477,8681241.0,13015222,30329324,6608321,8292,4898,28.8,73.9
4230,23,1,6,63.0,36004.0,28563.0,5232,11588872.0,13015222,30329324,6608321,1800,4665,41.7,38.4
4231,23,2,1,36.2,808.0,667.0,172,390741.0,417845,972765,172051,62,98,93.7,38.7
4232,23,2,2,53.2,4507.0,3375.0,813,254182.0,417845,972765,172051,772,167,51.9,38.6
4233,23,2,3,41.6,3329.0,2848.0,688,263728.0,417845,972765,172051,706,192,67.2,38.0
4234,23,2,4,61.3,4601.0,3889.0,1354,252179.0,417845,972765,172051,427,671,82.9,32.5
4235,23,2,5,88.2,2216.0,1674.0,177,330474.0,417845,972765,172051,398,209,40.6,73.9
4236,23,2,6,44.8,3830.0,2884.0,956,395277.0,417845,972765,172051,165,378,51.6,14.8
4237,23,3,1,80.2,25112.0,11153.0,2406,8749435.0,9776394,19772263,3325505,2144,1411,38.5,44.3
4238,23,3,2,71.1,89430.0,70036.0,17303,5891270.0,9776394,19772263,3325505,15086,3025,51.9,55.2
4239,23,3,3,92.3,44584.0,36296.0,9149,9469546.0,9776394,19772263,3325505,3514,5996,63.8,40.3
4240,23,3,4,81.3,83820.0,50096.0,11233,5999367.0,9776394,19772263,3325505,5355,1645,54.5,71.9
4241,23,3,5,78.1,63426.0,,8283,7730748.0,9776394,19772263,3325505,1483,3302,68.4,68.6
4242,23,3,6,54.0,100164.0,56248.0,7298,8751363.0,9776394,19772263,3325505,10474,8858,44.9,80.6
4243,23,4,1,95.9,86247.0,68026.0,9099,29093920.0,32958385,77885623,15827692,16286,9468,38.9,37.5
4244,23,4,2,43.4,335132.0,175160.0,24692,20181867.0,32958385,77885623,15827692,39872,8800,7.6,60.7
4245,23,4,3,57.9,81501.0,61202.0,13058,25982998.0,32958385,77885623,15827692,3753,2888,,48.3
4246,23,4,4,54.1,306077.0,238776.0,59666,30702906.0,32958385,77885623,15827692,33471,29065,54.6,52.4
4247,23,4,5,61.6,200117.0,106300.0,27885,20038501.0,32958385,77885623,15827692,22880,5314,50.5,85.4
4248,23,4,6,82.3,249614.0,107986.0,13488,20869193.0,32958385,77885623,15827692,10118,6985,73.2,70.1
4249,23,5,1,36.2,71952.0,64014.0,8250,6459091.0,7294077,17683637,3896530,7171,5925,41.4,45.7
4250,23,5,2,63.4,16351.0,7431.0,2276,6427538.0,7294077,17683637,3896530,634,576,56.0,69.8
4251,23,5,3,44.1,19848.0,12498.0,3402,5783215.0,7294077,17683637,3896530,1301,466,26.2,55.4
4252,23,5,4,49.4,49028.0,19876.0,6275,6885531.0,7294077,17683637,3896530,2126,1166,69.8,35.0
4253,23,5,5,77.6,59435.0,43039.0,14658,6886291.0,7294077,17683637,3896530,9505,6428,37.9,37.6
4254,23,5,6,96.9,75422.0,36748.0,8852,4565902.0,7294077,17683637,3896530,7060,4564,60.0,44.9
4255,23,6,1,68.8,1559.0,1072.0,223,409106.0,433412,930672,184493,134,112,,54.5
4256,23,6,2,45.1,3255.0,1590.0,210,358291.0,433412,930672,184493,318,265,63.8,64.8
4257,23,6,3,42.2,2668.0,1979.0,644,421112.0,433412,930672,184493,304,197,58.1,65.5
4258,23,6,4,49.5,1331.0,745.0,136,302770.0,433412,930672,184493,172,121,,40.6
4259,23,6,5,57.7,2677.0,1739.0,257,357953.0,433412,930672,184493,361,221,32.0,26.0
4260,23,6,6,85.4,3358.0,2882.0,439,260264.0,433412,930672,184493,566,403,24.5,40.5
4261,23,7,1,81.1,116023.0,62728.0,15639,15261904.0,19513367,42050734,8810216,10389,3975,13.3,29.3
4262,23,7,2,63.9,186803.0,118341.0,13581,16639943.0,19513367,42050734,8810216,24700,15902,50.6,19.9
4263,23,7,3,86.4,90419.0,51578.0,17190,15322571.0,19513367,42050734,8810216,9426,2894,34.3,76.1
4264,23,7,4,43.7,116423.0,80515.0,10949,15222195.0,19513367,42050734,8810216,15110,8090,61.6,47.8
4265,23,7,5,54.0,61642.0,51110.0,6917,18733521.0,19513367,42050734,8810216,2678,7579,31.5,40.8
4266,23,7,6,62.0,76717.0,34760.0,4463,17616220.0,19513367,42050734,8810216,5662,5016,73.6,46.1
4267,23,8,1,68.3,30262.0,20160.0,3942,6038858.0,7780174,17897382,3061157,2044,2760,50.2,67.3
4268,23,8,2,93.8,83303.0,53556.0,13324,6901422.0,7780174,17897382,3061157,8131,3063,53.8,74.7
4269,23,8,3,54.2,78330.0,37701.0,5854,7165007.0,7780174,17897382,3061157,5295,3589,53.0,83.8
4270,23,8,4,47.8,23883.0,,3428,6897991.0,7780174,17897382,3061157,2869,3194,69.0,72.7
4271,23,8,5,55.5,43822.0,30652.0,5159,5891072.0,7780174,17897382,3061157,2120,3621,69.4,66.1
4272,23,8,6,89.5,35256.0,18304.0,4065,6855137.0,7780174,17897382,3061157,1535,2750,46.3,50.0
4273,23,9,1,72.6,9809.0,4187.0,740,1640990.0,1925923,4057648,724487,577,722,68.4,48.8
4274,23,9,2,46.2,17107.0,11516.0,2306,1788479.0,1925923,4057648,724487,891,1688,40.7,48.1
4275,23,9,3,79.4,10120.0,7201.0,1944,1759320.0,1925923,4057648,724487,532,1279,26.7,63.1
4276,23,9,4,94.9,15197.0,11419.0,1408,1763008.0,1925923,4057648,724487,770,1986,24.7,28.2
4277,23,9,5,35.4,5827.0,4613.0,880,1806393.0,1925923,4057648,724487,843,719,37.1,52.4
4278,23,9,6,53.8,8921.0,6575.0,1745,1187005.0,1925923,4057648,724487,1023,994,58.5,15.7
4279,23,10,1,65.7,23810.0,11451.0,1675,9367591.0,11027425,22272619,5057775,663,458,58.8,63.5
4280,23,10,2,60.1,115514.0,93113.0,21576,,11027425,22272619,5057775,21108,7877,3.1,54.9
4281,23,10,3,63.0,61462.0,33260.0,10604,7993932.0,11027425,22272619,5057775,7361,4323,42.9,74.0
4282,23,10,4,96.7,71158.0,40835.0,13269,10329340.0,11027425,22272619,5057775,8315,4519,51.3,23.0
4283,23,10,5,40.7,98531.0,53745.0,7738,9868588.0,11027425,22272619,5057775,11790,7578,46.0,57.1
4284,23,10,6,82.3,95700.0,58519.0,17323,7768167.0,11027425,22272619,5057775,13191,4781,68.5,19.6
4285,23,11,1,95.2,139423.0,87192.0,27843,11813090.0,16508453,40728127,6335436,6455,6645,58.4,45.1
4286,23,11,2,67.5,44410.0,24413.0,3548,10032061.0,16508453,40728127,6335436,1846,750,29.6,35.0
4287,23,11,3,85.9,101897.0,42113.0,7363,15740525.0,16508453,40728127,6335436,7459,6947,18.2,50.8
4288,23,11,4,92.1,76143.0,48572.0,14749,14057014.0,16508453,40728127,6335436,8229,1510,47.9,40.1
4289,23,11,5,52.7,194493.0,79850.0,9757,10856356.0,16508453,40728127,6335436,11869,14165,60.6,22.5
4290,23,11,6,61.8,139549.0,,14029,14742124.0,16508453,40728127,6335436,7209,7516,49.9,72.2
4291,23,12,1,81.0,70948.0,48489.0,12404,8257857.0,9518057,21723185,3869048,9172,6711,51.7,54.4
4292,23,12,2,58.4,33380.0,23406.0,3024,7994442.0,9518057,21723185,3869048,1601,2622,31.3,48.9
4293,23,12,3,96.1,94473.0,49441.0,12483,7349790.0,9518057,21723185,3869048,4187,7279,,38.3
4294,23,12,4,67.3,,55173.0,11278,9039260.0,9518057,21723185,3869048,8243,5380,44.5,78.6
4295,23,12,5,62.3,83301.0,39394.0,8927,9120524.0,9518057,21723185,3869048,5922,4935,54.9,72.1
4296,23,12,6,54.1,63680.0,32951.0,11444,,9518057,21723185,3869048,3331,4513,38.3,56.5
4297,23,13,1,90.4,47877.0,22485.0,6477,15845658.0,23249182,52870420,8467338,2916,796,39.6,62.8
4298,23,13,2,63.1,79158.0,49407.0,6711,20347281.0,23249182,52870420,8467338,8101,8688,21.0,86.3
4299,23,13,3,80.0,95532.0,76501.0,19505,17542000.0,23249182,52870420,8467338,12004,3534,55.2,46.9
4300,23,13,4,38.3,172245.0,70849.0,13450,22208081.0,23249182,52870420,8467338,4231,7155,50.2,76.0
4301,23,13,5,95.9,148195.0,104524.0,11184,19130756.0,23249182,52870420,8467338,12334,6063,32.6,60.8
4302,23,13,6,51.6,111863.0,48775.0,12680,20822584.0,23249182,52870420,8467338,3853,7695,71.4,55.7
4303,23,14,1,76.5,318049.0,229104.0,50152,31112495.0,32853344,68580262,16823981,21533,25352,18.3,42.1
4304,23,14,2,93.5,195706.0,140453.0,22873,23719925.0,32853344,68580262,16823981,9765,20108,35.6,0.0
4305,23,14,3,82.9,86279.0,54073.0,5595,30274587.0,32853344,68580262,16823981,8103,2472,40.7,24.8
4306,23,14,4,38.8,236815.0,154263.0,46895,27216600.0,32853344,68580262,16823981,19527,16220,25.4,75.3
4307,23,14,5,67.5,201315.0,103726.0,14511,25338504.0,32853344,68580262,16823981,6391,4246,47.7,17.5
4308,23,14,6,54.3,,110126.0,32003,23985749.0,32853344,68580262,16823981,27001,14109,50.6,70.7
4309,23,15,1,39.9,5541.0,3445.0,687,596374.0,898345,1813536,421581,769,324,41.3,53.0
4310,23,15,2,72.2,6426.0,5398.0,1820,755160.0,898345,1813536,421581,537,294,66.0,37.6
4311,23,15,3,40.0,1671.0,,340,681286.0,898345,1813536,421581,253,116,51.3,28.6
4312,23,15,4,44.6,,2725.0,921,654392.0,898345,1813536,421581,672,402,33.1,26.7
4313,23,15,5,72.3,5256.0,2651.0,526,875490.0,898345,1813536,421581,520,388,63.2,71.4
4314,23,15,6,84.5,3753.0,2956.0,466,806377.0,898345,1813536,421581,696,100,80.4,46.9
4315,23,16,1,41.7,,3951.0,981,519924.0,842714,1915002,291666,834,465,73.2,41.3
4316,23,16,2,52.9,4810.0,2488.0,758,636938.0,842714,1915002,291666,225,258,44.3,58.8
4317,23,16,3,52.7,5560.0,2393.0,373,663666.0,842714,1915002,291666,417,216,37.5,13.0
4318,23,16,4,92.6,8360.0,3535.0,615,555345.0,842714,1915002,291666,636,480,61.5,46.9
4319,23,16,5,51.5,2729.0,1719.0,296,791729.0,842714,1915002,291666,355,220,51.4,5.6
4320,23,16,6,87.2,6325.0,5407.0,1569,671312.0,842714,1915002,291666,308,386,,36.0
4321,23,17,1,93.7,1728.0,1348.0,277,241811.0,298111,695008,109040,285,174,31.3,28.0
4322,23,17,2,66.7,2594.0,2020.0,585,232667.0,298111,695008,109040,336,338,40.6,29.6
4323,23,17,3,95.9,613.0,382.0,42,203558.0,298111,695008,109040,65,61,47.5,40.1
4324,23,17,4,71.2,915.0,366.0,108,257160.0,298111,695008,109040,34,11,91.5,43.9
4325,23,17,5,69.9,1516.0,1120.0,368,210426.0,298111,695008,109040,107,44,46.8,75.0
4326,23,17,6,55.2,2700.0,2243.0,498,272282.0,298111,695008,109040,339,379,64.5,39.0
4327,23,18,1,93.7,1401.0,1035.0,301,355699.0,562430,1237110,192077,81,116,49.5,55.6
4328,23,18,2,68.6,1595.0,1394.0,174,510677.0,562430,1237110,192077,300,222,58.3,62.2
4329,23,18,3,85.1,4497.0,2682.0,908,374706.0,562430,1237110,192077,614,295,46.6,22.8
4330,23,18,4,55.8,3297.0,2744.0,657,455030.0,562430,1237110,192077,435,93,55.5,91.0
4331,23,18,5,84.2,4915.0,3302.0,688,423876.0,562430,1237110,192077,229,335,65.9,22.2
4332,23,18,6,70.4,2625.0,1301.0,384,440261.0,562430,1237110,192077,69,184,67.7,70.8
4333,23,19,1,38.9,97203.0,72749.0,12834,12075377.0,13224835,25637404,3737162,18038,3745,63.1,54.9
4334,23,19,2,83.6,96582.0,78359.0,16438,10414893.0,13224835,25637404,3737162,5203,3931,30.1,48.1
4335,23,19,3,39.4,115597.0,82671.0,12440,11985606.0,13224835,25637404,3737162,12782,14106,33.5,38.1
4336,23,19,4,88.5,71665.0,53664.0,7338,11542068.0,13224835,25637404,3737162,6370,6832,79.9,64.3
4337,23,19,5,55.4,40414.0,30003.0,5817,9213289.0,13224835,25637404,3737162,2481,2820,70.4,59.4
4338,23,19,6,63.7,119809.0,96289.0,26488,10400897.0,13224835,25637404,3737162,21062,14927,49.5,64.4
4339,23,20,1,38.3,64035.0,48782.0,8846,6628395.0,8989851,18318640,3514259,4815,5120,,71.4
4340,23,20,2,66.1,67129.0,43584.0,14054,7782418.0,8989851,18318640,3514259,9908,2788,97.8,46.1
4341,23,20,3,99.0,59528.0,37779.0,10749,6812276.0,8989851,18318640,3514259,2964,3842,42.4,32.5
4342,23,20,4,40.4,25113.0,17559.0,5923,5912915.0,8989851,18318640,3514259,3954,1929,36.3,68.2
4343,23,20,5,61.4,20559.0,17858.0,4260,8001190.0,8989851,18318640,3514259,3092,757,52.2,81.2
4344,23,20,6,36.3,39859.0,24625.0,2474,7300204.0,8989851,18318640,3514259,4673,4349,67.1,39.1
4345,23,21,1,36.9,117091.0,59835.0,6612,19637102.0,21576824,50939808,10476571,3894,3728,51.9,21.9
4346,23,21,2,37.2,199092.0,167810.0,48421,19669286.0,21576824,50939808,10476571,24707,8098,25.4,50.6
4347,23,21,3,55.2,192387.0,168631.0,33424,19140112.0,21576824,50939808,10476571,38053,16008,35.4,51.6
4348,23,21,4,58.5,,120056.0,37515,16251118.0,21576824,50939808,10476571,16105,20251,39.9,66.0
4349,23,21,5,41.6,156446.0,73743.0,16494,16800587.0,21576824,50939808,10476571,5365,2334,55.8,63.6
4350,23,21,6,39.5,,87383.0,12032,15989933.0,21576824,50939808,10476571,11583,2819,56.9,63.0
4351,23,22,1,93.2,630.0,499.0,71,190323.0,206130,440129,60872,87,27,35.5,37.9
4352,23,22,2,47.3,1518.0,669.0,220,139398.0,206130,440129,60872,152,111,29.2,42.4
4353,23,22,3,62.9,749.0,394.0,92,149965.0,206130,440129,60872,96,70,62.1,19.8
4354,23,22,4,69.4,628.0,445.0,117,132106.0,206130,440129,60872,73,29,67.9,100.0
4355,23,22,5,94.3,1334.0,1140.0,139,161937.0,206130,440129,60872,129,137,37.9,58.5
4356,23,22,6,38.8,534.0,348.0,102,181803.0,206130,440129,60872,36,55,45.8,57.6
4357,23,23,1,43.5,153331.0,137441.0,28318,15187543.0,19233292,44212565,8645856,19849,22256,40.5,51.9
4358,23,23,2,92.3,144636.0,117483.0,31652,17385155.0,19233292,44212565,8645856,14183,17329,6.2,69.5
4359,23,23,3,47.4,181866.0,144411.0,32259,14060072.0,19233292,44212565,8645856,26450,17556,42.7,89.0
4360,23,23,4,76.2,176043.0,152131.0,18726,12151325.0,19233292,44212565,8645856,32402,14450,23.1,83.3
4361,23,23,5,53.9,88992.0,68520.0,14830,16989779.0,19233292,44212565,8645856,16585,3651,40.4,87.7
4362,23,23,6,93.3,88984.0,73383.0,23907,14545736.0,19233292,44212565,8645856,3731,5983,42.7,45.9
4363,23,24,1,74.5,104544.0,74256.0,13565,8066686.0,9979427,23101008,3604272,12143,13301,28.1,52.0
4364,23,24,2,89.3,50715.0,33014.0,8740,6457748.0,9979427,23101008,3604272,4700,3252,57.7,57.7
4365,23,24,3,49.4,91112.0,79939.0,23048,6304463.0,9979427,23101008,3604272,11113,11368,,75.2
4366,23,24,4,72.7,96950.0,75797.0,18696,9508492.0,9979427,23101008,3604272,18853,10648,50.9,81.0
4367,23,24,5,61.6,71647.0,33854.0,8827,8070579.0,9979427,23101008,3604272,3331,5048,23.6,92.6
4368,23,24,6,43.8,108793.0,97804.0,28813,8713878.0,9979427,23101008,3604272,19545,8379,43.6,64.5
4369,23,25,1,81.4,9188.0,4575.0,1286,1012226.0,1194521,2258789,472643,610,337,45.8,48.0
4370,23,25,2,44.1,9903.0,6945.0,972,1066942.0,1194521,2258789,472643,394,993,,27.4
4371,23,25,3,62.0,5975.0,4247.0,987,743035.0,1194521,2258789,472643,983,228,86.1,23.8
4372,23,25,4,36.0,10023.0,7397.0,1159,918640.0,1194521,2258789,472643,1352,504,40.7,55.4
4373,23,25,5,46.1,5484.0,4570.0,533,782533.0,1194521,2258789,472643,604,537,,82.0
4374,23,25,6,67.1,2101.0,1532.0,477,974203.0,1194521,2258789,472643,356,175,65.1,62.1
4375,23,26,1,57.4,462785.0,351964.0,83878,53784073.0,63651378,140364174,30496125,42679,60045,22.7,49.9
4376,23,26,2,37.1,269234.0,182076.0,34246,44363975.0,63651378,140364174,30496125,36387,22512,46.8,53.7
4377,23,26,3,75.5,511794.0,229680.0,58497,58036095.0,63651378,140364174,30496125,46436,39019,34.8,51.4
4378,23,26,4,51.0,311248.0,271522.0,84664,52205315.0,63651378,140364174,30496125,48143,37685,25.0,56.9
4379,23,26,5,85.6,578679.0,400509.0,64653,55095726.0,63651378,140364174,30496125,32125,46147,94.7,66.6
4380,23,26,6,51.3,424136.0,367567.0,50819,47963664.0,63651378,140364174,30496125,71838,30086,49.6,48.8
4381,23,27,1,68.8,57271.0,31664.0,4288,3184237.0,5154714,12280086,2774723,4550,3865,65.1,77.9
4382,23,27,2,50.3,13182.0,8028.0,1641,3395261.0,5154714,12280086,2774723,984,1159,65.1,23.8
4383,23,27,3,48.9,56967.0,47362.0,7393,3282100.0,5154714,12280086,2774723,2574,8354,47.4,71.8
4384,23,27,4,51.8,38436.0,17180.0,2338,4579314.0,5154714,12280086,2774723,988,631,34.7,41.6
4385,23,27,5,46.9,57742.0,47433.0,7407,4056510.0,5154714,12280086,2774723,3718,1747,38.0,69.7
4386,23,27,6,61.2,35055.0,26994.0,7994,4030279.0,5154714,12280086,2774723,6113,3543,42.7,85.9
4387,23,28,1,90.5,191595.0,98406.0,31009,18227986.0,29423152,62475693,12068904,21769,6876,51.0,93.0
4388,23,28,2,76.0,96930.0,60489.0,18365,19133942.0,29423152,62475693,12068904,5028,7474,41.9,21.4
4389,23,28,3,95.8,95493.0,50310.0,16346,23602384.0,29423152,62475693,12068904,5799,2871,45.5,41.7
4390,23,28,4,61.9,200033.0,118200.0,38757,18521346.0,29423152,62475693,12068904,27185,10361,30.8,69.7
4391,23,28,5,55.2,,130796.0,17021,23735635.0,29423152,62475693,12068904,9366,15535,40.1,18.2
4392,23,28,6,77.7,109323.0,66029.0,17004,28357785.0,29423152,62475693,12068904,13074,4514,71.4,36.0
4393,23,29,1,49.0,25068.0,12101.0,2342,6372120.0,9381626,20629983,3789658,2767,1406,48.1,75.5
4394,23,29,2,61.3,45121.0,22387.0,3571,9186449.0,9381626,20629983,3789658,4170,2189,32.3,70.2
4395,23,29,3,90.2,29789.0,14227.0,1769,8173971.0,9381626,20629983,3789658,2494,993,30.5,25.7
4396,23,29,4,54.2,28995.0,16627.0,2820,6804799.0,9381626,20629983,3789658,3831,2061,36.3,70.2
4397,23,29,5,97.2,27750.0,21408.0,5721,8852656.0,9381626,20629983,3789658,2733,3486,7.4,53.0
4398,23,29,6,83.5,73344.0,33865.0,5610,6420565.0,9381626,20629983,3789658,8440,5043,30.2,61.4
4399,23,30,1,78.1,36700.0,31413.0,7451,2948004.0,3692011,7959832,1654876,1726,5554,34.5,55.5
4400,23,30,2,53.0,32168.0,24266.0,7687,2366449.0,3692011,7959832,1654876,1413,1832,90.5,82.6
4401,23,30,3,35.2,16502.0,10666.0,1775,3143780.0,3692011,7959832,1654876,677,620,11.7,67.1
4402,23,30,4,84.7,27368.0,21780.0,6898,2460036.0,3692011,7959832,1654876,5134,733,52.4,74.0
4403,23,30,5,63.6,30701.0,,4118,2507024.0,3692011,7959832,1654876,3498,2068,44.9,87.3
4404,23,30,6,65.6,14845.0,13300.0,2415,2355594.0,3692011,7959832,1654876,3197,831,49.8,32.7
4405,23,31,1,83.3,,257.0,57,51354.0,80274,167647,27902,28,40,34.3,59.6
4406,23,31,2,75.6,504.0,347.0,108,57710.0,80274,167647,27902,67,41,69.5,72.3
4407,23,31,3,88.6,657.0,293.0,63,67437.0,80274,167647,27902,65,47,47.9,39.5
4408,23,31,4,89.0,725.0,383.0,84,61643.0,80274,167647,27902,82,53,62.6,33.7
4409,23,31,5,80.2,874.0,710.0,232,51598.0,80274,167647,27902,114,106,49.0,57.8
4410,23,31,6,42.8,554.0,421.0,136,50926.0,80274,167647,27902,38,70,39.7,45.8
4411,23,32,1,65.0,1191.0,601.0,190,410588.0,433349,913218,160928,143,24,7.7,78.8
4412,23,32,2,39.1,2207.0,1474.0,466,367180.0,433349,913218,160928,301,121,42.0,77.4
4413,23,32,3,40.4,2068.0,1727.0,399,413061.0,433349,913218,160928,415,90,33.4,38.2
4414,23,32,4,58.0,3341.0,2287.0,238,417528.0,433349,913218,160928,277,404,63.5,60.2
4415,23,32,5,45.3,4331.0,3316.0,923,347945.0,433349,913218,160928,560,365,69.2,56.8
4416,23,32,6,91.4,2943.0,1343.0,309,365825.0,433349,913218,160928,72,232,65.1,55.7
4417,24,1,1,79.4,40119.0,16480.0,3839,14212059.0,14731828,31420970,7375893,3829,972,58.1,33.0
4418,24,1,2,46.2,108725.0,88940.0,22263,11982498.0,14731828,31420970,7375893,4701,3589,62.1,55.2
4419,24,1,3,50.5,,22085.0,6439,10316872.0,14731828,31420970,7375893,2680,825,64.5,48.0
4420,24,1,4,46.4,40281.0,34579.0,11461,11626545.0,14731828,31420970,7375893,5012,3485,61.6,53.6
4421,24,1,5,90.2,50325.0,44011.0,5454,11923259.0,14731828,31420970,7375893,5996,1606,38.8,54.9
4422,24,1,6,43.7,105614.0,81806.0,8698,,14731828,31420970,7375893,7814,3089,34.0,100.0
4423,24,2,1,61.1,2931.0,,209,414301.0,434963,902233,212029,309,267,77.6,48.2
4424,24,2,2,72.3,3891.0,3230.0,1054,358445.0,434963,902233,212029,678,440,38.0,58.7
4425,24,2,3,77.3,1609.0,1368.0,291,360436.0,434963,902233,212029,337,106,29.8,46.2
4426,24,2,4,37.6,3798.0,2566.0,440,396767.0,434963,902233,212029,345,197,61.5,48.7
4427,24,2,5,36.3,3941.0,3533.0,500,334709.0,434963,902233,212029,672,400,23.7,35.9
4428,24,2,6,90.9,4001.0,2673.0,315,292680.0,434963,902233,212029,650,339,35.3,30.6
4429,24,3,1,84.3,81655.0,38334.0,11699,7852263.0,9695677,20934308,4616173,8156,2372,40.2,56.8
4430,24,3,2,65.2,18052.0,15636.0,4158,7149442.0,9695677,20934308,4616173,1031,1444,62.4,40.8
4431,24,3,3,67.2,101908.0,88258.0,8946,5948017.0,9695677,20934308,4616173,11789,6492,57.1,55.3
4432,24,3,4,69.6,101450.0,45599.0,4926,8075212.0,9695677,20934308,4616173,5765,5707,43.4,55.5
4433,24,3,5,54.2,81658.0,69772.0,24032,9497730.0,9695677,20934308,4616173,11850,8555,58.0,64.9
4434,24,3,6,37.7,66850.0,48247.0,8333,8020019.0,9695677,20934308,4616173,11337,6076,36.7,59.8
4435,24,4,1,84.4,113482.0,75441.0,12913,,30170562,78600286,12679723,18354,6530,21.7,56.8
4436,24,4,2,75.7,269700.0,,31764,22203288.0,30170562,78600286,12679723,17262,11049,49.8,27.7
4437,24,4,3,49.0,,158176.0,50907,26207935.0,30170562,78600286,12679723,8866,22279,83.9,61.0
4438,24,4,4,75.5,127681.0,104845.0,11977,24023660.0,30170562,78600286,12679723,9803,14560,17.6,39.0
4439,24,4,5,36.4,127120.0,113257.0,26456,20753499.0,30170562,78600286,12679723,25524,7121,83.1,39.6
4440,24,4,6,94.2,263065.0,139733.0,40664,23647181.0,30170562,78600286,12679723,11704,8429,23.9,0.0
4441,24,5,1,61.9,52072.0,42246.0,8965,5154268.0,8192593,16917884,3050759,6420,2960,51.9,52.1
4442,24,5,2,86.6,73988.0,56865.0,6899,5136153.0,8192593,16917884,3050759,4198,6236,56.4,18.0
4443,24,5,3,38.5,15706.0,12051.0,3032,8025860.0,8192593,16917884,3050759,958,752,65.6,33.1
4444,24,5,4,85.7,34119.0,19153.0,6302,7868916.0,8192593,16917884,3050759,2213,2774,58.2,55.0
4445,24,5,5,85.3,85285.0,53433.0,10696,5336503.0,8192593,16917884,3050759,6413,8194,31.7,61.4
4446,24,5,6,39.7,47481.0,24424.0,3572,6629273.0,8192593,16917884,3050759,4243,2631,41.0,48.2
4447,24,6,1,73.0,,1496.0,456,376649.0,453498,917660,211480,226,245,36.6,31.3
4448,24,6,2,97.2,2489.0,1963.0,221,382036.0,453498,917660,211480,477,350,33.5,48.6
4449,24,6,3,45.6,2514.0,2062.0,270,411906.0,453498,917660,211480,416,123,56.9,56.3
4450,24,6,4,89.3,4129.0,1914.0,386,,453498,917660,211480,297,154,30.5,23.7
4451,24,6,5,92.8,4787.0,2873.0,354,327004.0,453498,917660,211480,494,156,45.8,73.3
4452,24,6,6,47.4,3346.0,1616.0,442,397908.0,453498,917660,211480,325,200,53.6,73.9
4453,24,7,1,40.9,55106.0,44768.0,8445,13156162.0,19905554,42328006,8350425,9588,2420,41.3,69.3
4454,24,7,2,91.3,209267.0,87308.0,29049,14834041.0,19905554,42328006,8350425,7943,7618,42.0,64.7
4455,24,7,3,58.3,150596.0,129996.0,28991,16058712.0,19905554,42328006,8350425,18417,15721,,39.3
4456,24,7,4,71.7,140141.0,113797.0,22582,12060493.0,19905554,42328006,8350425,21315,13462,56.3,76.5
4457,24,7,5,71.7,132809.0,80479.0,9947,13506374.0,19905554,42328006,8350425,12885,12168,43.7,49.6
4458,24,7,6,62.1,194390.0,174143.0,41488,15201143.0,19905554,42328006,8350425,38256,28241,52.1,46.3
4459,24,8,1,68.8,67910.0,32231.0,5238,7452660.0,8433053,17226567,3317987,7449,3547,73.4,80.5
4460,24,8,2,89.5,60833.0,35373.0,7850,6173123.0,8433053,17226567,3317987,5688,4584,17.2,53.2
4461,24,8,3,52.6,14691.0,12837.0,4166,,8433053,17226567,3317987,1095,770,56.7,62.1
4462,24,8,4,61.2,26290.0,20404.0,5151,7661443.0,8433053,17226567,3317987,3772,1560,34.5,62.4
4463,24,8,5,40.3,59282.0,51684.0,17669,7854014.0,8433053,17226567,3317987,6023,9070,61.4,53.4
4464,24,8,6,40.1,31998.0,14921.0,4614,5953835.0,8433053,17226567,3317987,1244,2293,58.4,60.0
4465,24,9,1,51.4,18723.0,12798.0,4306,1208754.0,1779134,4485616,919593,3036,1999,38.1,48.4
4466,24,9,2,71.8,10852.0,6687.0,1031,1311369.0,1779134,4485616,919593,1498,535,61.8,56.4
4467,24,9,3,75.6,17931.0,15991.0,2156,1520833.0,1779134,4485616,919593,1707,513,44.8,45.4
4468,24,9,4,44.5,20351.0,14671.0,3471,1169968.0,1779134,4485616,919593,3474,2044,45.2,28.4
4469,24,9,5,40.6,5875.0,2994.0,1027,1719964.0,1779134,4485616,919593,658,506,59.0,61.3
4470,24,9,6,73.0,20117.0,9858.0,1310,,1779134,4485616,919593,774,1290,57.1,89.5
4471,24,10,1,38.7,74725.0,48414.0,7232,8532424.0,9679105,24027060,4040049,6694,2966,63.3,50.7
4472,24,10,2,82.0,110022.0,65854.0,21722,6413785.0,9679105,24027060,4040049,16290,3886,53.5,27.7
4473,24,10,3,92.1,72188.0,50882.0,16333,6161535.0,9679105,24027060,4040049,3081,1674,16.3,91.3
4474,24,10,4,35.8,102585.0,73953.0,22695,6576902.0,9679105,24027060,4040049,18358,4503,73.1,41.9
4475,24,10,5,94.6,108432.0,61144.0,12813,7658344.0,9679105,24027060,4040049,13822,2412,58.7,31.9
4476,24,10,6,84.0,76792.0,63062.0,11267,8150890.0,9679105,24027060,4040049,7391,6265,50.7,60.7
4477,24,11,1,93.7,56375.0,25431.0,6883,15178465.0,18974705,40244547,6775051,1846,4009,33.4,16.3
4478,24,11,2,74.9,97754.0,67325.0,19726,11521399.0,18974705,40244547,6775051,14777,11414,38.0,88.4
4479,24,11,3,39.4,57072.0,43436.0,6950,12723311.0,18974705,40244547,6775051,9883,4811,48.8,78.8
4480,24,11,4,73.9,49289.0,31528.0,6944,13171320.0,18974705,40244547,6775051,3924,4493,60.9,58.6
4481,24,11,5,69.9,152681.0,77464.0,26176,18548783.0,18974705,40244547,6775051,14144,6855,52.4,66.3
4482,24,11,6,85.4,154415.0,75688.0,23912,14666445.0,18974705,40244547,6775051,8720,8718,59.5,55.2
4483,24,12,1,84.6,96676.0,44142.0,12022,9087308.0,10279657,21617883,3239842,9580,6368,65.9,49.6
4484,24,12,2,86.0,59781.0,39838.0,6707,7405093.0,10279657,21617883,3239842,4354,5482,68.5,64.9
4485,24,12,3,71.0,41352.0,26960.0,3506,7907308.0,10279657,21617883,3239842,4832,3749,32.4,27.9
4486,24,12,4,56.6,52333.0,43062.0,9806,9864007.0,10279657,21617883,3239842,2557,1737,33.5,10.0
4487,24,12,5,57.2,54168.0,34852.0,4737,9472823.0,10279657,21617883,3239842,4965,4063,44.0,54.5
4488,24,12,6,72.7,96067.0,53050.0,18134,8444599.0,10279657,21617883,3239842,4071,7938,40.8,26.0
4489,24,13,1,78.2,154469.0,119628.0,29273,15975303.0,22584282,48914651,8275358,29683,15786,40.7,58.2
4490,24,13,2,61.6,157131.0,118760.0,17069,17104999.0,22584282,48914651,8275358,21968,21064,40.5,50.5
4491,24,13,3,97.3,98576.0,73440.0,18533,14300438.0,22584282,48914651,8275358,9504,3305,82.4,41.1
4492,24,13,4,58.3,136381.0,55765.0,18297,15678855.0,22584282,48914651,8275358,9088,9228,60.0,63.9
4493,24,13,5,98.8,203410.0,110636.0,20990,20400330.0,22584282,48914651,8275358,5890,19647,40.0,56.8
4494,24,13,6,97.0,109400.0,76461.0,21961,13832126.0,22584282,48914651,8275358,6628,3263,50.4,66.8
4495,24,14,1,47.7,159116.0,123308.0,17319,19991415.0,31591586,68631722,15368230,13611,8710,62.5,52.4
4496,24,14,2,69.5,313640.0,256202.0,49402,25711948.0,31591586,68631722,15368230,62729,15816,44.7,39.4
4497,24,14,3,88.7,255733.0,130327.0,38326,28480750.0,31591586,68631722,15368230,9107,18050,62.5,100.0
4498,24,14,4,76.7,168174.0,118928.0,35045,22610544.0,31591586,68631722,15368230,6108,3897,74.8,88.7
4499,24,14,5,71.9,184858.0,92715.0,25772,22121292.0,31591586,68631722,15368230,6534,15317,57.2,81.4
4500,24,14,6,65.4,195283.0,175529.0,44475,28776403.0,31591586,68631722,15368230,13688,16385,58.9,70.0
4501,24,15,1,61.6,7858.0,5199.0,1126,670389.0,880160,1822977,400987,1096,615,51.6,56.4
4502,24,15,2,67.1,6905.0,5012.0,1531,578103.0,880160,1822977,400987,646,853,55.8,62.0
4503,24,15,3,98.6,5869.0,4966.0,584,639541.0,880160,1822977,400987,1158,238,24.4,65.8
4504,24,15,4,49.0,1858.0,1024.0,132,711473.0,880160,1822977,400987,236,176,49.8,19.4
4505,24,15,5,75.1,3813.0,3293.0,470,608399.0,880160,1822977,400987,504,496,49.5,68.5
4506,24,15,6,82.3,3769.0,2425.0,637,737956.0,880160,1822977,400987,485,243,37.6,53.6
4507,24,16,1,88.5,3061.0,2300.0,721,736686.0,892678,1928678,360272,560,95,73.7,62.2
4508,24,16,2,56.6,10003.0,8673.0,950,579994.0,892678,1928678,360272,1273,1323,49.3,56.8
4509,24,16,3,71.8,10122.0,4527.0,827,592555.0,892678,1928678,360272,835,246,48.6,28.8
4510,24,16,4,66.5,3720.0,1611.0,558,593008.0,892678,1928678,360272,143,211,57.1,59.4
4511,24,16,5,98.3,8765.0,7051.0,815,581225.0,892678,1928678,360272,410,388,64.9,63.7
4512,24,16,6,70.3,7958.0,6191.0,1367,593559.0,892678,1928678,360272,937,428,47.8,45.4
4513,24,17,1,73.3,1890.0,1115.0,343,265212.0,353051,673207,134315,221,76,49.4,37.0
4514,24,17,2,40.1,1543.0,703.0,140,284276.0,353051,673207,134315,103,84,40.3,49.8
4515,24,17,3,60.4,1961.0,1407.0,442,221048.0,353051,673207,134315,201,59,41.6,89.4
4516,24,17,4,42.7,1325.0,560.0,187,233779.0,353051,673207,134315,139,17,51.8,34.2
4517,24,17,5,84.0,3519.0,2537.0,531,289237.0,353051,673207,134315,317,308,37.2,41.5
4518,24,17,6,88.1,2375.0,2031.0,542,336719.0,353051,673207,134315,380,295,35.4,52.4
4519,24,18,1,89.4,1732.0,1289.0,216,372318.0,562073,1345838,209580,294,227,16.8,81.6
4520,24,18,2,64.9,6309.0,2655.0,492,375938.0,562073,1345838,209580,206,202,23.0,95.7
4521,24,18,3,90.8,3174.0,1671.0,242,465749.0,562073,1345838,209580,146,120,43.9,45.4
4522,24,18,4,39.1,2484.0,1860.0,368,522852.0,562073,1345838,209580,253,215,81.9,71.2
4523,24,18,5,77.5,1555.0,1071.0,221,509678.0,562073,1345838,209580,77,157,48.4,64.4
4524,24,18,6,45.3,1625.0,1226.0,398,457454.0,562073,1345838,209580,112,198,,41.3
4525,24,19,1,79.6,69675.0,46125.0,5243,10460656.0,11363277,25610569,4005131,7220,3081,59.7,68.9
4526,24,19,2,81.9,44872.0,24526.0,6469,11041388.0,11363277,25610569,4005131,5835,2234,70.1,33.4
4527,24,19,3,69.8,95130.0,60210.0,7121,7930068.0,11363277,25610569,4005131,7174,5146,72.9,30.6
4528,24,19,4,82.1,77351.0,47757.0,10062,10091125.0,11363277,25610569,4005131,8406,7068,35.9,63.4
4529,24,19,5,74.2,92039.0,55208.0,12860,7175000.0,11363277,25610569,4005131,8288,2562,48.6,11.2
4530,24,19,6,96.9,112688.0,62512.0,10285,7557040.0,11363277,25610569,4005131,14485,3638,62.9,42.2
4531,24,20,1,81.6,86846.0,42281.0,12248,5986967.0,8423321,17359362,3318575,6850,6144,30.7,63.6
4532,24,20,2,75.7,37335.0,21208.0,6275,6475697.0,8423321,17359362,3318575,2068,1465,64.4,72.4
4533,24,20,3,64.7,88070.0,59137.0,18110,5847997.0,8423321,17359362,3318575,4162,7659,53.6,70.2
4534,24,20,4,35.8,90147.0,,15053,5540384.0,8423321,17359362,3318575,5278,3238,35.2,78.5
4535,24,20,5,45.4,51972.0,23697.0,3338,7045459.0,8423321,17359362,3318575,3958,1582,48.5,40.5
4536,24,20,6,52.1,27590.0,22842.0,6722,6483991.0,8423321,17359362,3318575,1615,2535,59.3,33.9
4537,24,21,1,37.7,206566.0,178234.0,50895,19995176.0,20973737,45766733,8913692,41415,6748,32.9,32.2
4538,24,21,2,95.9,167777.0,78362.0,22558,18648293.0,20973737,45766733,8913692,16514,2992,39.7,44.1
4539,24,21,3,60.7,146627.0,107877.0,34044,16921997.0,20973737,45766733,8913692,24512,10211,26.8,89.5
4540,24,21,4,51.7,60444.0,31045.0,9678,17451488.0,20973737,45766733,8913692,2859,2128,77.3,38.0
4541,24,21,5,81.2,89213.0,39984.0,9144,20105836.0,20973737,45766733,8913692,5915,4195,44.0,89.2
4542,24,21,6,38.4,94650.0,51687.0,7054,16916299.0,20973737,45766733,8913692,12838,2763,24.5,55.7
4543,24,22,1,57.0,1758.0,1561.0,189,153127.0,185432,399961,89935,185,243,25.0,39.3
4544,24,22,2,84.3,1716.0,1188.0,126,150535.0,185432,399961,89935,172,40,83.8,90.8
4545,24,22,3,62.7,1017.0,502.0,97,142794.0,185432,399961,89935,32,42,46.0,69.7
4546,24,22,4,93.3,823.0,431.0,45,173973.0,185432,399961,89935,59,72,44.5,48.5
4547,24,22,5,57.5,1646.0,1065.0,259,112548.0,185432,399961,89935,183,177,67.0,32.5
4548,24,22,6,68.9,693.0,450.0,139,171631.0,185432,399961,89935,29,73,48.5,53.9
4549,24,23,1,87.0,111530.0,58032.0,6574,20455072.0,21194483,43197623,9952338,3086,9971,69.6,55.5
4550,24,23,2,80.5,82990.0,59041.0,16938,20571023.0,21194483,43197623,9952338,4174,9652,62.7,20.9
4551,24,23,3,54.4,211004.0,167412.0,22142,16420338.0,21194483,43197623,9952338,17536,27062,47.8,44.9
4552,24,23,4,80.9,53533.0,33228.0,11269,16996002.0,21194483,43197623,9952338,2132,5088,16.5,63.2
4553,24,23,5,57.9,165978.0,128705.0,29693,18154041.0,21194483,43197623,9952338,26139,17230,66.8,77.1
4554,24,23,6,95.2,141632.0,126030.0,13083,16728413.0,21194483,43197623,9952338,20594,18046,30.5,81.2
4555,24,24,1,51.5,80037.0,39938.0,9638,8723508.0,9787578,24438165,3930084,8748,4034,73.9,57.9
4556,24,24,2,62.2,24605.0,12985.0,3094,7016850.0,9787578,24438165,3930084,2249,852,,49.5
4557,24,24,3,77.5,110278.0,85202.0,14951,6566774.0,9787578,24438165,3930084,7929,14503,33.3,66.7
4558,24,24,4,63.5,57846.0,40288.0,4102,9169212.0,9787578,24438165,3930084,3465,2198,56.2,49.0
4559,24,24,5,72.0,52813.0,25759.0,7511,7923700.0,9787578,24438165,3930084,4503,1570,82.8,41.7
4560,24,24,6,57.9,112860.0,92983.0,17722,8599322.0,9787578,24438165,3930084,16424,11515,54.8,76.8
4561,24,25,1,52.3,7474.0,5415.0,1130,670929.0,1098821,2325561,564352,472,889,86.6,45.7
4562,24,25,2,43.0,5788.0,,1131,985727.0,1098821,2325561,564352,927,640,,20.5
4563,24,25,3,61.2,10009.0,6332.0,1775,661809.0,1098821,2325561,564352,322,896,84.8,98.8
4564,24,25,4,79.5,8782.0,3734.0,802,773218.0,1098821,2325561,564352,463,361,39.4,49.0
4565,24,25,5,70.3,6639.0,5243.0,622,996679.0,1098821,2325561,564352,943,752,31.1,40.6
4566,24,25,6,95.7,4276.0,2961.0,751,956553.0,1098821,2325561,564352,494,234,52.9,83.6
4567,24,26,1,47.1,678660.0,410700.0,139542,56575182.0,67089532,139921470,29598344,33942,40545,32.5,70.9
4568,24,26,2,38.0,,146264.0,37697,64905843.0,67089532,139921470,29598344,22463,24390,53.7,64.7
4569,24,26,3,70.9,638730.0,335011.0,85255,62662869.0,67089532,139921470,29598344,69710,28976,53.3,33.8
4570,24,26,4,73.6,488606.0,361269.0,43230,45226017.0,67089532,139921470,29598344,38987,34296,40.0,40.3
4571,24,26,5,72.6,355833.0,193849.0,40547,53416370.0,67089532,139921470,29598344,19505,33316,49.4,49.1
4572,24,26,6,60.5,328446.0,178653.0,19415,59103335.0,67089532,139921470,29598344,35951,20019,32.4,62.4
4573,24,27,1,41.4,32271.0,15062.0,2668,4495628.0,5387871,12028499,2516529,1913,1598,48.3,73.0
4574,24,27,2,70.4,43131.0,32132.0,7119,5096480.0,5387871,12028499,2516529,1972,3067,57.8,62.5
4575,24,27,3,83.0,19943.0,17176.0,5306,4425112.0,5387871,12028499,2516529,3057,955,60.8,32.2
4576,24,27,4,95.5,55245.0,28055.0,7478,5210081.0,5387871,12028499,2516529,1902,3979,55.1,75.8
4577,24,27,5,52.0,36339.0,17666.0,6083,3268713.0,5387871,12028499,2516529,2781,2381,15.4,30.2
4578,24,27,6,90.3,31900.0,16315.0,3260,,5387871,12028499,2516529,2950,1884,66.3,49.2
4579,24,28,1,40.0,214635.0,113076.0,18662,20509509.0,28021349,57279403,10070309,14285,16976,28.3,26.8
4580,24,28,2,80.0,157029.0,119565.0,40202,21915881.0,28021349,57279403,10070309,12109,7413,53.9,66.4
4581,24,28,3,93.2,205669.0,,16273,26249261.0,28021349,57279403,10070309,30620,14340,44.1,61.3
4582,24,28,4,94.0,246512.0,111511.0,20053,19113462.0,28021349,57279403,10070309,24269,10451,73.6,60.6
4583,24,28,5,72.2,256920.0,179748.0,52177,18701306.0,28021349,57279403,10070309,30595,18821,70.4,37.3
4584,24,28,6,46.1,265956.0,130551.0,20821,21672558.0,28021349,57279403,10070309,25958,19753,73.0,23.4
4585,24,29,1,71.1,88723.0,63661.0,17609,7326370.0,8513792,20324271,4483553,9701,9898,63.5,57.8
4586,24,29,2,64.4,,44727.0,13650,7116688.0,8513792,20324271,4483553,5807,6467,82.3,61.4
4587,24,29,3,49.1,67084.0,57631.0,12149,5483010.0,8513792,20324271,4483553,3736,5473,15.0,64.6
4588,24,29,4,86.1,35671.0,28792.0,3459,7218536.0,8513792,20324271,4483553,5976,3855,48.8,53.8
4589,24,29,5,81.2,36903.0,24432.0,6652,5710883.0,8513792,20324271,4483553,4107,4107,37.5,68.6
4590,24,29,6,86.1,24617.0,14223.0,3981,5775685.0,8513792,20324271,4483553,3144,2495,24.3,11.1
4591,24,30,1,91.1,36916.0,24383.0,6413,2572397.0,3284485,8262450,1593785,3526,4088,50.1,53.1
4592,24,30,2,88.9,29183.0,22515.0,7209,2563514.0,3284485,8262450,1593785,1459,2977,26.4,55.2
4593,24,30,3,93.9,21901.0,17360.0,5758,2812862.0,3284485,8262450,1593785,1492,918,48.2,70.0
4594,24,30,4,58.3,31493.0,13898.0,4320,3005550.0,3284485,8262450,1593785,2473,2018,,52.7
4595,24,30,5,46.7,30809.0,26858.0,8173,,3284485,8262450,1593785,3956,3362,31.6,30.1
4596,24,30,6,82.7,28234.0,21531.0,6123,2925998.0,3284485,8262450,1593785,3456,1496,60.0,57.3
4597,24,31,1,75.7,564.0,241.0,24,58497.0,81192,172164,29179,23,21,83.8,43.9
4598,24,31,2,95.9,449.0,263.0,88,69899.0,81192,172164,29179,23,47,27.5,80.2
4599,24,31,3,69.7,504.0,401.0,135,64905.0,81192,172164,29179,81,16,87.1,37.3
4600,24,31,4,81.2,409.0,362.0,77,69721.0,81192,172164,29179,85,13,24.4,55.3
4601,24,31,5,79.3,432.0,274.0,81,50099.0,81192,172164,29179,19,14,53.9,37.1
4602,24,31,6,69.1,486.0,335.0,104,,81192,172164,29179,41,10,56.4,47.8
4603,24,32,1,36.9,3726.0,1689.0,396,,387337,941404,161848,115,78,30.7,57.9
4604,24,32,2,93.5,816.0,617.0,194,259453.0,387337,941404,161848,73,33,36.1,60.1
4605,24,32,3,90.4,991.0,435.0,137,249807.0,387337,941404,161848,91,18,40.4,58.8
4606,24,32,4,72.9,1570.0,1045.0,136,334603.0,387337,941404,161848,98,108,27.1,50.9
4607,24,32,5,80.4,4184.0,2353.0,369,268011.0,387337,941404,161848,547,317,44.3,58.2
4608,24,32,6,92.1,1817.0,1090.0,215,237910.0,387337,941404,161848,149,122,50.9,92.6
4609,25,1,1,39.9,85310.0,61151.0,14525,12470977.0,14882287,30776176,6282094,11136,5057,50.8,38.1
4610,25,1,2,98.0,153131.0,108526.0,33084,13192466.0,14882287,30776176,6282094,12493,14834,,34.0
4611,25,1,3,45.7,34283.0,16686.0,2342,11392747.0,14882287,30776176,6282094,2089,2214,78.2,29.7
4612,25,1,4,53.9,81993.0,44940.0,8291,11438485.0,14882287,30776176,6282094,8815,6872,67.6,0.0
4613,25,1,5,57.2,131158.0,116018.0,21890,,14882287,30776176,6282094,10605,9192,51.4,45.9
4614,25,1,6,67.5,94201.0,59865.0,8162,13128679.0,14882287,30776176,6282094,11935,7753,62.3,43.3
4615,25,2,1,96.3,3460.0,2411.0,566,432271.0,468092,969276,155931,-557,125,47.1,100.0
4616,25,2,2,50.0,1773.0,1082.0,201,430060.0,468092,969276,155931,112,148,70.7,67.2
4617,25,2,3,44.6,2374.0,1298.0,224,362970.0,468092,969276,155931,205,171,86.8,23.2
4618,25,2,4,82.8,2111.0,1721.0,247,337081.0,468092,969276,155931,158,222,,66.7
4619,25,2,5,83.2,1558.0,877.0,144,406930.0,468092,969276,155931,166,122,63.3,53.3
4620,25,2,6,60.8,2340.0,1570.0,256,291335.0,468092,969276,155931,152,264,52.7,74.9
4621,25,3,1,81.2,79387.0,46473.0,9967,8743522.0,9978213,20738077,4079337,9004,6533,44.8,16.4
4622,25,3,2,64.5,26256.0,16948.0,2226,7742025.0,9978213,20738077,4079337,865,1622,38.2,86.5
4623,25,3,3,92.9,95790.0,68902.0,10591,6678779.0,9978213,20738077,4079337,5787,2997,47.5,45.9
4624,25,3,4,65.0,47929.0,28779.0,5420,6208480.0,9978213,20738077,4079337,3403,3201,32.5,22.6
4625,25,3,5,51.7,61981.0,30551.0,5672,8806012.0,9978213,20738077,4079337,5437,4128,64.7,55.8
4626,25,3,6,83.6,,7414.0,1662,8071850.0,9978213,20738077,4079337,1001,451,22.9,74.3
4627,25,4,1,48.0,175197.0,77902.0,10096,26569707.0,33888873,72564095,14753540,11360,12090,64.8,24.4
4628,25,4,2,99.0,229495.0,180179.0,48250,,33888873,72564095,14753540,43748,30069,42.8,37.5
4629,25,4,3,89.1,74363.0,36976.0,10826,20393496.0,33888873,72564095,14753540,7124,5311,74.8,34.4
4630,25,4,4,61.0,297062.0,263385.0,70575,27506352.0,33888873,72564095,14753540,23647,37518,84.7,70.9
4631,25,4,5,84.1,94113.0,61113.0,15933,32137322.0,33888873,72564095,14753540,13964,10653,31.9,18.1
4632,25,4,6,78.5,291877.0,195609.0,55029,29895803.0,33888873,72564095,14753540,47862,10270,41.3,64.9
4633,25,5,1,80.0,38450.0,16696.0,5524,5291748.0,7807686,17246906,2855736,2619,1015,45.2,36.1
4634,25,5,2,86.9,67038.0,35379.0,8533,6494421.0,7807686,17246906,2855736,6794,1465,63.3,65.9
4635,25,5,3,84.1,82612.0,72833.0,14285,7606428.0,7807686,17246906,2855736,10304,11070,39.6,62.4
4636,25,5,4,68.3,67139.0,,14468,6853264.0,7807686,17246906,2855736,4719,5550,54.1,25.7
4637,25,5,5,77.9,26146.0,19932.0,3225,6961473.0,7807686,17246906,2855736,3193,1415,38.9,40.2
4638,25,5,6,87.8,71515.0,47946.0,12691,7247639.0,7807686,17246906,2855736,6305,5107,0.0,73.0
4639,25,6,1,63.7,1272.0,642.0,155,358885.0,471618,932543,138915,40,76,61.2,45.3
4640,25,6,2,79.7,955.0,701.0,97,312617.0,471618,932543,138915,55,99,41.7,48.7
4641,25,6,3,66.8,2482.0,1242.0,430,438999.0,471618,932543,138915,67,167,43.8,60.0
4642,25,6,4,81.8,3960.0,2644.0,490,422950.0,471618,932543,138915,152,266,45.3,77.5
4643,25,6,5,81.9,3465.0,1417.0,167,384868.0,471618,932543,138915,350,87,34.1,46.0
4644,25,6,6,93.6,1570.0,1109.0,145,378270.0,471618,932543,138915,197,44,28.8,26.5
4645,25,7,1,86.5,78147.0,61046.0,13731,17293752.0,20059470,39726920,7298541,15001,9857,60.0,51.8
4646,25,7,2,87.6,,139187.0,28439,15028819.0,20059470,39726920,7298541,27339,11169,30.7,62.4
4647,25,7,3,77.9,192853.0,170990.0,28467,15372259.0,20059470,39726920,7298541,10707,9356,67.6,68.8
4648,25,7,4,70.2,94503.0,40068.0,10848,14525156.0,20059470,39726920,7298541,3510,6280,63.5,51.8
4649,25,7,5,70.6,47394.0,33534.0,4606,12692648.0,20059470,39726920,7298541,3159,5317,34.2,67.9
4650,25,7,6,72.8,133381.0,95862.0,31275,14066487.0,20059470,39726920,7298541,8637,8648,84.2,50.6
4651,25,8,1,86.5,46689.0,27599.0,5846,5742579.0,7323872,17419433,3830504,2868,843,59.2,67.6
4652,25,8,2,47.2,60906.0,42042.0,10486,7108199.0,7323872,17419433,3830504,10098,2543,65.8,53.5
4653,25,8,3,71.5,33806.0,28962.0,8971,7048027.0,7323872,17419433,3830504,5738,4166,23.0,70.9
4654,25,8,4,55.6,31657.0,27769.0,9151,4871096.0,7323872,17419433,3830504,5217,4948,53.8,56.0
4655,25,8,5,58.6,37871.0,23249.0,7365,6096322.0,7323872,17419433,3830504,4512,3828,42.3,40.9
4656,25,8,6,67.0,64861.0,57910.0,6877,5470202.0,7323872,17419433,3830504,4365,6479,61.8,87.8
4657,25,9,1,36.9,19771.0,12786.0,1937,1506410.0,1806766,4172727,765481,2140,2009,63.6,72.1
4658,25,9,2,40.3,18230.0,15251.0,2397,1362985.0,1806766,4172727,765481,2028,1336,51.5,72.3
4659,25,9,3,92.6,5650.0,4034.0,854,1290900.0,1806766,4172727,765481,282,523,54.9,44.0
4660,25,9,4,98.9,6337.0,3150.0,824,1136097.0,1806766,4172727,765481,605,379,53.4,68.0
4661,25,9,5,49.0,9688.0,4085.0,643,1706783.0,1806766,4172727,765481,996,353,57.1,60.2
4662,25,9,6,56.7,16339.0,13156.0,3186,1483351.0,1806766,4172727,765481,1483,1400,64.3,41.7
4663,25,10,1,58.8,32257.0,16498.0,3325,7625340.0,9705151,24039516,4093466,1210,2858,47.4,49.9
4664,25,10,2,91.1,81985.0,45005.0,9775,,9705151,24039516,4093466,4724,1631,50.8,44.4
4665,25,10,3,52.3,109458.0,67957.0,11111,8365249.0,9705151,24039516,4093466,6338,5626,74.3,76.3
4666,25,10,4,68.1,43789.0,19548.0,4876,7381578.0,9705151,24039516,4093466,3421,1620,17.1,46.9
4667,25,10,5,51.5,58242.0,48470.0,16433,6315417.0,9705151,24039516,4093466,11681,6514,40.1,40.3
4668,25,10,6,72.6,76743.0,45412.0,12637,6134207.0,9705151,24039516,4093466,8981,2800,64.5,41.8
4669,25,11,1,83.0,164712.0,80271.0,24431,17858846.0,19638517,38042506,6642443,13773,13523,48.3,57.1
4670,25,11,2,71.7,100820.0,48913.0,14069,14535353.0,19638517,38042506,6642443,6268,6064,52.6,26.0
4671,25,11,3,54.0,76862.0,48706.0,5353,16098654.0,19638517,38042506,6642443,10748,4514,11.7,53.5
4672,25,11,4,72.3,95506.0,65930.0,21941,14922196.0,19638517,38042506,6642443,4253,8448,36.7,41.4
4673,25,11,5,83.9,155723.0,83858.0,21874,18543267.0,19638517,38042506,6642443,11177,8521,64.3,69.4
4674,25,11,6,42.4,183012.0,89127.0,29537,14240496.0,19638517,38042506,6642443,7919,6588,62.2,65.8
4675,25,12,1,62.4,36467.0,15927.0,5274,7256153.0,9874354,20902253,3668883,2302,1359,22.1,42.6
4676,25,12,2,39.8,62595.0,28943.0,7963,8178071.0,9874354,20902253,3668883,2540,1167,72.4,60.7
4677,25,12,3,57.3,19930.0,14305.0,2754,7240940.0,9874354,20902253,3668883,2311,452,59.1,36.8
4678,25,12,4,75.1,20963.0,15434.0,3105,6669771.0,9874354,20902253,3668883,973,2444,85.5,89.2
4679,25,12,5,36.1,72863.0,49496.0,13277,6321915.0,9874354,20902253,3668883,9331,2385,60.5,74.1
4680,25,12,6,80.9,63623.0,45333.0,4693,8644769.0,9874354,20902253,3668883,2575,5431,33.5,53.6
4681,25,13,1,56.0,130437.0,100476.0,27284,18144389.0,22301846,47811734,10678574,18193,16296,67.9,42.1
4682,25,13,2,79.8,67065.0,38755.0,4056,19818387.0,22301846,47811734,10678574,8216,5404,45.1,83.7
4683,25,13,3,71.3,207159.0,180906.0,27791,19574276.0,22301846,47811734,10678574,12046,13739,83.4,43.4
4684,25,13,4,41.4,79626.0,43136.0,5367,16414287.0,22301846,47811734,10678574,3439,4365,60.2,26.1
4685,25,13,5,81.3,53947.0,44081.0,5496,13930991.0,22301846,47811734,10678574,9426,6050,37.4,8.1
4686,25,13,6,70.7,139720.0,,31558,14466438.0,22301846,47811734,10678574,15091,7547,0.0,82.6
4687,25,14,1,49.0,214196.0,115977.0,36884,27265445.0,31115820,75745819,15813705,6411,14849,69.3,62.4
4688,25,14,2,48.3,180367.0,141626.0,43412,20087410.0,31115820,75745819,15813705,24911,13250,55.8,51.0
4689,25,14,3,43.1,253199.0,143785.0,41551,27189244.0,31115820,75745819,15813705,25053,10326,33.5,65.8
4690,25,14,4,63.1,142821.0,84767.0,19620,21545864.0,31115820,75745819,15813705,4833,3634,55.3,55.3
4691,25,14,5,70.5,356759.0,150111.0,26193,29208366.0,31115820,75745819,15813705,27375,5747,36.4,43.2
4692,25,14,6,92.3,178523.0,146167.0,22057,19940000.0,31115820,75745819,15813705,34251,23460,19.7,75.4
4693,25,15,1,93.2,8628.0,5064.0,566,529726.0,858597,1743987,265811,999,174,23.1,45.0
4694,25,15,2,80.6,9128.0,6077.0,842,661551.0,858597,1743987,265811,1246,671,32.5,72.9
4695,25,15,3,51.7,9254.0,6417.0,1664,833239.0,858597,1743987,265811,534,738,41.7,22.8
4696,25,15,4,82.9,8794.0,4954.0,700,702024.0,858597,1743987,265811,481,519,22.2,24.0
4697,25,15,5,78.9,5177.0,4217.0,1404,617071.0,858597,1743987,265811,893,475,67.3,88.3
4698,25,15,6,81.5,7874.0,5370.0,1613,694346.0,858597,1743987,265811,290,899,78.3,43.8
4699,25,16,1,87.8,4304.0,3278.0,442,696372.0,958768,1870294,444832,751,130,80.0,23.0
4700,25,16,2,87.8,5138.0,2151.0,366,658350.0,958768,1870294,444832,331,232,26.5,50.7
4701,25,16,3,92.5,4114.0,3238.0,437,632895.0,958768,1870294,444832,325,434,37.0,73.9
4702,25,16,4,62.3,7893.0,6710.0,715,,958768,1870294,444832,610,375,33.6,49.6
4703,25,16,5,52.8,7770.0,,476,829898.0,958768,1870294,444832,991,765,82.2,48.5
4704,25,16,6,91.4,6282.0,4038.0,1001,917197.0,958768,1870294,444832,912,525,14.5,66.0
4705,25,17,1,74.4,3565.0,1887.0,532,245363.0,303061,747610,109458,249,200,69.7,45.5
4706,25,17,2,88.5,2855.0,1489.0,281,218817.0,303061,747610,109458,84,263,45.3,75.9
4707,25,17,3,96.3,3255.0,2241.0,473,214821.0,303061,747610,109458,195,299,53.0,70.5
4708,25,17,4,90.5,741.0,342.0,52,213234.0,303061,747610,109458,31,43,34.6,56.0
4709,25,17,5,36.1,2878.0,2574.0,436,261485.0,303061,747610,109458,205,413,86.3,63.8
4710,25,17,6,71.7,3129.0,1707.0,479,232635.0,303061,747610,109458,164,255,43.0,74.4
4711,25,18,1,35.5,5072.0,2294.0,597,554781.0,629008,1267406,190747,502,174,17.4,93.0
4712,25,18,2,51.8,6335.0,3167.0,926,398488.0,629008,1267406,190747,772,415,50.3,54.5
4713,25,18,3,64.5,3357.0,1426.0,144,578691.0,629008,1267406,190747,226,93,31.8,23.6
4714,25,18,4,90.3,3036.0,1739.0,578,606308.0,629008,1267406,190747,299,82,43.8,9.7
4715,25,18,5,95.8,3819.0,2083.0,332,434586.0,629008,1267406,190747,516,72,62.5,58.0
4716,25,18,6,97.8,2926.0,1387.0,188,538430.0,629008,1267406,190747,299,168,47.0,57.4
4717,25,19,1,72.7,40925.0,34489.0,4424,12653985.0,13200758,27610450,6046428,4107,5645,48.4,50.5
4718,25,19,2,47.3,94922.0,67169.0,8079,10836693.0,13200758,27610450,6046428,6030,9652,29.4,57.1
4719,25,19,3,90.8,62633.0,37640.0,12162,12518961.0,13200758,27610450,6046428,5552,6226,82.1,100.0
4720,25,19,4,35.3,128475.0,60919.0,7895,8527619.0,13200758,27610450,6046428,13574,6570,43.4,54.7
4721,25,19,5,80.6,132821.0,55895.0,10359,10589748.0,13200758,27610450,6046428,6535,5557,33.4,59.0
4722,25,19,6,93.6,82068.0,38846.0,7022,8106940.0,13200758,27610450,6046428,3605,4283,,20.7
4723,25,20,1,70.0,78002.0,33230.0,4855,5302612.0,7341841,17762089,3251802,8242,2750,13.8,55.2
4724,25,20,2,84.8,31331.0,12762.0,1787,4573775.0,7341841,17762089,3251802,2619,1597,19.4,72.2
4725,25,20,3,90.4,72986.0,63989.0,7791,6173559.0,7341841,17762089,3251802,3932,3138,56.4,72.8
4726,25,20,4,64.6,69749.0,58859.0,13355,6819211.0,7341841,17762089,3251802,14299,5562,27.9,69.6
4727,25,20,5,65.8,81256.0,69366.0,8908,4769514.0,7341841,17762089,3251802,15942,11346,95.8,33.5
4728,25,20,6,83.6,51131.0,45670.0,8123,6328066.0,7341841,17762089,3251802,2773,2676,,57.9
4729,25,21,1,43.6,127700.0,71628.0,9937,13838911.0,19901283,49575788,10798880,7500,9499,41.0,27.7
4730,25,21,2,69.3,171826.0,145319.0,43999,14583060.0,19901283,49575788,10798880,28467,24134,31.2,49.2
4731,25,21,3,64.6,82481.0,60313.0,7922,,19901283,49575788,10798880,14720,3302,73.3,71.2
4732,25,21,4,69.7,164252.0,86339.0,9314,13132216.0,19901283,49575788,10798880,20254,7844,56.6,33.8
4733,25,21,5,94.3,154515.0,71167.0,17549,12656780.0,19901283,49575788,10798880,8716,3565,24.4,73.4
4734,25,21,6,79.9,145707.0,67170.0,21722,15661699.0,19901283,49575788,10798880,6165,7218,62.4,61.5
4735,25,22,1,61.8,1260.0,1034.0,261,121005.0,177560,386647,75655,102,61,18.8,46.3
4736,25,22,2,96.8,1375.0,1072.0,253,126329.0,177560,386647,75655,111,148,,64.1
4737,25,22,3,85.1,1657.0,,159,166112.0,177560,386647,75655,165,85,34.8,69.2
4738,25,22,4,85.3,534.0,214.0,57,107233.0,177560,386647,75655,39,21,67.4,15.3
4739,25,22,5,53.2,609.0,379.0,68,134016.0,177560,386647,75655,56,54,55.6,71.1
4740,25,22,6,77.4,383.0,316.0,102,153476.0,177560,386647,75655,35,11,59.9,100.0
4741,25,23,1,88.6,185603.0,136376.0,40588,14604487.0,22889733,45838207,7639732,15323,23787,80.6,46.6
4742,25,23,2,47.0,196620.0,122983.0,35774,15754170.0,22889733,45838207,7639732,18126,10472,50.1,75.5
4743,25,23,3,35.1,95404.0,70027.0,18517,14746677.0,22889733,45838207,7639732,3521,10697,34.7,27.0
4744,25,23,4,96.3,94767.0,58977.0,6704,,22889733,45838207,7639732,7431,5901,42.0,88.3
4745,25,23,5,71.5,145792.0,130701.0,34416,22387042.0,22889733,45838207,7639732,31884,14246,52.5,54.9
4746,25,23,6,58.8,119602.0,71441.0,19973,22145718.0,22889733,45838207,7639732,11013,10203,,58.3
4747,25,24,1,85.5,52914.0,35958.0,11104,7315070.0,11343643,24164078,3796251,3967,5114,39.8,22.1
4748,25,24,2,76.6,35314.0,17100.0,2764,8031760.0,11343643,24164078,3796251,2001,2912,9.2,48.6
4749,25,24,3,40.3,53509.0,33484.0,5896,8892287.0,11343643,24164078,3796251,6859,5719,48.7,61.9
4750,25,24,4,85.1,44693.0,35833.0,10669,9062555.0,11343643,24164078,3796251,6998,6150,61.5,80.5
4751,25,24,5,59.6,25407.0,11312.0,3590,7664544.0,11343643,24164078,3796251,1974,1956,53.3,50.8
4752,25,24,6,47.4,101325.0,59682.0,14504,8162208.0,11343643,24164078,3796251,3506,6238,55.2,51.1
4753,25,25,1,109.3,10181.0,5709.0,1264,931336.0,1097028,2431846,512487,739,533,46.9,16.8
4754,25,25,2,61.6,,4242.0,611,1041494.0,1097028,2431846,512487,1023,762,72.1,60.6
4755,25,25,3,58.5,3383.0,1889.0,500,924115.0,1097028,2431846,512487,122,193,84.4,68.0
4756,25,25,4,58.2,9855.0,5177.0,1697,1054127.0,1097028,2431846,512487,1032,749,58.8,55.3
4757,25,25,5,52.8,5847.0,4401.0,1459,974412.0,1097028,2431846,512487,297,732,42.2,83.4
4758,25,25,6,35.7,4735.0,2600.0,511,1028254.0,1097028,2431846,512487,173,442,29.9,69.1
4759,25,26,1,42.8,378430.0,234918.0,33672,40480741.0,57597114,134113630,31576624,17089,32239,46.6,46.6
4760,25,26,2,74.6,151013.0,128252.0,36274,53920835.0,57597114,134113630,31576624,29901,13644,36.4,70.4
4761,25,26,3,97.0,353272.0,278622.0,82012,53512739.0,57597114,134113630,31576624,64383,14911,51.7,60.8
4762,25,26,4,98.5,504662.0,324437.0,35144,41736451.0,57597114,134113630,31576624,29777,46048,52.7,88.1
4763,25,26,5,47.5,137023.0,80933.0,24189,38361022.0,57597114,134113630,31576624,13209,9345,22.2,20.2
4764,25,26,6,85.1,549621.0,448679.0,156726,35956322.0,57597114,134113630,31576624,108055,62001,43.4,68.3
4765,25,27,1,43.7,16230.0,12018.0,1247,5151609.0,5862948,11121820,2668002,2652,1483,44.0,66.9
4766,25,27,2,65.6,25358.0,14008.0,2905,5660641.0,5862948,11121820,2668002,1739,1844,52.2,77.9
4767,25,27,3,93.7,13667.0,8410.0,2659,5262142.0,5862948,11121820,2668002,775,321,56.8,62.1
4768,25,27,4,56.2,56645.0,45166.0,8401,5220121.0,5862948,11121820,2668002,7183,4535,67.3,47.7
4769,25,27,5,64.5,34144.0,28706.0,6547,3553073.0,5862948,11121820,2668002,4596,4402,67.9,60.8
4770,25,27,6,54.4,22806.0,12504.0,1721,4363534.0,5862948,11121820,2668002,978,1862,56.0,85.4
4771,25,28,1,56.3,,129377.0,39516,19969915.0,25696384,60668177,13717836,30525,13476,19.6,56.9
4772,25,28,2,75.7,164094.0,85051.0,19101,18065395.0,25696384,60668177,13717836,7322,14046,26.0,6.4
4773,25,28,3,52.9,245861.0,120021.0,41879,24259048.0,25696384,60668177,13717836,26188,17762,58.8,77.0
4774,25,28,4,71.4,282445.0,156275.0,38381,16063511.0,25696384,60668177,13717836,15749,24350,43.6,22.2
4775,25,28,5,51.5,274568.0,244057.0,41601,15670044.0,25696384,60668177,13717836,17767,20177,,49.1
4776,25,28,6,49.3,72518.0,65068.0,11441,17404260.0,25696384,60668177,13717836,7908,6615,45.4,84.0
4777,25,29,1,39.9,42793.0,21841.0,6757,8013620.0,9832903,19540207,3053653,5047,3401,59.1,27.6
4778,25,29,2,70.9,87117.0,45148.0,7570,7850571.0,9832903,19540207,3053653,11190,5089,62.8,74.8
4779,25,29,3,62.7,71279.0,60341.0,18303,9264594.0,9832903,19540207,3053653,14993,10417,76.3,39.3
4780,25,29,4,64.8,26118.0,18503.0,5105,9173022.0,9832903,19540207,3053653,2258,1689,74.5,44.8
4781,25,29,5,96.7,69545.0,51462.0,14947,8600124.0,9832903,19540207,3053653,9350,3030,56.1,60.6
4782,25,29,6,56.7,39224.0,22013.0,2728,7028832.0,9832903,19540207,3053653,2023,3930,76.8,34.4
4783,25,30,1,38.4,40318.0,27402.0,3953,2828826.0,4001698,7631173,1224819,3289,3612,68.8,66.2
4784,25,30,2,44.2,19151.0,11005.0,2491,3837278.0,4001698,7631173,1224819,2461,798,56.5,54.3
4785,25,30,3,62.9,9076.0,7577.0,1164,2756750.0,4001698,7631173,1224819,1876,411,8.1,86.9
4786,25,30,4,92.4,40602.0,31080.0,10318,3444720.0,4001698,7631173,1224819,6463,2266,47.8,38.5
4787,25,30,5,60.6,9990.0,8560.0,2493,3378048.0,4001698,7631173,1224819,1818,1406,59.0,47.5
4788,25,30,6,51.8,18048.0,8349.0,2373,3904705.0,4001698,7631173,1224819,430,1249,69.0,75.3
4789,25,31,1,82.9,258.0,146.0,17,81057.0,86064,169882,26712,16,14,48.7,53.2
4790,25,31,2,68.4,830.0,,163,,86064,169882,26712,63,89,46.1,35.0
4791,25,31,3,88.9,692.0,543.0,91,59391.0,86064,169882,26712,37,78,51.4,44.7
4792,25,31,4,53.1,653.0,510.0,72,57609.0,86064,169882,26712,57,42,32.6,8.2
4793,25,31,5,36.1,798.0,657.0,154,70732.0,86064,169882,26712,160,23,71.9,56.1
4794,25,31,6,92.8,292.0,235.0,36,53073.0,86064,169882,26712,35,38,49.4,10.5
4795,25,32,1,55.7,1072.0,573.0,85,291167.0,370724,828524,208247,126,30,43.2,90.0
4796,25,32,2,38.6,3538.0,2711.0,385,292683.0,370724,828524,208247,308,278,72.6,54.1
4797,25,32,3,78.6,4121.0,3201.0,988,299691.0,370724,828524,208247,540,414,31.3,47.4
4798,25,32,4,80.7,2207.0,1029.0,170,271918.0,370724,828524,208247,230,68,65.5,84.4
4799,25,32,5,83.0,4406.0,2423.0,761,314233.0,370724,828524,208247,318,164,54.2,59.1
4800,25,32,6,124.6,3311.0,2072.0,439,256905.0,370724,828524,208247,469,288,80.0,58.3
4801,26,1,1,89.9,87284.0,54368.0,15980,14146622.0,15492444,29779606,5250012,12109,4824,34.0,34.9
4802,26,1,2,49.2,115389.0,86435.0,22415,10283332.0,15492444,29779606,5250012,15625,3552,52.3,42.1
4803,26,1,3,68.7,91767.0,78201.0,18320,14202208.0,15492444,29779606,5250012,13049,12587,57.2,84.9
4804,26,1,4,41.9,38480.0,27608.0,5666,9384182.0,15492444,29779606,5250012,4336,4500,,61.7
4805,26,1,5,97.9,118526.0,64575.0,20462,10562587.0,15492444,29779606,5250012,5706,7303,44.0,83.8
4806,26,1,6,95.7,42680.0,27317.0,7598,15079448.0,15492444,29779606,5250012,3960,2005,58.1,68.1
4807,26,2,1,78.5,1589.0,1065.0,170,306813.0,455535,992678,134722,264,52,50.6,38.1
4808,26,2,2,44.3,804.0,339.0,104,406830.0,455535,992678,134722,66,46,80.5,51.3
4809,26,2,3,66.6,4411.0,2166.0,541,329272.0,455535,992678,134722,428,170,49.0,55.9
4810,26,2,4,37.4,3674.0,1876.0,202,404248.0,455535,992678,134722,158,272,22.9,29.1
4811,26,2,5,52.3,2229.0,942.0,164,442300.0,455535,992678,134722,128,76,3.1,50.8
4812,26,2,6,55.6,4465.0,2378.0,566,334591.0,455535,992678,134722,245,260,43.0,56.1
4813,26,3,1,45.9,106152.0,87810.0,12798,6253464.0,9576864,20313805,3443950,13296,10943,40.4,70.5
4814,26,3,2,61.2,80715.0,44595.0,10191,8400969.0,9576864,20313805,3443950,3228,7673,78.3,36.7
4815,26,3,3,78.1,44256.0,34835.0,10993,9140100.0,9576864,20313805,3443950,3356,3251,55.0,43.0
4816,26,3,4,87.7,37474.0,31892.0,5005,8632201.0,9576864,20313805,3443950,5555,2023,50.8,48.3
4817,26,3,5,54.8,92168.0,76757.0,13696,8777930.0,9576864,20313805,3443950,10215,10720,7.5,57.2
4818,26,3,6,78.3,58037.0,40873.0,9767,6301210.0,9576864,20313805,3443950,6760,4052,38.1,85.7
4819,26,4,1,60.9,203701.0,182357.0,18993,27139642.0,30848650,75051265,16793749,27361,20595,34.2,66.7
4820,26,4,2,78.7,303460.0,169257.0,47439,28021883.0,30848650,75051265,16793749,41081,23687,47.9,43.8
4821,26,4,3,65.0,165003.0,74169.0,24270,18829845.0,30848650,75051265,16793749,4602,2497,35.5,63.6
4822,26,4,4,45.1,260478.0,209174.0,23004,28949553.0,30848650,75051265,16793749,27903,18213,77.0,66.8
4823,26,4,5,66.4,93231.0,71260.0,13834,22803448.0,30848650,75051265,16793749,6993,7562,39.5,62.4
4824,26,4,6,35.5,176210.0,124859.0,34209,19292496.0,30848650,75051265,16793749,13703,12167,43.6,78.6
4825,26,5,1,60.8,73212.0,54257.0,13134,5447885.0,7340442,18324455,3011851,9688,9650,84.7,64.6
4826,26,5,2,59.0,23911.0,13294.0,3389,6308916.0,7340442,18324455,3011851,675,1958,65.8,63.6
4827,26,5,3,83.8,35739.0,30338.0,3669,4750694.0,7340442,18324455,3011851,3368,1986,83.5,59.7
4828,26,5,4,88.4,57601.0,37700.0,10961,4530165.0,7340442,18324455,3011851,8573,5070,42.6,56.3
4829,26,5,5,97.9,84491.0,54925.0,7015,6666921.0,7340442,18324455,3011851,6340,7194,35.1,74.8
4830,26,5,6,38.6,33518.0,27302.0,3294,5883959.0,7340442,18324455,3011851,3950,2194,51.9,47.8
4831,26,6,1,64.3,3175.0,1551.0,525,415240.0,426272,918796,130270,334,181,50.5,40.3
4832,26,6,2,57.1,2016.0,965.0,115,315881.0,426272,918796,130270,52,171,60.8,70.8
4833,26,6,3,79.4,4055.0,1921.0,375,293347.0,426272,918796,130270,206,184,32.9,65.2
4834,26,6,4,91.5,3330.0,1590.0,322,291174.0,426272,918796,130270,166,231,53.6,47.8
4835,26,6,5,44.9,1890.0,1471.0,162,263494.0,426272,918796,130270,169,178,35.5,83.4
4836,26,6,6,43.0,855.0,,79,351619.0,426272,918796,130270,39,71,48.6,49.0
4837,26,7,1,72.4,150474.0,76674.0,23549,14445820.0,20075432,43755821,8807894,6375,5056,26.7,19.6
4838,26,7,2,95.9,81853.0,70667.0,15552,12815801.0,20075432,43755821,8807894,12252,12407,45.5,55.2
4839,26,7,3,55.6,,85037.0,15689,17613972.0,20075432,43755821,8807894,18893,11998,44.2,71.3
4840,26,7,4,72.6,59818.0,32505.0,9353,17060915.0,20075432,43755821,8807894,7717,5672,39.0,52.1
4841,26,7,5,47.3,143999.0,112907.0,23263,13068151.0,20075432,43755821,8807894,12962,7559,41.9,93.7
4842,26,7,6,62.9,136977.0,85227.0,23429,14224350.0,20075432,43755821,8807894,18639,7624,43.1,46.3
4843,26,8,1,94.2,79943.0,60830.0,7705,4746375.0,7609913,16835145,3729779,7322,6615,24.0,48.9
4844,26,8,2,82.6,81116.0,47451.0,7482,6984226.0,7609913,16835145,3729779,3754,1508,,23.4
4845,26,8,3,97.7,26054.0,10920.0,2584,7295645.0,7609913,16835145,3729779,1994,1611,48.5,52.8
4846,26,8,4,46.5,32007.0,25740.0,4449,7342700.0,7609913,16835145,3729779,6423,3090,61.6,45.8
4847,26,8,5,96.0,46447.0,41044.0,8844,5483066.0,7609913,16835145,3729779,2438,3450,46.2,63.0
4848,26,8,6,91.7,72431.0,55723.0,8093,4781156.0,7609913,16835145,3729779,11988,4018,35.9,76.6
4849,26,9,1,75.8,20730.0,13288.0,1521,1381081.0,2006595,4146810,920457,1901,1785,11.9,69.5
4850,26,9,2,49.5,21621.0,11084.0,1558,1224349.0,2006595,4146810,920457,704,646,55.2,75.6
4851,26,9,3,69.3,20829.0,12244.0,1600,1226022.0,2006595,4146810,920457,798,1523,52.8,54.8
4852,26,9,4,72.0,16840.0,10558.0,3554,1764053.0,2006595,4146810,920457,832,964,66.4,43.9
4853,26,9,5,36.4,18812.0,16138.0,4537,1353457.0,2006595,4146810,920457,1955,1082,65.6,61.0
4854,26,9,6,95.1,7912.0,4570.0,1531,1299755.0,2006595,4146810,920457,388,268,53.7,30.8
4855,26,10,1,60.6,27834.0,13408.0,2979,9641226.0,10674479,21328593,3760829,1469,1437,76.7,60.2
4856,26,10,2,52.1,86266.0,54809.0,10111,10399071.0,10674479,21328593,3760829,7035,5776,51.9,79.5
4857,26,10,3,60.4,110773.0,64580.0,7102,8012114.0,10674479,21328593,3760829,10610,10966,57.6,27.0
4858,26,10,4,58.0,55917.0,34889.0,5766,8403995.0,10674479,21328593,3760829,3096,4479,24.9,67.4
4859,26,10,5,68.3,24678.0,15199.0,1743,7484537.0,10674479,21328593,3760829,1458,2379,36.1,83.2
4860,26,10,6,36.7,78088.0,37631.0,7589,8526434.0,10674479,21328593,3760829,2164,3635,70.0,100.0
4861,26,11,1,82.9,187230.0,86284.0,19842,15765040.0,20095092,38563316,8688230,18434,4784,55.9,61.9
4862,26,11,2,88.9,36002.0,17047.0,1863,15754607.0,20095092,38563316,8688230,2883,1566,76.4,39.6
4863,26,11,3,39.2,159944.0,82812.0,27462,18949615.0,20095092,38563316,8688230,13056,9157,44.5,41.5
4864,26,11,4,77.0,169838.0,104406.0,31816,15912580.0,20095092,38563316,8688230,6307,14874,63.8,62.0
4865,26,11,5,47.3,77840.0,53311.0,15017,18066493.0,20095092,38563316,8688230,5819,9487,54.2,43.1
4866,26,11,6,88.8,39156.0,32048.0,9538,14661593.0,20095092,38563316,8688230,3906,3871,62.8,66.9
4867,26,12,1,67.1,86813.0,75723.0,10369,7143232.0,9300584,20865153,4168734,9965,9553,58.0,74.1
4868,26,12,2,74.3,78338.0,52022.0,14929,5859066.0,9300584,20865153,4168734,3100,7787,24.6,68.7
4869,26,12,3,82.7,32676.0,14886.0,2438,5726670.0,9300584,20865153,4168734,2942,1096,57.0,71.5
4870,26,12,4,48.1,93520.0,67093.0,13511,6722189.0,9300584,20865153,4168734,8329,4355,37.7,55.7
4871,26,12,5,93.5,67332.0,52550.0,5544,6796019.0,9300584,20865153,4168734,5127,1934,60.6,100.0
4872,26,12,6,96.3,71052.0,50536.0,5114,8267092.0,9300584,20865153,4168734,6707,2992,44.0,13.7
4873,26,13,1,79.7,67794.0,,11684,17117301.0,23796108,51470864,10209889,3132,3466,49.6,36.5
4874,26,13,2,46.5,130681.0,95527.0,13666,17388227.0,23796108,51470864,10209889,13351,16627,46.8,64.1
4875,26,13,3,90.4,83593.0,68388.0,13119,17603136.0,23796108,51470864,10209889,10319,12135,55.7,61.9
4876,26,13,4,58.4,117248.0,89700.0,27345,17911740.0,23796108,51470864,10209889,20484,12166,75.8,65.4
4877,26,13,5,96.2,74467.0,58323.0,15020,21396123.0,23796108,51470864,10209889,13371,8078,47.5,95.4
4878,26,13,6,49.3,56788.0,23177.0,4291,19902780.0,23796108,51470864,10209889,3851,2675,79.6,40.0
4879,26,14,1,95.7,234724.0,171172.0,32789,26359921.0,33701860,73666429,16307555,36032,10594,20.0,70.9
4880,26,14,2,68.9,127616.0,95987.0,25598,31567437.0,33701860,73666429,16307555,-13587,12044,60.2,14.2
4881,26,14,3,93.1,147956.0,59855.0,7845,27275839.0,33701860,73666429,16307555,6521,4671,70.8,78.6
4882,26,14,4,66.2,260254.0,143874.0,38065,32136181.0,33701860,73666429,16307555,26160,14400,2.0,44.5
4883,26,14,5,92.0,120372.0,77972.0,25273,,33701860,73666429,16307555,9709,3980,51.8,51.4
4884,26,14,6,93.5,336889.0,276740.0,58878,,33701860,73666429,16307555,55686,18463,41.6,71.5
4885,26,15,1,83.5,2069.0,,301,719397.0,751309,1845581,399016,307,245,38.2,88.7
4886,26,15,2,55.7,1760.0,1480.0,255,478476.0,751309,1845581,399016,221,149,45.5,68.6
4887,26,15,3,55.6,8210.0,4685.0,679,497411.0,751309,1845581,399016,745,321,61.2,56.4
4888,26,15,4,91.4,8958.0,,949,672438.0,751309,1845581,399016,1071,517,24.0,82.9
4889,26,15,5,71.5,7398.0,4920.0,718,626659.0,751309,1845581,399016,850,384,32.3,34.0
4890,26,15,6,65.2,7083.0,4727.0,925,618850.0,751309,1845581,399016,836,617,64.6,72.0
4891,26,16,1,65.5,1714.0,1307.0,310,630294.0,861803,2025770,303604,307,154,63.4,94.9
4892,26,16,2,63.7,2279.0,1767.0,604,731887.0,861803,2025770,303604,299,244,69.8,35.7
4893,26,16,3,93.1,4335.0,2266.0,730,589868.0,861803,2025770,303604,386,191,70.9,65.2
4894,26,16,4,78.5,9515.0,8166.0,1547,534264.0,861803,2025770,303604,838,397,56.7,40.9
4895,26,16,5,45.9,5193.0,3596.0,1169,735670.0,861803,2025770,303604,560,228,37.1,70.8
4896,26,16,6,87.9,3481.0,1523.0,472,659143.0,861803,2025770,303604,330,224,14.5,53.2
4897,26,17,1,73.1,2110.0,1472.0,330,262416.0,293168,734362,157280,166,59,42.1,68.3
4898,26,17,2,55.7,,1569.0,446,185956.0,293168,734362,157280,199,279,42.5,46.6
4899,26,17,3,91.7,3023.0,1748.0,469,230006.0,293168,734362,157280,205,200,46.2,73.3
4900,26,17,4,61.0,3225.0,1760.0,228,189846.0,293168,734362,157280,403,99,55.2,45.5
4901,26,17,5,93.6,927.0,460.0,100,239086.0,293168,734362,157280,54,16,45.8,79.7
4902,26,17,6,66.1,2321.0,1196.0,185,283535.0,293168,734362,157280,74,141,58.2,45.2
4903,26,18,1,37.4,4157.0,3043.0,1023,331420.0,535513,1273163,176824,563,482,57.5,42.5
4904,26,18,2,62.4,4387.0,3188.0,415,,535513,1273163,176824,345,548,37.8,58.9
4905,26,18,3,76.4,1769.0,1474.0,190,491521.0,535513,1273163,176824,-266,188,62.9,52.1
4906,26,18,4,36.0,2043.0,1440.0,384,509506.0,535513,1273163,176824,288,204,36.8,37.4
4907,26,18,5,75.0,2118.0,1803.0,624,495069.0,535513,1273163,176824,271,109,39.0,100.0
4908,26,18,6,42.4,3929.0,3249.0,965,338791.0,535513,1273163,176824,552,158,53.4,49.9
4909,26,19,1,98.8,113694.0,60409.0,19876,7312422.0,11773552,29140813,6300690,5587,8796,50.2,54.6
4910,26,19,2,62.1,114291.0,56298.0,6380,,11773552,29140813,6300690,9249,6627,56.1,70.4
4911,26,19,3,63.2,47222.0,30458.0,10474,10619209.0,11773552,29140813,6300690,4022,1713,25.3,74.8
4912,26,19,4,75.3,64426.0,40785.0,14151,11500919.0,11773552,29140813,6300690,4770,6170,84.1,47.2
4913,26,19,5,86.4,127545.0,101560.0,11152,10449590.0,11773552,29140813,6300690,7360,17612,9.2,59.0
4914,26,19,6,42.8,66799.0,30112.0,10411,10645640.0,11773552,29140813,6300690,3859,3710,33.2,59.9
4915,26,20,1,67.1,77533.0,41340.0,13184,5547248.0,8532376,18475290,2425611,8249,4611,66.6,58.8
4916,26,20,2,63.2,61114.0,25120.0,6946,7344847.0,8532376,18475290,2425611,2540,2331,25.4,33.2
4917,26,20,3,57.3,60510.0,37256.0,11070,6515511.0,8532376,18475290,2425611,2452,1158,21.1,53.1
4918,26,20,4,81.9,43458.0,37318.0,11743,7845806.0,8532376,18475290,2425611,4670,1225,63.9,44.9
4919,26,20,5,61.9,64209.0,48420.0,5003,7441525.0,8532376,18475290,2425611,4328,3624,48.1,58.8
4920,26,20,6,89.3,71375.0,49351.0,13997,6582016.0,8532376,18475290,2425611,2966,7528,57.6,40.4
4921,26,21,1,56.1,143996.0,107539.0,25358,14823784.0,21756685,46797329,9837368,24034,17258,16.5,18.3
4922,26,21,2,68.0,119507.0,76591.0,18924,16497028.0,21756685,46797329,9837368,7614,2483,37.9,54.2
4923,26,21,3,84.2,168304.0,135612.0,22735,15642937.0,21756685,46797329,9837368,23891,13115,52.3,32.3
4924,26,21,4,83.4,119710.0,76698.0,20851,13896313.0,21756685,46797329,9837368,8327,3962,57.0,43.2
4925,26,21,5,45.7,46096.0,30332.0,9596,14137720.0,21756685,46797329,9837368,6096,4790,70.7,76.7
4926,26,21,6,41.7,187063.0,86166.0,10372,15620565.0,21756685,46797329,9837368,6173,7270,55.3,100.0
4927,26,22,1,45.4,2053.0,910.0,270,154590.0,179093,398503,85261,152,41,,43.2
4928,26,22,2,80.3,1541.0,627.0,141,129529.0,179093,398503,85261,97,55,68.5,22.0
4929,26,22,3,85.7,1763.0,859.0,174,113600.0,179093,398503,85261,98,89,29.6,16.4
4930,26,22,4,73.3,1877.0,980.0,295,115474.0,179093,398503,85261,104,71,84.9,67.6
4931,26,22,5,77.9,607.0,409.0,50,150903.0,179093,398503,85261,64,48,41.3,30.7
4932,26,22,6,36.8,1681.0,933.0,219,167860.0,179093,398503,85261,190,117,60.5,31.7
4933,26,23,1,89.3,145260.0,130361.0,42487,21984500.0,22808753,48433939,7391473,8166,13161,78.5,67.0
4934,26,23,2,81.5,215455.0,157158.0,28977,19380781.0,22808753,48433939,7391473,19722,20953,63.9,56.2
4935,26,23,3,92.0,82336.0,69860.0,16832,18832832.0,22808753,48433939,7391473,3726,2744,32.3,61.5
4936,26,23,4,53.9,230644.0,185908.0,42683,17370476.0,22808753,48433939,7391473,27305,9941,22.4,56.3
4937,26,23,5,94.0,85638.0,75632.0,12334,15728169.0,22808753,48433939,7391473,16188,5340,41.9,43.8
4938,26,23,6,74.8,106668.0,61329.0,20970,,22808753,48433939,7391473,6419,9809,57.3,59.4
4939,26,24,1,61.9,113065.0,60929.0,14188,7652650.0,9852953,23548028,3882875,6794,2630,50.7,99.6
4940,26,24,2,64.8,39294.0,25635.0,7892,7575615.0,9852953,23548028,3882875,3536,1450,54.1,62.7
4941,26,24,3,51.8,23816.0,21114.0,6599,8321495.0,9852953,23548028,3882875,2779,3578,21.0,39.3
4942,26,24,4,53.3,116808.0,68340.0,20595,9294988.0,9852953,23548028,3882875,13854,2255,62.7,35.7
4943,26,24,5,57.9,92102.0,73100.0,21988,6492839.0,9852953,23548028,3882875,17619,3692,34.0,43.9
4944,26,24,6,98.4,34834.0,17157.0,1908,6514418.0,9852953,23548028,3882875,3697,1183,49.3,28.3
4945,26,25,1,56.0,3696.0,3084.0,841,669812.0,1111006,2431102,478709,318,374,64.5,95.4
4946,26,25,2,95.7,5533.0,4585.0,493,954288.0,1111006,2431102,478709,567,185,29.8,55.5
4947,26,25,3,93.7,11104.0,8383.0,1417,966503.0,1111006,2431102,478709,1733,1180,41.6,33.9
4948,26,25,4,42.4,3549.0,2933.0,738,831400.0,1111006,2431102,478709,537,172,57.5,67.8
4949,26,25,5,96.9,10330.0,6053.0,718,773036.0,1111006,2431102,478709,1305,483,48.8,63.9
4950,26,25,6,58.4,3450.0,1830.0,416,,1111006,2431102,478709,326,254,30.9,64.4
4951,26,26,1,59.5,687138.0,418861.0,96432,40652066.0,61826635,144482147,18625368,74912,64626,21.0,50.9
4952,26,26,2,55.6,669654.0,597393.0,84470,53657756.0,61826635,144482147,18625368,91366,40344,24.9,67.6
4953,26,26,3,63.8,431306.0,323217.0,62798,50742817.0,61826635,144482147,18625368,76840,42156,73.8,58.9
4954,26,26,4,97.9,129438.0,62211.0,17728,44819729.0,61826635,144482147,18625368,11007,8807,27.2,55.3
4955,26,26,5,78.3,407802.0,301810.0,56575,60470122.0,61826635,144482147,18625368,19846,25153,48.9,77.3
4956,26,26,6,38.5,393051.0,301928.0,32104,48327101.0,61826635,144482147,18625368,42932,45046,31.7,59.5
4957,26,27,1,57.0,18041.0,13902.0,3988,3179865.0,4831660,11042700,2716943,733,2019,55.3,62.6
4958,26,27,2,71.6,20401.0,8720.0,2262,3070488.0,4831660,11042700,2716943,468,526,54.1,27.2
4959,26,27,3,86.9,52995.0,29665.0,10100,3367713.0,4831660,11042700,2716943,3493,5181,46.4,18.0
4960,26,27,4,48.8,47425.0,22294.0,3340,3884104.0,4831660,11042700,2716943,5244,2973,74.6,66.8
4961,26,27,5,91.2,22533.0,16366.0,4077,4630394.0,4831660,11042700,2716943,1562,2412,31.1,50.3
4962,26,27,6,84.5,15908.0,10058.0,2180,4113704.0,4831660,11042700,2716943,913,1603,69.4,25.7
4963,26,28,1,61.7,126733.0,87824.0,20302,19738137.0,26456801,62081390,11804927,15432,12489,32.3,58.7
4964,26,28,2,68.3,153879.0,62976.0,20647,18338032.0,26456801,62081390,11804927,13324,7325,33.6,39.8
4965,26,28,3,64.1,51452.0,29926.0,8073,22981042.0,26456801,62081390,11804927,4637,2002,33.7,53.6
4966,26,28,4,56.6,278656.0,131365.0,17762,,26456801,62081390,11804927,28234,15244,,38.3
4967,26,28,5,40.9,131255.0,81566.0,22254,17322031.0,26456801,62081390,11804927,11016,7070,65.0,51.6
4968,26,28,6,68.8,154555.0,75086.0,23387,16973640.0,26456801,62081390,11804927,3801,12240,59.0,44.4
4969,26,29,1,58.2,37707.0,31289.0,7202,7115295.0,8413530,19303982,3424335,4953,4662,12.1,2.5
4970,26,29,2,63.5,32661.0,20928.0,5494,7324788.0,8413530,19303982,3424335,3508,776,39.0,72.4
4971,26,29,3,73.5,40710.0,34930.0,9425,5907354.0,8413530,19303982,3424335,5609,4851,36.9,54.2
4972,26,29,4,50.5,41272.0,35103.0,4661,7444039.0,8413530,19303982,3424335,2349,6144,89.4,57.0
4973,26,29,5,82.1,21110.0,14045.0,3170,6667159.0,8413530,19303982,3424335,2586,2313,41.1,43.2
4974,26,29,6,80.2,33220.0,16052.0,5029,5516177.0,8413530,19303982,3424335,1915,1723,52.6,35.7
4975,26,30,1,85.4,13749.0,8599.0,1513,3873428.0,3999612,7890144,1510933,624,480,52.6,50.8
4976,26,30,2,53.2,30653.0,23674.0,4606,3860366.0,3999612,7890144,1510933,2530,2973,49.6,75.2
4977,26,30,3,58.9,38267.0,20480.0,6237,3849299.0,3999612,7890144,1510933,3750,1634,70.7,87.5
4978,26,30,4,55.0,13665.0,10171.0,1262,,3999612,7890144,1510933,2148,1216,,40.3
4979,26,30,5,77.2,12386.0,9881.0,2244,3489396.0,3999612,7890144,1510933,2230,1452,62.8,51.3
4980,26,30,6,38.5,38248.0,22287.0,4690,2447396.0,3999612,7890144,1510933,4102,2306,74.1,100.0
4981,26,31,1,59.2,402.0,329.0,50,54247.0,82189,179526,26019,55,37,47.3,30.8
4982,26,31,2,49.9,363.0,314.0,48,52134.0,82189,179526,26019,50,26,60.4,60.7
4983,26,31,3,66.0,498.0,204.0,26,75587.0,82189,179526,26019,29,22,46.2,65.0
4984,26,31,4,39.0,694.0,422.0,47,58174.0,82189,179526,26019,64,37,26.7,79.8
4985,26,31,5,79.5,263.0,135.0,39,72204.0,82189,179526,26019,21,20,52.4,50.9
4986,26,31,6,60.3,615.0,305.0,44,76027.0,82189,179526,26019,33,11,29.2,62.7
4987,26,32,1,90.4,3305.0,2405.0,271,334815.0,425189,835538,171587,446,191,32.8,71.1
4988,26,32,2,51.6,,2678.0,487,282819.0,425189,835538,171587,514,440,80.3,45.8
4989,26,32,3,55.2,3407.0,2552.0,408,351201.0,425189,835538,171587,390,125,59.0,48.4
4990,26,32,4,76.6,3168.0,1907.0,660,299741.0,425189,835538,171587,459,122,58.0,28.4
4991,26,32,5,76.0,792.0,661.0,69,362605.0,425189,835538,171587,49,75,46.2,54.5
4992,26,32,6,74.9,2118.0,1388.0,444,331993.0,425189,835538,171587,176,109,71.0,38.3
4993,27,1,1,87.9,117618.0,93428.0,14653,10664871.0,14290214,30063717,6901534,4941,4860,56.2,47.8
4994,27,1,2,96.8,120510.0,73558.0,13528,9736812.0,14290214,30063717,6901534,10514,6470,61.4,24.8
4995,27,1,3,64.7,136719.0,94719.0,16307,9095563.0,14290214,30063717,6901534,17001,12850,48.8,47.5
4996,27,1,4,42.8,87153.0,37343.0,7203,11653065.0,14290214,30063717,6901534,4661,6463,43.7,84.0
4997,27,1,5,62.6,146265.0,73626.0,8699,9001086.0,14290214,30063717,6901534,10924,5076,33.2,44.1
4998,27,1,6,58.0,66206.0,39620.0,8411,9726024.0,14290214,30063717,6901534,9128,2238,64.0,61.3
4999,27,2,1,69.3,1211.0,982.0,175,366234.0,458179,880094,200451,177,126,47.0,64.1
5000,27,2,2,75.6,2336.0,1251.0,352,405091.0,458179,880094,200451,198,110,48.2,64.9
5001,27,2,3,81.0,2134.0,959.0,286,340563.0,458179,880094,200451,98,166,52.0,74.7
5002,27,2,4,96.7,1010.0,548.0,106,347716.0,458179,880094,200451,40,50,27.5,65.1
5003,27,2,5,60.1,2787.0,1291.0,393,447807.0,458179,880094,200451,264,185,20.3,56.6
5004,27,2,6,66.0,1775.0,1388.0,278,420818.0,458179,880094,200451,323,234,44.6,57.0
5005,27,3,1,56.8,72618.0,59678.0,14021,6903423.0,10079105,21400581,4745043,4123,1815,38.7,63.3
5006,27,3,2,62.2,34918.0,24072.0,6990,8643934.0,10079105,21400581,4745043,3239,1301,14.6,41.9
5007,27,3,3,89.5,91666.0,76696.0,14258,,10079105,21400581,4745043,5515,5596,49.4,33.9
5008,27,3,4,86.3,18113.0,7476.0,995,7123697.0,10079105,21400581,4745043,1469,779,55.6,26.5
5009,27,3,5,87.9,104124.0,91749.0,25017,9483477.0,10079105,21400581,4745043,16774,3138,33.2,78.8
5010,27,3,6,67.7,49490.0,37547.0,4022,6374346.0,10079105,21400581,4745043,4005,5515,41.9,40.3
5011,27,4,1,73.0,290706.0,211640.0,26076,24089027.0,37003007,72105439,16993309,31418,26275,81.3,50.8
5012,27,4,2,36.8,112078.0,73603.0,7699,23600587.0,37003007,72105439,16993309,11193,12160,47.5,76.0
5013,27,4,3,59.8,271229.0,216552.0,37682,22483395.0,37003007,72105439,16993309,52351,25501,49.4,34.7
5014,27,4,4,76.9,155808.0,127675.0,24951,24764839.0,37003007,72105439,16993309,20721,16763,26.8,68.3
5015,27,4,5,39.1,288265.0,137508.0,18553,23116702.0,37003007,72105439,16993309,7690,13178,56.6,37.4
5016,27,4,6,75.4,292591.0,141872.0,18273,28252606.0,37003007,72105439,16993309,22223,9644,54.4,99.8
5017,27,5,1,88.7,58146.0,48863.0,11561,5589726.0,8038863,17639019,3393776,10696,2146,57.9,62.8
5018,27,5,2,81.5,39310.0,26765.0,7854,7232724.0,8038863,17639019,3393776,1988,3105,31.4,53.9
5019,27,5,3,78.5,49199.0,33948.0,6627,7322322.0,8038863,17639019,3393776,7512,1273,32.6,38.5
5020,27,5,4,83.7,69633.0,34687.0,6576,7567268.0,8038863,17639019,3393776,1837,1656,49.3,33.8
5021,27,5,5,45.4,47624.0,28420.0,7410,7868788.0,8038863,17639019,3393776,2637,4170,59.1,71.4
5022,27,5,6,66.0,17344.0,8669.0,3012,6748892.0,8038863,17639019,3393776,781,795,55.3,57.2
5023,27,6,1,92.5,4328.0,3385.0,503,240777.0,401143,936610,207694,642,567,42.3,39.2
5024,27,6,2,85.6,4666.0,2303.0,387,315430.0,401143,936610,207694,374,251,50.8,97.8
5025,27,6,3,54.7,1878.0,1032.0,217,284905.0,401143,936610,207694,194,78,29.2,36.7
5026,27,6,4,70.5,1330.0,992.0,188,277805.0,401143,936610,207694,197,131,67.6,75.0
5027,27,6,5,81.2,1570.0,1324.0,211,337095.0,401143,936610,207694,184,198,41.1,89.3
5028,27,6,6,60.2,4163.0,2244.0,446,285454.0,401143,936610,207694,507,169,52.4,55.9
5029,27,7,1,44.3,41793.0,,6345,15294146.0,19689015,42267638,8280594,2584,975,57.1,70.8
5030,27,7,2,89.8,45283.0,20644.0,5676,17568649.0,19689015,42267638,8280594,5096,2233,35.6,54.0
5031,27,7,3,84.8,192940.0,114781.0,37958,14783440.0,19689015,42267638,8280594,15759,8844,,72.1
5032,27,7,4,84.3,175674.0,117624.0,35436,13472525.0,19689015,42267638,8280594,15246,10237,78.9,60.6
5033,27,7,5,39.2,90613.0,56379.0,5861,15265720.0,19689015,42267638,8280594,8496,2628,20.2,43.8
5034,27,7,6,45.1,42214.0,36739.0,11725,14442061.0,19689015,42267638,8280594,7114,4006,37.7,31.3
5035,27,8,1,111.0,55363.0,27499.0,3819,4846721.0,7385043,15935158,3382258,2971,1182,59.1,32.1
5036,27,8,2,70.4,,29618.0,7817,5250759.0,7385043,15935158,3382258,6204,2966,49.4,35.0
5037,27,8,3,55.2,45447.0,21786.0,4527,5681839.0,7385043,15935158,3382258,2223,3245,61.8,42.2
5038,27,8,4,44.2,26928.0,23384.0,5439,5990852.0,7385043,15935158,3382258,5059,1704,31.4,41.1
5039,27,8,5,92.1,72720.0,38068.0,8525,5437810.0,7385043,15935158,3382258,6728,3114,69.1,28.7
5040,27,8,6,78.5,50616.0,23149.0,7917,6253711.0,7385043,15935158,3382258,5135,3492,30.0,58.0
5041,27,9,1,62.8,11824.0,7486.0,1091,1370824.0,1967382,4336449,878928,759,597,70.3,71.7
5042,27,9,2,36.1,13881.0,8488.0,2304,1691247.0,1967382,4336449,878928,1471,1246,59.4,44.3
5043,27,9,3,72.8,20744.0,15578.0,1698,1368698.0,1967382,4336449,878928,1825,877,19.4,45.7
5044,27,9,4,63.6,19970.0,9584.0,3001,1365140.0,1967382,4336449,878928,2217,433,29.5,68.5
5045,27,9,5,62.3,9783.0,6543.0,1336,1284861.0,1967382,4336449,878928,1302,234,42.1,64.5
5046,27,9,6,75.6,18255.0,15646.0,1918,1255860.0,1967382,4336449,878928,3798,1828,53.1,72.0
5047,27,10,1,61.7,101615.0,75397.0,8738,9195663.0,10553926,22752840,4892678,13034,2356,64.9,35.7
5048,27,10,2,77.3,34109.0,13809.0,4082,9361824.0,10553926,22752840,4892678,3008,2228,72.1,32.1
5049,27,10,3,59.6,62856.0,29511.0,7693,8488994.0,10553926,22752840,4892678,2290,4180,45.6,52.8
5050,27,10,4,86.5,69611.0,37038.0,7077,10014670.0,10553926,22752840,4892678,1875,5505,69.3,62.8
5051,27,10,5,94.2,104194.0,88207.0,11527,9897054.0,10553926,22752840,4892678,4767,14324,29.3,46.6
5052,27,10,6,74.7,48893.0,25661.0,4562,9623304.0,10553926,22752840,4892678,2554,2123,56.7,19.2
5053,27,11,1,64.1,39545.0,24086.0,4985,14439960.0,19947575,42305708,5833835,2483,1108,60.1,50.1
5054,27,11,2,45.1,103745.0,66600.0,11369,17231729.0,19947575,42305708,5833835,8963,10852,29.6,61.7
5055,27,11,3,80.9,,35840.0,6882,17853224.0,19947575,42305708,5833835,4938,3687,51.9,72.0
5056,27,11,4,58.1,132336.0,115797.0,35694,14509317.0,19947575,42305708,5833835,6423,16372,61.5,1.5
5057,27,11,5,94.5,95831.0,40382.0,6070,18769273.0,19947575,42305708,5833835,7089,4172,50.9,55.4
5058,27,11,6,66.7,150732.0,111888.0,19475,17256643.0,19947575,42305708,5833835,21256,13151,82.5,12.7
5059,27,12,1,56.8,69391.0,56424.0,7698,8584335.0,9496176,21352434,4567059,9873,10082,64.8,63.3
5060,27,12,2,61.9,65859.0,46611.0,15322,6530686.0,9496176,21352434,4567059,10815,8235,76.8,54.8
5061,27,12,3,47.3,91271.0,49265.0,11337,7837057.0,9496176,21352434,4567059,8164,7702,28.4,84.5
5062,27,12,4,61.9,19628.0,9296.0,1647,7794179.0,9496176,21352434,4567059,2210,1539,29.5,31.2
5063,27,12,5,39.9,86023.0,59204.0,17943,6789802.0,9496176,21352434,4567059,12377,3466,26.7,63.0
5064,27,12,6,56.3,35287.0,28403.0,8463,7261673.0,9496176,21352434,4567059,2859,1491,26.8,54.2
5065,27,13,1,97.6,119955.0,94663.0,18411,17030397.0,23424723,47259758,7363706,15396,4657,58.9,70.4
5066,27,13,2,59.6,103419.0,53114.0,14429,19164646.0,23424723,47259758,7363706,8315,3675,51.0,58.3
5067,27,13,3,90.7,182395.0,123282.0,30540,19233080.0,23424723,47259758,7363706,24389,21271,65.6,51.7
5068,27,13,4,89.2,177803.0,107509.0,31719,16939040.0,23424723,47259758,7363706,8368,7860,56.1,77.9
5069,27,13,5,76.7,175219.0,127897.0,30288,15809370.0,23424723,47259758,7363706,10642,5549,24.1,45.2
5070,27,13,6,36.4,250275.0,210633.0,32658,22826339.0,23424723,47259758,7363706,48600,14602,41.3,53.6
5071,27,14,1,79.8,,200309.0,33369,30329175.0,31136039,77426114,11927673,20481,17067,50.4,42.7
5072,27,14,2,78.1,202301.0,113896.0,20767,30386812.0,31136039,77426114,11927673,7365,7842,18.5,75.1
5073,27,14,3,54.9,188527.0,153202.0,30182,18961821.0,31136039,77426114,11927673,12629,22946,66.2,45.9
5074,27,14,4,79.6,340183.0,196462.0,53807,26147454.0,31136039,77426114,11927673,35768,35136,22.6,32.9
5075,27,14,5,72.2,346100.0,295272.0,30410,26173767.0,31136039,77426114,11927673,15247,22595,,62.2
5076,27,14,6,94.0,123283.0,89685.0,31207,28258953.0,31136039,77426114,11927673,14835,6603,67.9,90.4
5077,27,15,1,61.9,2347.0,1890.0,370,752269.0,795817,1921194,403522,407,71,70.9,62.5
5078,27,15,2,35.2,4598.0,3725.0,944,490181.0,795817,1921194,403522,522,329,31.1,75.7
5079,27,15,3,68.9,4384.0,2334.0,424,492306.0,795817,1921194,403522,570,406,50.1,24.7
5080,27,15,4,58.4,8265.0,6936.0,2240,536291.0,795817,1921194,403522,1573,363,53.2,8.7
5081,27,15,5,37.1,6564.0,3219.0,509,614014.0,795817,1921194,403522,353,245,70.4,79.4
5082,27,15,6,36.6,5119.0,,848,709298.0,795817,1921194,403522,260,189,59.3,63.5
5083,27,16,1,37.7,3150.0,1676.0,179,561579.0,836985,1927193,467357,279,134,66.0,24.9
5084,27,16,2,48.8,5682.0,2803.0,675,778289.0,836985,1927193,467357,491,412,23.4,9.0
5085,27,16,3,62.8,3257.0,1586.0,371,719745.0,836985,1927193,467357,206,204,42.6,63.8
5086,27,16,4,55.1,9948.0,8520.0,1444,667744.0,836985,1927193,467357,1063,823,41.8,38.3
5087,27,16,5,95.5,9861.0,4110.0,784,783152.0,836985,1927193,467357,618,299,86.3,77.1
5088,27,16,6,55.2,6264.0,4371.0,1065,,836985,1927193,467357,606,321,62.9,56.5
5089,27,17,1,55.8,1345.0,972.0,267,316087.0,337188,733593,113074,185,72,4.6,45.5
5090,27,17,2,38.1,1431.0,1223.0,188,229912.0,337188,733593,113074,200,215,42.1,31.9
5091,27,17,3,59.1,3222.0,2104.0,602,323419.0,337188,733593,113074,215,206,21.9,53.3
5092,27,17,4,65.5,665.0,510.0,75,305609.0,337188,733593,113074,37,85,28.3,64.3
5093,27,17,5,44.6,761.0,632.0,206,252510.0,337188,733593,113074,147,56,34.8,22.7
5094,27,17,6,98.1,2408.0,1384.0,348,296202.0,337188,733593,113074,282,64,68.6,53.8
5095,27,18,1,52.8,1673.0,,260,358476.0,562442,1259791,261093,197,139,56.4,77.2
5096,27,18,2,45.8,5289.0,2303.0,588,523579.0,562442,1259791,261093,347,158,77.8,44.4
5097,27,18,3,62.4,1744.0,1143.0,359,446983.0,562442,1259791,261093,236,60,78.1,82.0
5098,27,18,4,63.3,1662.0,1308.0,323,488982.0,562442,1259791,261093,282,53,64.3,65.1
5099,27,18,5,54.3,1123.0,608.0,169,343986.0,562442,1259791,261093,112,56,41.4,87.1
5100,27,18,6,49.8,5067.0,3240.0,921,493962.0,562442,1259791,261093,194,191,28.6,31.1
5101,27,19,1,44.2,69414.0,49019.0,16523,10668113.0,12549458,28138890,3805040,10671,8188,64.7,59.4
5102,27,19,2,93.8,86514.0,59023.0,16279,9363944.0,12549458,28138890,3805040,5522,3191,72.1,54.3
5103,27,19,3,90.7,128697.0,75510.0,20034,10193313.0,12549458,28138890,3805040,4018,8805,47.3,50.7
5104,27,19,4,64.5,56496.0,43424.0,7463,9231443.0,12549458,28138890,3805040,7191,4283,56.4,60.3
5105,27,19,5,90.0,32487.0,20672.0,6498,11687201.0,12549458,28138890,3805040,4365,712,53.8,43.2
5106,27,19,6,95.7,110815.0,49648.0,10440,7784517.0,12549458,28138890,3805040,3360,4111,52.7,40.7
5107,27,20,1,88.7,83641.0,56298.0,7831,6171363.0,7610055,18237582,3482307,9293,7693,31.2,45.5
5108,27,20,2,60.0,29826.0,21542.0,6840,5755100.0,7610055,18237582,3482307,1381,2492,37.9,61.8
5109,27,20,3,90.5,22919.0,20368.0,2104,4690604.0,7610055,18237582,3482307,4335,1085,19.5,64.6
5110,27,20,4,86.2,65664.0,31065.0,6109,6184365.0,7610055,18237582,3482307,4770,1941,29.8,58.2
5111,27,20,5,55.8,86966.0,39837.0,7302,7090617.0,7610055,18237582,3482307,7777,5353,56.1,74.4
5112,27,20,6,59.6,32085.0,17677.0,4938,7036618.0,7610055,18237582,3482307,4054,2437,64.8,55.4
5113,27,21,1,67.3,174654.0,115947.0,39917,15506180.0,21115048,46302432,9245764,21497,9971,69.8,57.0
5114,27,21,2,116.1,95513.0,47021.0,13584,13033280.0,21115048,46302432,9245764,11162,8258,13.7,41.5
5115,27,21,3,97.4,77372.0,64350.0,10875,17372776.0,21115048,46302432,9245764,9983,7650,66.7,51.3
5116,27,21,4,39.3,75530.0,42681.0,6438,15780892.0,21115048,46302432,9245764,8655,6156,18.4,64.2
5117,27,21,5,75.7,195121.0,114513.0,21625,13416320.0,21115048,46302432,9245764,13035,19924,50.3,49.3
5118,27,21,6,93.8,55309.0,22998.0,6960,18543541.0,21115048,46302432,9245764,1868,1713,60.4,49.5
5119,27,22,1,74.5,2000.0,,489,132887.0,192110,434101,71802,252,241,40.4,55.5
5120,27,22,2,53.6,1216.0,1005.0,171,127184.0,192110,434101,71802,107,130,42.9,62.4
5121,27,22,3,78.9,1092.0,980.0,226,,192110,434101,71802,120,145,47.8,37.5
5122,27,22,4,85.6,1301.0,802.0,215,172291.0,192110,434101,71802,189,114,52.8,68.7
5123,27,22,5,49.4,1587.0,1330.0,179,116813.0,192110,434101,71802,278,168,45.5,71.6
5124,27,22,6,43.5,1140.0,986.0,164,,192110,434101,71802,101,125,31.7,56.8
5125,27,23,1,44.9,68969.0,48176.0,9012,14545016.0,21872555,45108659,7391477,11614,5102,31.8,54.4
5126,27,23,2,96.7,195923.0,164151.0,27041,18345476.0,21872555,45108659,7391477,34750,13830,55.1,76.6
5127,27,23,3,72.3,147854.0,72553.0,18616,17079077.0,21872555,45108659,7391477,13960,5519,49.5,82.4
5128,27,23,4,84.8,107033.0,57208.0,7390,19298357.0,21872555,45108659,7391477,12988,7233,38.2,62.0
5129,27,23,5,80.3,110206.0,90737.0,30459,15896001.0,21872555,45108659,7391477,8235,4774,36.2,61.4
5130,27,23,6,94.7,196546.0,141553.0,19498,21325301.0,21872555,45108659,7391477,30721,25067,69.8,47.2
5131,27,24,1,35.6,90692.0,70162.0,10985,6625532.0,9794678,24225039,4869743,17468,5445,31.2,74.4
5132,27,24,2,71.8,43815.0,22951.0,5964,5890232.0,9794678,24225039,4869743,3024,2390,80.2,58.4
5133,27,24,3,62.5,56716.0,44060.0,9724,8959595.0,9794678,24225039,4869743,10643,7105,46.3,6.9
5134,27,24,4,61.5,85470.0,42065.0,12276,8288788.0,9794678,24225039,4869743,5823,7167,55.7,17.2
5135,27,24,5,61.4,84069.0,60646.0,18349,6829012.0,9794678,24225039,4869743,15067,4042,35.3,44.1
5136,27,24,6,90.5,55583.0,22859.0,4218,8588373.0,9794678,24225039,4869743,4570,3186,55.1,37.5
5137,27,25,1,72.7,11628.0,6197.0,1403,841513.0,1217426,2419776,492012,1517,550,53.5,50.0
5138,27,25,2,73.4,10781.0,5081.0,945,1048148.0,1217426,2419776,492012,320,760,72.5,31.8
5139,27,25,3,49.9,7763.0,4705.0,1619,1149467.0,1217426,2419776,492012,513,308,52.2,82.1
5140,27,25,4,67.2,9463.0,3916.0,1277,1089435.0,1217426,2419776,492012,489,139,65.6,80.4
5141,27,25,5,98.1,6661.0,3378.0,963,1060105.0,1217426,2419776,492012,393,565,27.2,61.2
5142,27,25,6,38.0,2353.0,1784.0,537,864688.0,1217426,2419776,492012,208,275,79.5,1.4
5143,27,26,1,91.5,119029.0,86248.0,27748,62410233.0,64412286,133792272,20906817,7295,12311,24.3,40.2
5144,27,26,2,43.5,693723.0,327991.0,96077,38885695.0,64412286,133792272,20906817,68005,48054,53.1,62.6
5145,27,26,3,87.5,649060.0,291982.0,62678,54287257.0,64412286,133792272,20906817,68417,10502,69.2,68.1
5146,27,26,4,39.6,507776.0,400776.0,101426,43968974.0,64412286,133792272,20906817,27488,32476,44.1,71.8
5147,27,26,5,51.6,242707.0,112363.0,23451,49259492.0,64412286,133792272,20906817,26978,6433,34.8,31.4
5148,27,26,6,94.2,185857.0,117100.0,40228,44613135.0,64412286,133792272,20906817,20251,16992,71.0,71.1
5149,27,27,1,52.0,18363.0,14382.0,3189,4626087.0,5857240,12566612,2514833,1358,572,16.0,55.4
5150,27,27,2,82.3,,25588.0,4567,3625393.0,5857240,12566612,2514833,4628,1464,51.7,30.3
5151,27,27,3,71.5,38636.0,32657.0,9379,4380111.0,5857240,12566612,2514833,6751,1238,29.2,51.9
5152,27,27,4,71.4,38150.0,17373.0,5737,4117786.0,5857240,12566612,2514833,2626,2821,81.0,80.5
5153,27,27,5,55.9,16775.0,14196.0,2884,4928819.0,5857240,12566612,2514833,2304,2010,,37.0
5154,27,27,6,76.6,13028.0,11501.0,1390,4231003.0,5857240,12566612,2514833,2112,759,66.4,75.3
5155,27,28,1,46.9,100351.0,89623.0,10219,15162068.0,24401592,60873695,8084562,8797,13136,68.0,40.5
5156,27,28,2,90.9,226003.0,116916.0,28817,17445112.0,24401592,60873695,8084562,24087,6140,39.5,56.3
5157,27,28,3,73.0,186984.0,121464.0,23092,21774681.0,24401592,60873695,8084562,21545,13212,35.8,33.4
5158,27,28,4,37.4,56868.0,41108.0,5342,20133319.0,24401592,60873695,8084562,3022,3247,32.9,35.7
5159,27,28,5,80.9,102439.0,58529.0,17322,20451814.0,24401592,60873695,8084562,5553,4043,,77.2
5160,27,28,6,52.0,261559.0,127704.0,33081,18038073.0,24401592,60873695,8084562,8512,10177,50.4,77.0
5161,27,29,1,58.7,71445.0,57475.0,19886,5566434.0,8436565,18703804,4035649,9249,2895,67.5,47.1
5162,27,29,2,95.1,54459.0,24098.0,4335,8000348.0,8436565,18703804,4035649,3578,4250,26.7,39.8
5163,27,29,3,54.7,73950.0,30960.0,8944,8184681.0,8436565,18703804,4035649,3644,1820,39.6,63.8
5164,27,29,4,39.8,45753.0,38783.0,13473,5233417.0,8436565,18703804,4035649,6239,3959,40.7,69.5
5165,27,29,5,84.9,61016.0,25769.0,6732,5780156.0,8436565,18703804,4035649,4327,1242,72.8,67.9
5166,27,29,6,37.6,62222.0,45423.0,9370,8231587.0,8436565,18703804,4035649,4796,7455,75.2,25.8
5167,27,30,1,48.1,21057.0,9821.0,2025,2484693.0,3391365,8181843,1452895,729,619,81.4,57.4
5168,27,30,2,61.5,25935.0,19381.0,3978,2699286.0,3391365,8181843,1452895,2929,3110,,43.4
5169,27,30,3,69.5,24344.0,18725.0,5595,2932840.0,3391365,8181843,1452895,4656,1766,17.8,62.5
5170,27,30,4,45.2,23677.0,19177.0,2029,,3391365,8181843,1452895,1604,1980,69.8,73.8
5171,27,30,5,76.6,,5779.0,1186,2496209.0,3391365,8181843,1452895,1168,800,38.9,81.7
5172,27,30,6,38.3,10524.0,5760.0,1452,2453572.0,3391365,8181843,1452895,710,1012,34.9,45.4
5173,27,31,1,84.8,515.0,430.0,143,69496.0,85817,181074,38088,84,61,55.4,24.8
5174,27,31,2,96.5,805.0,612.0,87,54809.0,85817,181074,38088,81,88,77.1,38.2
5175,27,31,3,64.3,692.0,576.0,129,74110.0,85817,181074,38088,112,35,57.9,51.4
5176,27,31,4,40.2,604.0,457.0,61,59281.0,85817,181074,38088,89,73,44.5,49.9
5177,27,31,5,48.8,242.0,192.0,66,68145.0,85817,181074,38088,21,10,51.7,43.6
5178,27,31,6,54.5,347.0,163.0,30,54413.0,85817,181074,38088,27,23,35.6,0.0
5179,27,32,1,38.8,3435.0,1852.0,424,323581.0,443017,879971,175241,368,198,72.4,47.5
5180,27,32,2,40.0,3781.0,2013.0,606,394737.0,443017,879971,175241,141,83,26.5,70.9
5181,27,32,3,43.8,2121.0,878.0,298,418151.0,443017,879971,175241,112,75,18.8,87.6
5182,27,32,4,89.4,2264.0,1215.0,334,401925.0,443017,879971,175241,94,71,56.9,35.1
5183,27,32,5,95.2,2005.0,1191.0,124,416740.0,443017,879971,175241,75,163,35.4,34.1
5184,27,32,6,101.4,3969.0,2126.0,662,402767.0,443017,879971,175241,186,252,84.3,74.3
5185,28,1,1,80.9,59915.0,53840.0,15173,12623430.0,13519124,32004081,4348551,5284,1879,80.3,51.1
5186,28,1,2,48.1,62725.0,43871.0,5848,12778456.0,13519124,32004081,4348551,8354,2167,65.4,56.9
5187,28,1,3,72.5,62525.0,55939.0,12941,12619037.0,13519124,32004081,4348551,9855,9532,34.9,31.3
5188,28,1,4,72.3,72455.0,31011.0,8280,11269454.0,13519124,32004081,4348551,1580,2721,64.9,92.4
5189,28,1,5,48.1,158203.0,131034.0,43078,8864335.0,13519124,32004081,4348551,26808,16433,43.5,46.0
5190,28,1,6,63.6,71883.0,37419.0,7348,10646215.0,13519124,32004081,4348551,7629,4311,46.4,47.5
5191,28,2,1,131.1,1160.0,814.0,199,366484.0,462144,927473,157012,64,64,27.2,45.9
5192,28,2,2,82.0,901.0,382.0,80,294838.0,462144,927473,157012,81,48,56.5,83.2
5193,28,2,3,94.9,1591.0,716.0,87,422490.0,462144,927473,157012,39,50,61.9,45.8
5194,28,2,4,80.6,3601.0,2272.0,697,360696.0,462144,927473,157012,170,284,22.7,52.8
5195,28,2,5,90.6,3762.0,1625.0,200,423901.0,462144,927473,157012,223,218,38.1,43.1
5196,28,2,6,80.4,2490.0,2031.0,273,312310.0,462144,927473,157012,368,339,50.8,56.1
5197,28,3,1,40.9,96376.0,56823.0,11296,6633746.0,10469226,19814414,3697133,6843,4183,29.4,54.5
5198,28,3,2,74.8,45355.0,29587.0,10326,,10469226,19814414,3697133,4224,4895,66.8,43.6
5199,28,3,3,52.2,20807.0,12754.0,3003,9256803.0,10469226,19814414,3697133,1162,560,54.0,19.9
5200,28,3,4,72.1,63818.0,55206.0,17675,9763515.0,10469226,19814414,3697133,7548,2239,54.5,18.8
5201,28,3,5,69.2,49984.0,23902.0,2588,6733761.0,10469226,19814414,3697133,4197,1753,33.3,49.3
5202,28,3,6,64.5,53987.0,46371.0,10539,6427262.0,10469226,19814414,3697133,3720,2899,93.5,83.0
5203,28,4,1,74.2,264993.0,,21341,32450181.0,34394795,78235565,15796365,26844,24453,49.4,27.2
5204,28,4,2,96.0,242150.0,174676.0,39784,27278755.0,34394795,78235565,15796365,31192,20267,43.4,31.9
5205,28,4,3,47.6,322753.0,207435.0,42047,,34394795,78235565,15796365,13536,35329,44.0,74.8
5206,28,4,4,39.4,124127.0,94508.0,15736,25743505.0,34394795,78235565,15796365,15235,16053,61.1,46.9
5207,28,4,5,98.7,278788.0,219614.0,49273,24081705.0,34394795,78235565,15796365,42552,35408,32.1,88.0
5208,28,4,6,60.3,370908.0,310789.0,58399,20804693.0,34394795,78235565,15796365,72739,44673,25.0,73.8
5209,28,5,1,82.2,72830.0,32002.0,4380,6169983.0,8723302,17598861,4103313,1664,1215,29.4,85.9
5210,28,5,2,85.2,56231.0,24523.0,3203,6338633.0,8723302,17598861,4103313,4924,907,45.0,54.2
5211,28,5,3,50.9,50425.0,23733.0,6427,7608115.0,8723302,17598861,4103313,1200,3957,54.2,60.7
5212,28,5,4,88.6,85855.0,51544.0,16910,7504657.0,8723302,17598861,4103313,9550,9061,47.6,64.3
5213,28,5,5,54.0,29487.0,12781.0,3550,6809396.0,8723302,17598861,4103313,954,1304,54.2,54.3
5214,28,5,6,53.2,63553.0,26437.0,3255,6301724.0,8723302,17598861,4103313,5975,2181,92.8,72.9
5215,28,6,1,80.8,2368.0,1423.0,189,370971.0,390180,884494,217332,349,188,48.4,25.8
5216,28,6,2,52.3,2821.0,2159.0,548,276557.0,390180,884494,217332,510,159,73.0,52.0
5217,28,6,3,79.5,1636.0,1209.0,376,381160.0,390180,884494,217332,237,57,50.2,42.6
5218,28,6,4,93.5,1465.0,1294.0,384,299270.0,390180,884494,217332,216,219,42.0,58.8
5219,28,6,5,88.2,3561.0,2973.0,616,346041.0,390180,884494,217332,628,228,53.0,49.3
5220,28,6,6,69.2,939.0,519.0,112,355789.0,390180,884494,217332,63,51,58.6,29.1
5221,28,7,1,78.9,137031.0,84673.0,9894,17399645.0,19340510,39012043,9196549,6119,7014,60.4,100.0
5222,28,7,2,71.6,168527.0,87504.0,16672,16841093.0,19340510,39012043,9196549,7253,7204,65.2,30.7
5223,28,7,3,54.1,175505.0,76261.0,12197,15677416.0,19340510,39012043,9196549,6189,10125,35.5,68.8
5224,28,7,4,78.1,43073.0,32596.0,7560,15459340.0,19340510,39012043,9196549,4794,5495,60.5,47.8
5225,28,7,5,81.4,204349.0,106038.0,35798,15980416.0,19340510,39012043,9196549,11272,13106,57.6,63.3
5226,28,7,6,55.6,153880.0,97712.0,18696,16920122.0,19340510,39012043,9196549,9250,8649,34.3,48.7
5227,28,8,1,80.2,25316.0,21252.0,7006,5781234.0,8633666,15958008,3154773,1683,3339,69.8,42.8
5228,28,8,2,98.5,37636.0,28640.0,6036,6870365.0,8633666,15958008,3154773,2803,1723,24.2,46.9
5229,28,8,3,74.9,14996.0,9355.0,3234,8332093.0,8633666,15958008,3154773,1692,875,59.3,63.8
5230,28,8,4,51.9,34281.0,30814.0,9102,7527210.0,8633666,15958008,3154773,6298,4075,36.9,7.3
5231,28,8,5,72.4,50521.0,20924.0,3953,7953691.0,8633666,15958008,3154773,4337,1724,86.0,41.6
5232,28,8,6,59.2,43067.0,36471.0,6832,5961030.0,8633666,15958008,3154773,2916,3896,51.5,51.3
5233,28,9,1,36.0,7356.0,4373.0,532,1535082.0,2161976,4542469,772082,897,522,71.5,61.7
5234,28,9,2,80.8,,7219.0,2281,1747185.0,2161976,4542469,772082,1035,701,42.1,58.9
5235,28,9,3,71.0,13862.0,6199.0,912,2109679.0,2161976,4542469,772082,780,695,66.8,50.7
5236,28,9,4,55.1,16921.0,11994.0,3123,1397807.0,2161976,4542469,772082,1276,1882,37.9,62.1
5237,28,9,5,77.0,8458.0,3899.0,754,1378647.0,2161976,4542469,772082,913,469,70.2,58.7
5238,28,9,6,78.2,14863.0,9050.0,1930,1950359.0,2161976,4542469,772082,1612,1118,59.6,28.7
5239,28,10,1,37.5,65866.0,43683.0,11324,7357147.0,9985560,23829877,5282350,4442,4570,51.9,48.0
5240,28,10,2,57.3,65751.0,34829.0,8856,9509163.0,9985560,23829877,5282350,7869,2896,49.1,18.3
5241,28,10,3,94.7,100545.0,65958.0,16082,8604458.0,9985560,23829877,5282350,4808,5714,68.3,78.8
5242,28,10,4,49.4,57079.0,51056.0,7919,6926372.0,9985560,23829877,5282350,11214,4450,31.7,91.0
5243,28,10,5,39.8,90497.0,73202.0,9997,8124529.0,9985560,23829877,5282350,8398,2610,49.1,38.8
5244,28,10,6,78.1,28560.0,25347.0,6289,9513270.0,9985560,23829877,5282350,6319,4420,34.4,41.6
5245,28,11,1,86.8,161756.0,66745.0,8497,17440719.0,18064828,40189879,7844031,5135,8947,55.1,83.4
5246,28,11,2,85.9,44101.0,24404.0,7123,17248178.0,18064828,40189879,7844031,5684,3523,52.9,47.3
5247,28,11,3,72.7,92334.0,63474.0,10089,14188204.0,18064828,40189879,7844031,14272,7347,63.9,75.6
5248,28,11,4,74.6,102756.0,60638.0,14809,11663587.0,18064828,40189879,7844031,14546,5340,35.6,58.2
5249,28,11,5,62.7,155662.0,112242.0,30604,,18064828,40189879,7844031,13992,11262,49.0,44.0
5250,28,11,6,62.1,114992.0,89873.0,31233,13378642.0,18064828,40189879,7844031,7937,10668,33.5,50.1
5251,28,12,1,41.1,53951.0,33644.0,3635,10173103.0,10684906,22293048,3552299,4544,2379,56.1,41.6
5252,28,12,2,98.7,68648.0,52689.0,17584,8776314.0,10684906,22293048,3552299,3854,6009,46.0,44.0
5253,28,12,3,64.0,74031.0,31854.0,9272,7833267.0,10684906,22293048,3552299,3096,5595,68.3,53.8
5254,28,12,4,66.4,,10994.0,3473,9518712.0,10684906,22293048,3552299,1330,1817,44.2,99.3
5255,28,12,5,70.6,93921.0,50407.0,9928,7121388.0,10684906,22293048,3552299,9159,7714,28.7,73.7
5256,28,12,6,80.3,44526.0,21089.0,5779,7988678.0,10684906,22293048,3552299,3110,1059,46.8,62.4
5257,28,13,1,54.1,103230.0,55312.0,17769,23067203.0,24753588,52754877,6980119,5840,5830,74.7,100.0
5258,28,13,2,57.9,218301.0,105052.0,18581,16232024.0,24753588,52754877,6980119,13657,3629,62.9,53.0
5259,28,13,3,54.5,105441.0,66643.0,16591,22916537.0,24753588,52754877,6980119,13657,8141,21.0,19.7
5260,28,13,4,58.1,234480.0,126586.0,22618,17625416.0,24753588,52754877,6980119,26154,22504,47.8,69.1
5261,28,13,5,36.6,207398.0,158021.0,28576,20659152.0,24753588,52754877,6980119,39037,12050,27.3,78.5
5262,28,13,6,71.3,157801.0,101496.0,26412,23082998.0,24753588,52754877,6980119,5337,8934,39.4,73.3
5263,28,14,1,60.1,122434.0,105141.0,23758,24778028.0,36459114,71184901,14133077,16793,5567,38.9,67.6
5264,28,14,2,35.3,116835.0,58531.0,20013,26082810.0,36459114,71184901,14133077,4273,4742,16.9,35.7
5265,28,14,3,51.6,303354.0,263064.0,61282,26757517.0,36459114,71184901,14133077,54492,14326,72.4,81.4
5266,28,14,4,66.5,162215.0,123770.0,13348,,36459114,71184901,14133077,7778,17103,51.3,59.4
5267,28,14,5,65.9,222851.0,,37312,22725839.0,36459114,71184901,14133077,27734,9506,56.3,99.3
5268,28,14,6,92.7,87421.0,52485.0,7791,33607310.0,36459114,71184901,14133077,5225,3021,23.5,61.0
5269,28,15,1,58.0,8147.0,6126.0,1946,724741.0,885174,1727083,258292,466,545,57.1,57.8
5270,28,15,2,95.4,2309.0,1607.0,280,785164.0,885174,1727083,258292,130,89,66.4,6.0
5271,28,15,3,65.8,2507.0,1809.0,458,,885174,1727083,258292,298,188,25.4,65.0
5272,28,15,4,45.5,4486.0,2151.0,252,626796.0,885174,1727083,258292,459,127,33.6,63.5
5273,28,15,5,45.8,7451.0,5040.0,1549,707103.0,885174,1727083,258292,831,379,54.3,43.5
5274,28,15,6,89.8,7861.0,3895.0,1036,677389.0,885174,1727083,258292,-891,245,13.8,49.9
5275,28,16,1,71.6,7796.0,4635.0,1398,672668.0,998157,1959296,473571,505,149,54.3,96.6
5276,28,16,2,37.0,4614.0,2898.0,914,741185.0,998157,1959296,473571,232,307,43.1,76.9
5277,28,16,3,57.9,6463.0,2672.0,821,882461.0,998157,1959296,473571,424,446,8.6,84.1
5278,28,16,4,78.6,3310.0,2405.0,387,696335.0,998157,1959296,473571,466,196,72.1,25.0
5279,28,16,5,36.4,5115.0,2578.0,809,878195.0,998157,1959296,473571,501,349,18.3,53.5
5280,28,16,6,56.5,6469.0,4718.0,1081,794302.0,998157,1959296,473571,930,266,70.7,38.2
5281,28,17,1,48.7,3253.0,1904.0,622,289304.0,295609,722319,134972,227,217,38.9,13.4
5282,28,17,2,42.4,660.0,377.0,72,190757.0,295609,722319,134972,76,52,59.3,29.7
5283,28,17,3,43.4,1619.0,849.0,222,200369.0,295609,722319,134972,149,135,46.7,53.1
5284,28,17,4,58.9,1236.0,700.0,199,284664.0,295609,722319,134972,36,67,56.9,71.1
5285,28,17,5,41.0,950.0,628.0,167,217742.0,295609,722319,134972,132,44,,59.7
5286,28,17,6,95.6,2685.0,2036.0,373,246278.0,295609,722319,134972,274,310,37.2,83.4
5287,28,18,1,66.4,5086.0,2200.0,737,504390.0,563887,1337368,298471,532,352,57.1,71.4
5288,28,18,2,45.9,4776.0,2341.0,663,550587.0,563887,1337368,298471,491,320,50.2,32.7
5289,28,18,3,72.1,5562.0,4292.0,1409,,563887,1337368,298471,769,739,68.6,70.1
5290,28,18,4,78.3,2183.0,915.0,240,551670.0,563887,1337368,298471,187,38,62.6,40.1
5291,28,18,5,47.7,6353.0,3364.0,547,420761.0,563887,1337368,298471,366,162,,76.4
5292,28,18,6,61.7,5999.0,2814.0,672,530801.0,563887,1337368,298471,234,94,66.7,67.0
5293,28,19,1,88.1,93388.0,49677.0,14950,10498794.0,12447080,28320035,6111020,5242,1691,48.7,67.2
5294,28,19,2,51.1,56087.0,30909.0,6558,10422491.0,12447080,28320035,6111020,3159,4297,46.4,37.0
5295,28,19,3,83.3,100637.0,48497.0,5183,11213583.0,12447080,28320035,6111020,6483,7564,54.3,53.9
5296,28,19,4,66.2,86414.0,41491.0,10605,10800358.0,12447080,28320035,6111020,-3975,4040,70.5,82.5
5297,28,19,5,58.1,115782.0,89586.0,9514,10680260.0,12447080,28320035,6111020,21358,10109,71.8,81.5
5298,28,19,6,52.2,102263.0,43277.0,13167,8717093.0,12447080,28320035,6111020,10677,3789,55.0,17.4
5299,28,20,1,88.5,72572.0,58789.0,20308,6048469.0,8307414,18057320,2844402,6768,4372,44.1,48.5
5300,28,20,2,93.5,88990.0,63576.0,16736,6783941.0,8307414,18057320,2844402,5201,9602,39.6,16.8
5301,28,20,3,103.8,42775.0,35189.0,11874,5663116.0,8307414,18057320,2844402,7757,4278,26.9,42.6
5302,28,20,4,65.1,,11540.0,1201,7350616.0,8307414,18057320,2844402,1028,1723,54.7,41.8
5303,28,20,5,75.8,43989.0,17616.0,4498,6413071.0,8307414,18057320,2844402,4343,1718,76.2,45.8
5304,28,20,6,71.9,79764.0,53941.0,10880,7685077.0,8307414,18057320,2844402,12395,2726,81.8,71.6
5305,28,21,1,41.0,122122.0,101663.0,32692,15754139.0,21466562,45795858,8118027,23432,5974,44.2,51.7
5306,28,21,2,65.7,236600.0,109449.0,16775,20882425.0,21466562,45795858,8118027,11108,10720,55.8,39.1
5307,28,21,3,68.0,168721.0,138938.0,28644,16942842.0,21466562,45795858,8118027,11376,9430,38.6,35.5
5308,28,21,4,48.7,73618.0,33708.0,11625,20748549.0,21466562,45795858,8118027,6142,2322,32.8,74.3
5309,28,21,5,38.1,111529.0,92672.0,24442,13635368.0,21466562,45795858,8118027,11474,11723,1.6,52.3
5310,28,21,6,67.5,221084.0,191924.0,50286,19759282.0,21466562,45795858,8118027,44711,14189,69.6,45.1
5311,28,22,1,46.5,635.0,473.0,136,147760.0,208802,430572,75911,55,84,43.6,66.0
5312,28,22,2,93.4,1755.0,1274.0,273,134162.0,208802,430572,75911,120,97,41.1,62.9
5313,28,22,3,98.0,1414.0,1027.0,171,129969.0,208802,430572,75911,53,87,70.9,47.1
5314,28,22,4,96.6,954.0,720.0,244,186792.0,208802,430572,75911,153,32,41.5,47.0
5315,28,22,5,45.2,1590.0,1040.0,281,140970.0,208802,430572,75911,236,40,34.6,62.8
5316,28,22,6,58.2,1977.0,1243.0,398,181333.0,208802,430572,75911,120,58,30.3,42.8
5317,28,23,1,42.7,193156.0,157081.0,20596,14796743.0,21820040,44897182,8745830,12249,9397,51.8,18.3
5318,28,23,2,86.1,200893.0,109610.0,37330,16498224.0,21820040,44897182,8745830,7719,14778,57.4,70.2
5319,28,23,3,73.5,76410.0,33941.0,11774,,21820040,44897182,8745830,7362,2832,59.4,65.6
5320,28,23,4,90.6,109621.0,46319.0,11145,16314265.0,21820040,44897182,8745830,3776,6182,21.5,61.5
5321,28,23,5,42.1,62508.0,28525.0,8160,19083916.0,21820040,44897182,8745830,3361,3071,37.5,50.8
5322,28,23,6,47.3,54811.0,39161.0,6941,18841256.0,21820040,44897182,8745830,8289,2224,29.8,82.5
5323,28,24,1,81.7,112871.0,79749.0,14690,8583923.0,11217547,22886306,4485631,19913,7568,27.8,41.6
5324,28,24,2,65.2,86650.0,47693.0,16335,10771301.0,11217547,22886306,4485631,10074,3524,61.0,33.7
5325,28,24,3,69.3,52035.0,39379.0,8270,10279357.0,11217547,22886306,4485631,8407,4481,31.5,45.4
5326,28,24,4,89.3,74433.0,46265.0,11192,8147859.0,11217547,22886306,4485631,3518,3541,25.3,46.4
5327,28,24,5,53.6,54243.0,41159.0,14367,9595614.0,11217547,22886306,4485631,3211,4506,65.1,34.8
5328,28,24,6,83.4,85053.0,74433.0,8162,9376206.0,11217547,22886306,4485631,15597,4631,40.7,34.9
5329,28,25,1,46.5,4986.0,,575,1173547.0,1210773,2519451,471958,242,188,40.1,34.5
5330,28,25,2,58.0,5525.0,4212.0,452,951775.0,1210773,2519451,471958,317,447,40.4,67.4
5331,28,25,3,93.5,9101.0,5873.0,1984,1012504.0,1210773,2519451,471958,1018,719,59.5,68.8
5332,28,25,4,35.1,9715.0,4376.0,1308,730522.0,1210773,2519451,471958,335,222,44.9,72.0
5333,28,25,5,49.9,7987.0,3281.0,1038,913171.0,1210773,2519451,471958,797,431,87.5,71.4
5334,28,25,6,60.1,9296.0,5326.0,1106,979893.0,1210773,2519451,471958,281,863,69.7,95.3
5335,28,26,1,98.1,679421.0,406571.0,41285,46678137.0,58862479,135759592,27853946,78394,72819,33.7,34.5
5336,28,26,2,80.3,413392.0,278973.0,61878,57226621.0,58862479,135759592,27853946,32858,16039,40.3,50.0
5337,28,26,3,72.3,585627.0,238172.0,24105,42759136.0,58862479,135759592,27853946,30548,23379,41.9,68.3
5338,28,26,4,45.6,536752.0,263096.0,80391,47997194.0,58862479,135759592,27853946,40637,17236,23.2,34.4
5339,28,26,5,81.8,259554.0,183948.0,41603,44013869.0,58862479,135759592,27853946,27071,15390,34.7,69.7
5340,28,26,6,89.0,647463.0,282361.0,64806,42171276.0,58862479,135759592,27853946,59652,33291,75.0,39.7
5341,28,27,1,96.7,22031.0,9955.0,2578,5342803.0,5685741,11487467,1948235,2390,930,47.2,53.7
5342,28,27,2,46.0,13160.0,9456.0,1785,4758102.0,5685741,11487467,1948235,972,952,69.1,18.2
5343,28,27,3,39.2,57162.0,42748.0,9583,5383049.0,5685741,11487467,1948235,7310,7309,49.1,48.0
5344,28,27,4,87.4,35480.0,24237.0,4946,4057413.0,5685741,11487467,1948235,4801,3022,79.4,63.6
5345,28,27,5,45.7,,37155.0,11766,4804494.0,5685741,11487467,1948235,2108,2790,55.9,61.8
5346,28,27,6,58.1,26029.0,21382.0,4681,4850120.0,5685741,11487467,1948235,2939,834,37.9,35.4
5347,28,28,1,65.7,210553.0,94761.0,27188,23229095.0,24934799,58579357,8616920,7809,16708,51.7,78.0
5348,28,28,2,57.1,265906.0,176479.0,55033,18358849.0,24934799,58579357,8616920,43329,15960,51.4,47.0
5349,28,28,3,38.6,151103.0,,20610,18290068.0,24934799,58579357,8616920,5302,7557,48.8,74.3
5350,28,28,4,73.5,129078.0,55634.0,17488,19171855.0,24934799,58579357,8616920,9402,2830,65.5,81.0
5351,28,28,5,89.6,281859.0,206385.0,63151,15190523.0,24934799,58579357,8616920,37079,29995,54.2,97.3
5352,28,28,6,77.0,250510.0,142337.0,40421,16062277.0,24934799,58579357,8616920,25808,22827,64.0,0.0
5353,28,29,1,81.0,36584.0,24764.0,6169,9190172.0,9501417,18266537,4496794,2992,810,36.7,54.8
5354,28,29,2,60.5,54870.0,40507.0,6232,7239930.0,9501417,18266537,4496794,3781,3572,42.6,59.4
5355,28,29,3,87.3,18976.0,16660.0,5821,8689906.0,9501417,18266537,4496794,3184,2295,51.5,66.9
5356,28,29,4,55.4,24469.0,16489.0,4984,6760116.0,9501417,18266537,4496794,3400,2644,61.0,45.1
5357,28,29,5,87.5,55076.0,37447.0,9431,8132449.0,9501417,18266537,4496794,5484,4505,63.6,35.9
5358,28,29,6,96.5,66184.0,43384.0,12820,6439538.0,9501417,18266537,4496794,6220,5860,75.6,34.6
5359,28,30,1,66.7,39574.0,33158.0,8672,2920166.0,4053061,8410862,1772093,4450,2027,60.4,56.3
5360,28,30,2,39.3,13384.0,5787.0,1120,3820810.0,4053061,8410862,1772093,950,795,65.0,23.2
5361,28,30,3,55.2,24952.0,16240.0,3225,3027772.0,4053061,8410862,1772093,2042,2189,59.2,72.4
5362,28,30,4,92.7,9954.0,7090.0,1069,2545600.0,4053061,8410862,1772093,1562,1141,48.5,59.1
5363,28,30,5,39.6,25677.0,12668.0,1982,2783897.0,4053061,8410862,1772093,3141,1747,53.6,53.1
5364,28,30,6,90.8,28655.0,16581.0,2192,3774092.0,4053061,8410862,1772093,2706,1614,44.1,100.0
5365,28,31,1,88.5,,,22,58471.0,87185,186454,26615,46,22,67.9,71.1
5366,28,31,2,69.5,537.0,306.0,68,55450.0,87185,186454,26615,27,54,58.4,85.9
5367,28,31,3,92.8,681.0,530.0,176,74454.0,87185,186454,26615,56,54,66.8,32.1
5368,28,31,4,51.0,659.0,464.0,105,61710.0,87185,186454,26615,79,54,68.6,72.3
5369,28,31,5,53.6,,407.0,116,66061.0,87185,186454,26615,49,40,58.3,54.5
5370,28,31,6,78.6,840.0,450.0,83,63710.0,87185,186454,26615,88,58,63.8,50.3
5371,28,32,1,77.0,1015.0,475.0,86,267229.0,360299,888465,207587,113,19,79.5,54.8
5372,28,32,2,35.9,4152.0,2134.0,328,333571.0,360299,888465,207587,399,86,50.4,35.0
5373,28,32,3,92.4,1009.0,717.0,176,,360299,888465,207587,159,77,54.1,51.1
5374,28,32,4,57.2,2153.0,953.0,208,335779.0,360299,888465,207587,75,120,53.7,31.3
5375,28,32,5,63.3,4343.0,1952.0,652,319489.0,360299,888465,207587,129,285,49.7,46.9
5376,28,32,6,74.9,1988.0,1093.0,286,301488.0,360299,888465,207587,213,176,37.4,70.2
5377,29,1,1,95.0,128832.0,74706.0,23373,10942977.0,14149784,30971975,5790192,17664,4779,38.2,32.4
5378,29,1,2,47.9,40558.0,23855.0,6047,12061047.0,14149784,30971975,5790192,4181,2082,44.9,56.5
5379,29,1,3,47.2,113011.0,51308.0,5951,13674891.0,14149784,30971975,5790192,6879,2090,49.2,42.8
5380,29,1,4,51.3,113712.0,47365.0,9590,10919952.0,14149784,30971975,5790192,3651,7956,53.0,48.7
5381,29,1,5,49.2,110722.0,96852.0,12530,12404490.0,14149784,30971975,5790192,22683,3266,,52.6
5382,29,1,6,50.7,122073.0,104294.0,14472,10999619.0,14149784,30971975,5790192,8545,4005,51.1,79.3
5383,29,2,1,45.9,1859.0,1467.0,365,309006.0,470193,980797,153926,312,127,41.1,87.7
5384,29,2,2,37.2,3286.0,1996.0,392,309267.0,470193,980797,153926,238,240,6.2,22.0
5385,29,2,3,38.2,1380.0,916.0,198,417686.0,470193,980797,153926,190,29,46.4,49.1
5386,29,2,4,97.0,4526.0,3744.0,1024,454827.0,470193,980797,153926,272,229,61.1,27.1
5387,29,2,5,69.8,2756.0,2443.0,693,423400.0,470193,980797,153926,181,373,67.2,51.0
5388,29,2,6,53.2,1854.0,1155.0,276,409105.0,470193,980797,153926,80,72,41.3,70.0
5389,29,3,1,82.8,24115.0,17041.0,3762,7586311.0,9119200,21922382,4549229,2948,702,69.3,38.4
5390,29,3,2,65.6,75355.0,33273.0,3579,7702045.0,9119200,21922382,4549229,5889,5563,81.2,42.0
5391,29,3,3,48.8,82879.0,35975.0,7087,,9119200,21922382,4549229,3741,4164,58.3,44.5
5392,29,3,4,37.3,,71400.0,19370,7515547.0,9119200,21922382,4549229,10708,9760,40.9,76.9
5393,29,3,5,50.2,101320.0,80583.0,17662,7025308.0,9119200,21922382,4549229,13928,6750,67.8,51.9
5394,29,3,6,39.4,60139.0,39921.0,7091,7440176.0,9119200,21922382,4549229,5863,3495,76.9,75.8
5395,29,4,1,97.3,105274.0,47088.0,15433,27167636.0,35775450,70946135,13654722,8069,5560,57.1,49.9
5396,29,4,2,66.8,347976.0,312430.0,46547,21872018.0,35775450,70946135,13654722,44458,33116,25.1,64.0
5397,29,4,3,91.6,263290.0,203821.0,37071,32860002.0,35775450,70946135,13654722,14181,36592,58.8,13.2
5398,29,4,4,70.3,297257.0,254124.0,80412,35048513.0,35775450,70946135,13654722,43371,24019,40.5,66.8
5399,29,4,5,77.6,176137.0,84531.0,15610,25877095.0,35775450,70946135,13654722,18941,6927,37.3,33.8
5400,29,4,6,45.4,328458.0,287535.0,51200,33469289.0,35775450,70946135,13654722,35331,19868,89.6,11.4
5401,29,5,1,80.9,35321.0,22088.0,6992,4893732.0,7540528,16715796,3218828,5261,2688,48.3,65.7
5402,29,5,2,79.5,48480.0,26321.0,7944,7047858.0,7540528,16715796,3218828,6397,1334,59.6,100.0
5403,29,5,3,40.2,36735.0,23849.0,4648,4796380.0,7540528,16715796,3218828,5268,2238,18.7,70.1
5404,29,5,4,36.6,64089.0,56376.0,16863,5008588.0,7540528,16715796,3218828,2990,5808,67.4,41.3
5405,29,5,5,49.5,16004.0,12746.0,2622,6746705.0,7540528,16715796,3218828,1967,1827,39.8,63.9
5406,29,5,6,61.5,52796.0,26746.0,4922,7256930.0,7540528,16715796,3218828,1848,3677,59.6,18.8
5407,29,6,1,51.6,,1622.0,259,289825.0,478052,943804,209806,232,199,32.0,68.9
5408,29,6,2,98.9,925.0,549.0,55,376310.0,478052,943804,209806,128,76,59.8,60.4
5409,29,6,3,35.4,3818.0,2958.0,417,305034.0,478052,943804,209806,174,394,31.2,65.1
5410,29,6,4,73.2,2200.0,1398.0,279,435478.0,478052,943804,209806,317,171,29.6,62.3
5411,29,6,5,67.6,4323.0,3508.0,1021,315089.0,478052,943804,209806,532,302,61.4,41.2
5412,29,6,6,37.1,1309.0,667.0,120,446132.0,478052,943804,209806,62,76,51.9,76.0
5413,29,7,1,74.3,152969.0,74575.0,19691,14260818.0,19865265,39961213,6615666,10608,4251,60.1,83.3
5414,29,7,2,86.9,132711.0,63219.0,17622,14682197.0,19865265,39961213,6615666,10536,6666,84.0,45.6
5415,29,7,3,61.0,139188.0,70384.0,18064,19405212.0,19865265,39961213,6615666,13821,9711,29.8,71.7
5416,29,7,4,48.1,126970.0,108464.0,14013,14378346.0,19865265,39961213,6615666,6499,3304,50.6,33.7
5417,29,7,5,64.4,163776.0,115854.0,27307,15270315.0,19865265,39961213,6615666,7927,9652,70.9,70.6
5418,29,7,6,86.3,182530.0,159498.0,33669,17479450.0,19865265,39961213,6615666,29254,14393,36.6,41.4
5419,29,8,1,62.9,79744.0,47526.0,14941,6056783.0,7313414,16800497,3542201,11330,3726,42.8,99.8
5420,29,8,2,91.8,69320.0,42876.0,6751,4891714.0,7313414,16800497,3542201,3115,4637,21.5,35.3
5421,29,8,3,44.0,67365.0,54030.0,10617,5390307.0,7313414,16800497,3542201,3860,5839,,63.5
5422,29,8,4,88.2,37155.0,22073.0,4809,5284715.0,7313414,16800497,3542201,2360,1617,45.8,69.4
5423,29,8,5,94.6,65692.0,31604.0,4403,5657425.0,7313414,16800497,3542201,2133,4307,47.2,42.0
5424,29,8,6,97.2,19543.0,16179.0,2955,6283914.0,7313414,16800497,3542201,3336,2430,26.4,85.0
5425,29,9,1,82.7,19015.0,15084.0,4329,1475266.0,2010359,4518754,895203,3208,2091,38.3,44.7
5426,29,9,2,59.5,18334.0,,3119,1702972.0,2010359,4518754,895203,2049,884,32.8,48.8
5427,29,9,3,91.4,5169.0,3793.0,1185,1318475.0,2010359,4518754,895203,301,176,43.5,74.9
5428,29,9,4,48.3,,8855.0,2682,1658066.0,2010359,4518754,895203,1204,911,43.7,73.0
5429,29,9,5,89.7,6133.0,3000.0,631,1573493.0,2010359,4518754,895203,352,124,66.7,62.8
5430,29,9,6,40.4,6578.0,,927,1904080.0,2010359,4518754,895203,599,200,53.2,77.8
5431,29,10,1,93.2,54553.0,37143.0,6566,6005754.0,9976444,22256390,4956726,5993,5035,86.2,60.6
5432,29,10,2,41.3,106930.0,82343.0,11693,6811812.0,9976444,22256390,4956726,20092,10211,41.9,40.2
5433,29,10,3,38.7,54713.0,33824.0,6333,9641840.0,9976444,22256390,4956726,6788,5626,38.0,19.0
5434,29,10,4,88.0,46248.0,27844.0,6404,9328619.0,9976444,22256390,4956726,6375,2696,32.1,40.4
5435,29,10,5,42.7,50279.0,29221.0,10076,9610680.0,9976444,22256390,4956726,1932,4613,50.0,73.9
5436,29,10,6,54.3,38318.0,24209.0,7101,7801545.0,9976444,22256390,4956726,4812,1877,31.3,53.1
5437,29,11,1,53.7,185711.0,148170.0,45167,15184171.0,16932240,37496804,7115083,7785,12516,72.1,42.5
5438,29,11,2,72.9,194879.0,152654.0,23949,13180943.0,16932240,37496804,7115083,35841,20700,22.2,16.9
5439,29,11,3,80.0,42631.0,21416.0,2793,16563935.0,16932240,37496804,7115083,4863,3101,35.0,36.2
5440,29,11,4,74.9,198784.0,92337.0,15449,12781851.0,16932240,37496804,7115083,14971,14589,41.8,92.8
5441,29,11,5,36.2,85012.0,35155.0,4654,11799905.0,16932240,37496804,7115083,3681,1986,75.5,51.8
5442,29,11,6,65.4,90260.0,77522.0,23016,14519771.0,16932240,37496804,7115083,11645,4619,45.0,53.2
5443,29,12,1,55.0,23764.0,12872.0,2124,8870211.0,9773166,22162016,3586836,1178,747,43.0,33.6
5444,29,12,2,63.1,64863.0,32747.0,7466,8415555.0,9773166,22162016,3586836,6906,1241,52.8,49.1
5445,29,12,3,80.1,66277.0,45507.0,12892,7023466.0,9773166,22162016,3586836,10185,4191,48.1,85.2
5446,29,12,4,91.9,86132.0,60533.0,20609,8845764.0,9773166,22162016,3586836,9547,6235,14.0,24.3
5447,29,12,5,74.5,98014.0,42132.0,14573,7266928.0,9773166,22162016,3586836,10301,1907,34.5,65.5
5448,29,12,6,93.7,41436.0,33048.0,5626,8891569.0,9773166,22162016,3586836,7328,1107,59.0,53.1
5449,29,13,1,44.1,198102.0,151274.0,20215,19567922.0,23277427,47545337,8871520,11343,24808,42.1,44.0
5450,29,13,2,58.2,234188.0,106023.0,33468,14373890.0,23277427,47545337,8871520,20709,18771,61.5,57.2
5451,29,13,3,50.1,176438.0,158079.0,25133,15819997.0,23277427,47545337,8871520,21465,23136,68.8,49.3
5452,29,13,4,41.8,121350.0,97584.0,25477,16741016.0,23277427,47545337,8871520,10971,17335,69.6,70.6
5453,29,13,5,42.9,106011.0,92109.0,25896,14150900.0,23277427,47545337,8871520,20281,11175,52.7,40.1
5454,29,13,6,89.5,253607.0,208593.0,58159,20489042.0,23277427,47545337,8871520,28682,29091,68.3,56.1
5455,29,14,1,37.8,109589.0,63326.0,22054,25223191.0,32223905,73566028,10491399,10514,3965,70.2,36.5
5456,29,14,2,72.1,342092.0,222809.0,27123,27431421.0,32223905,73566028,10491399,50823,19427,56.0,38.7
5457,29,14,3,85.8,77634.0,68117.0,21466,,32223905,73566028,10491399,6847,7830,72.8,66.1
5458,29,14,4,56.1,346697.0,199739.0,23830,22067021.0,32223905,73566028,10491399,37440,34511,37.0,23.1
5459,29,14,5,87.7,322726.0,208393.0,43010,28591068.0,32223905,73566028,10491399,14193,26423,49.6,44.4
5460,29,14,6,63.0,226378.0,145683.0,19975,23460265.0,32223905,73566028,10491399,8846,20384,100.0,81.4
5461,29,15,1,94.2,,6259.0,875,829010.0,916540,1815962,262347,1344,1110,51.0,31.5
5462,29,15,2,80.3,2413.0,1047.0,169,648526.0,916540,1815962,262347,131,133,45.3,6.4
5463,29,15,3,36.3,8038.0,4632.0,1153,880982.0,916540,1815962,262347,642,523,43.8,60.3
5464,29,15,4,84.5,3789.0,1589.0,494,881433.0,916540,1815962,262347,117,225,48.9,79.4
5465,29,15,5,44.2,3703.0,3178.0,653,802392.0,916540,1815962,262347,491,267,20.1,31.5
5466,29,15,6,84.8,7137.0,4410.0,1184,586226.0,916540,1815962,262347,926,187,51.9,40.4
5467,29,16,1,69.6,4632.0,4048.0,956,603815.0,977491,1893606,391837,943,490,,43.8
5468,29,16,2,66.7,2200.0,1373.0,265,732757.0,977491,1893606,391837,122,130,45.6,34.6
5469,29,16,3,97.7,2107.0,1788.0,229,750751.0,977491,1893606,391837,190,279,47.6,80.0
5470,29,16,4,82.5,1892.0,1398.0,278,669932.0,977491,1893606,391837,104,115,58.2,46.0
5471,29,16,5,61.3,4157.0,2779.0,762,674638.0,977491,1893606,391837,373,157,34.3,61.1
5472,29,16,6,86.7,4764.0,2283.0,407,864206.0,977491,1893606,391837,406,115,26.9,59.3
5473,29,17,1,89.5,1086.0,950.0,274,203527.0,336945,701686,120146,131,120,10.3,77.6
5474,29,17,2,57.7,3429.0,2256.0,498,222418.0,336945,701686,120146,429,364,36.5,34.2
5475,29,17,3,55.6,3319.0,1575.0,335,230696.0,336945,701686,120146,376,140,58.2,38.8
5476,29,17,4,46.7,2939.0,1749.0,576,294564.0,336945,701686,120146,392,227,59.9,34.4
5477,29,17,5,90.3,3270.0,2606.0,664,212806.0,336945,701686,120146,275,186,44.7,55.6
5478,29,17,6,48.9,604.0,258.0,72,311125.0,336945,701686,120146,18,31,29.5,44.7
5479,29,18,1,47.2,2612.0,1376.0,210,565952.0,580854,1354782,185480,75,92,62.1,42.3
5480,29,18,2,40.4,2298.0,1963.0,531,416262.0,580854,1354782,185480,390,104,91.4,44.3
5481,29,18,3,57.2,2838.0,2376.0,363,404520.0,580854,1354782,185480,333,145,29.6,44.0
5482,29,18,4,70.4,3127.0,2682.0,552,504289.0,580854,1354782,185480,244,394,56.0,50.8
5483,29,18,5,86.4,2007.0,1368.0,252,472748.0,580854,1354782,185480,86,220,21.0,80.0
5484,29,18,6,47.3,2086.0,1376.0,403,475066.0,580854,1354782,185480,324,58,68.2,52.4
5485,29,19,1,85.3,44506.0,37232.0,3870,8096237.0,12296162,28420122,4637073,5593,5917,53.1,26.7
5486,29,19,2,79.7,87015.0,70260.0,24326,8530411.0,12296162,28420122,4637073,9670,4290,60.4,8.5
5487,29,19,3,36.8,50369.0,39267.0,8785,10454362.0,12296162,28420122,4637073,2421,4694,36.9,32.6
5488,29,19,4,62.1,49713.0,24362.0,8505,8980624.0,12296162,28420122,4637073,1280,3926,71.7,51.2
5489,29,19,5,38.0,38029.0,25622.0,3107,10002977.0,12296162,28420122,4637073,3958,2908,45.2,50.6
5490,29,19,6,61.6,70790.0,43878.0,8655,8609413.0,12296162,28420122,4637073,7725,2578,26.3,66.4
5491,29,20,1,93.6,73514.0,30911.0,9200,5328633.0,8815195,18069364,3743806,1768,3253,33.3,60.4
5492,29,20,2,82.8,19329.0,17016.0,4338,7450353.0,8815195,18069364,3743806,3887,2723,36.2,24.6
5493,29,20,3,77.6,36998.0,30751.0,8329,6098644.0,8815195,18069364,3743806,7599,3684,46.5,44.5
5494,29,20,4,38.3,27323.0,14276.0,4519,5736987.0,8815195,18069364,3743806,922,2196,56.5,31.8
5495,29,20,5,89.2,89908.0,66418.0,8784,5643951.0,8815195,18069364,3743806,7608,9967,25.8,18.7
5496,29,20,6,82.6,55087.0,42468.0,8210,6974619.0,8815195,18069364,3743806,2487,2673,71.7,71.6
5497,29,21,1,43.1,187616.0,93757.0,14927,19911501.0,24140786,46166168,7754940,22281,4812,51.4,63.9
5498,29,21,2,55.9,93841.0,67888.0,22674,14561874.0,24140786,46166168,7754940,8589,8379,54.8,63.4
5499,29,21,3,66.3,141810.0,111913.0,25633,18231922.0,24140786,46166168,7754940,25814,5788,52.7,40.9
5500,29,21,4,58.2,219809.0,130720.0,36749,21274764.0,24140786,46166168,7754940,25267,11080,63.7,79.7
5501,29,21,5,94.7,115290.0,,18027,16153260.0,24140786,46166168,7754940,6759,9411,60.3,73.2
5502,29,21,6,47.4,,73169.0,13820,22908799.0,24140786,46166168,7754940,15259,3244,47.4,75.7
5503,29,22,1,83.7,1905.0,1085.0,289,173758.0,194368,391343,58071,210,39,37.0,33.6
5504,29,22,2,49.3,1378.0,1059.0,259,121266.0,194368,391343,58071,79,137,40.6,23.1
5505,29,22,3,38.6,1148.0,765.0,227,190287.0,194368,391343,58071,144,84,16.6,13.9
5506,29,22,4,69.8,1199.0,590.0,170,139162.0,194368,391343,58071,101,92,67.0,62.8
5507,29,22,5,92.2,437.0,259.0,26,158899.0,194368,391343,58071,39,24,69.5,68.6
5508,29,22,6,96.8,1937.0,1038.0,205,128890.0,194368,391343,58071,173,47,68.0,60.6
5509,29,23,1,81.5,70184.0,32248.0,5895,21545326.0,22674150,46986668,6283069,2662,3944,18.8,56.1
5510,29,23,2,62.9,39758.0,,8358,20643004.0,22674150,46986668,6283069,8021,5945,29.9,57.4
5511,29,23,3,40.4,92717.0,64048.0,6856,20444748.0,22674150,46986668,6283069,10960,11309,55.9,3.5
5512,29,23,4,98.2,231814.0,163680.0,39778,14492009.0,22674150,46986668,6283069,31502,5817,25.2,58.7
5513,29,23,5,74.0,107460.0,60073.0,17244,17285450.0,22674150,46986668,6283069,5319,6441,46.7,44.1
5514,29,23,6,74.7,151250.0,70674.0,23366,21970913.0,22674150,46986668,6283069,14228,10304,43.1,73.2
5515,29,24,1,77.5,24421.0,17340.0,3965,6022624.0,9977715,21934827,3646215,2158,1142,45.3,66.9
5516,29,24,2,91.8,40074.0,31556.0,6522,9297818.0,9977715,21934827,3646215,4758,3938,42.0,72.6
5517,29,24,3,43.1,63974.0,53110.0,16568,8890918.0,9977715,21934827,3646215,4605,2330,43.2,77.2
5518,29,24,4,67.4,88146.0,,20813,7202205.0,9977715,21934827,3646215,14276,11771,28.4,51.2
5519,29,24,5,82.9,63998.0,44596.0,11236,9220230.0,9977715,21934827,3646215,10303,3317,40.5,45.9
5520,29,24,6,96.2,43012.0,24296.0,4507,7324707.0,9977715,21934827,3646215,5400,4154,28.1,33.4
5521,29,25,1,39.6,12166.0,10911.0,2368,850578.0,1137851,2337444,442771,2498,952,44.7,71.7
5522,29,25,2,50.7,8043.0,5232.0,686,687178.0,1137851,2337444,442771,-599,734,44.1,54.5
5523,29,25,3,137.0,10104.0,7118.0,1068,915398.0,1137851,2337444,442771,970,1071,20.6,48.2
5524,29,25,4,52.7,6810.0,5088.0,826,916353.0,1137851,2337444,442771,718,846,50.3,47.8
5525,29,25,5,39.8,11082.0,7730.0,1699,888366.0,1137851,2337444,442771,1283,870,49.2,59.5
5526,29,25,6,98.8,2075.0,1513.0,350,959903.0,1137851,2337444,442771,79,50,84.5,42.8
5527,29,26,1,44.9,551789.0,454518.0,151604,38237695.0,63066039,131451526,25723887,88096,26761,71.7,87.4
5528,29,26,2,80.0,524647.0,454825.0,143688,47344780.0,63066039,131451526,25723887,64153,46982,65.7,47.8
5529,29,26,3,73.2,157650.0,87294.0,21637,41941700.0,63066039,131451526,25723887,5923,10483,26.1,55.3
5530,29,26,4,63.1,692567.0,545151.0,151935,56191100.0,63066039,131451526,25723887,30587,84337,68.0,34.8
5531,29,26,5,35.9,356405.0,234238.0,52570,60190738.0,63066039,131451526,25723887,47066,34748,40.6,19.6
5532,29,26,6,51.6,554037.0,452749.0,54354,44791405.0,63066039,131451526,25723887,87377,69374,0.0,75.4
5533,29,27,1,73.7,28275.0,24099.0,3778,4975915.0,5904355,12182518,1625707,4360,1411,37.1,39.1
5534,29,27,2,90.4,19739.0,8589.0,2173,4006834.0,5904355,12182518,1625707,1771,1345,34.0,63.4
5535,29,27,3,53.2,12379.0,,2684,4813392.0,5904355,12182518,1625707,1798,1168,,66.2
5536,29,27,4,55.3,22926.0,15558.0,3394,4918933.0,5904355,12182518,1625707,2505,1181,31.7,56.4
5537,29,27,5,60.6,33874.0,,3167,4251231.0,5904355,12182518,1625707,3887,3063,28.6,42.3
5538,29,27,6,81.9,19841.0,9039.0,3072,4218262.0,5904355,12182518,1625707,682,927,45.3,55.9
5539,29,28,1,89.9,143264.0,111621.0,25382,23983413.0,24851046,55487458,8208938,26769,7488,94.2,69.5
5540,29,28,2,49.1,138725.0,96736.0,30651,,24851046,55487458,8208938,19176,7052,76.0,29.3
5541,29,28,3,38.1,96608.0,72558.0,23109,18368572.0,24851046,55487458,8208938,10263,4228,34.4,34.7
5542,29,28,4,63.1,279511.0,246883.0,76312,20781910.0,24851046,55487458,8208938,56087,14679,63.4,53.5
5543,29,28,5,79.7,176033.0,89832.0,11239,19148976.0,24851046,55487458,8208938,6067,5808,,89.0
5544,29,28,6,40.3,294424.0,144024.0,43864,19004996.0,24851046,55487458,8208938,17459,19376,68.0,39.8
5545,29,29,1,50.9,34841.0,15142.0,3687,6383858.0,8232967,18255298,2883172,3323,884,93.2,34.1
5546,29,29,2,54.2,16555.0,9788.0,2989,5642302.0,8232967,18255298,2883172,1407,550,66.1,57.0
5547,29,29,3,90.2,87105.0,76446.0,8959,6989189.0,8232967,18255298,2883172,15858,6319,77.1,61.8
5548,29,29,4,97.6,66140.0,53589.0,14344,6589094.0,8232967,18255298,2883172,8836,7469,,29.3
5549,29,29,5,38.8,78579.0,60689.0,11803,6504640.0,8232967,18255298,2883172,8359,8922,28.6,43.6
5550,29,29,6,91.4,19793.0,8079.0,2253,5902763.0,8232967,18255298,2883172,1905,1394,74.9,50.1
5551,29,30,1,61.8,38757.0,21506.0,6076,3292659.0,3807052,8161638,1528330,5292,1587,64.2,50.3
5552,29,30,2,73.1,31205.0,13585.0,2593,3395441.0,3807052,8161638,1528330,2509,2010,51.5,83.4
5553,29,30,3,83.3,18780.0,8676.0,1255,2684213.0,3807052,8161638,1528330,1778,731,33.6,81.7
5554,29,30,4,93.8,33855.0,29103.0,6562,2616451.0,3807052,8161638,1528330,4726,2075,42.6,53.9
5555,29,30,5,68.8,38626.0,26840.0,8021,3138075.0,3807052,8161638,1528330,3431,2080,29.0,72.9
5556,29,30,6,61.6,37646.0,19300.0,2574,3566967.0,3807052,8161638,1528330,3948,1434,74.0,82.2
5557,29,31,1,53.3,569.0,344.0,79,58766.0,83531,165039,39328,44,58,31.5,40.9
5558,29,31,2,45.3,182.0,79.0,25,58895.0,83531,165039,39328,17,13,37.8,28.4
5559,29,31,3,69.5,289.0,241.0,26,59604.0,83531,165039,39328,46,33,69.3,60.2
5560,29,31,4,41.2,538.0,,77,78456.0,83531,165039,39328,44,34,14.3,53.5
5561,29,31,5,70.1,604.0,458.0,93,68011.0,83531,165039,39328,55,16,46.5,46.9
5562,29,31,6,42.1,770.0,433.0,45,62602.0,83531,165039,39328,86,77,63.9,51.8
5563,29,32,1,45.7,2240.0,1274.0,265,351750.0,374742,841734,144548,72,119,65.6,57.4
5564,29,32,2,78.9,2620.0,1153.0,302,357798.0,374742,841734,144548,250,106,48.4,60.7
5565,29,32,3,97.8,4494.0,2109.0,338,302346.0,374742,841734,144548,437,87,78.7,61.8
5566,29,32,4,85.2,1713.0,1372.0,374,268370.0,374742,841734,144548,139,192,93.4,39.5
5567,29,32,5,64.3,3782.0,2007.0,342,315720.0,374742,841734,144548,272,226,39.1,39.8
5568,29,32,6,60.7,4304.0,3104.0,533,329935.0,374742,841734,144548,712,295,50.4,48.0
5569,30,1,1,96.7,74877.0,45142.0,15448,15400675.0,15895157,32748612,5956686,3524,6514,33.3,62.1
5570,30,1,2,58.0,,49498.0,5536,10453338.0,15895157,32748612,5956686,4202,8699,52.6,48.5
5571,30,1,3,62.8,102784.0,64180.0,11290,,15895157,32748612,5956686,4276,4340,32.9,43.6
5572,30,1,4,63.9,56809.0,25083.0,5341,12684071.0,15895157,32748612,5956686,3112,1231,27.9,65.3
5573,30,1,5,53.2,154696.0,133567.0,28399,10689765.0,15895157,32748612,5956686,22898,20514,54.1,77.4
5574,30,1,6,79.6,45612.0,25000.0,8570,12492571.0,15895157,32748612,5956686,3324,2674,64.7,48.9
5575,30,2,1,65.3,1400.0,,215,338860.0,430559,991269,134258,181,69,96.7,56.1
5576,30,2,2,42.5,2256.0,1454.0,156,345956.0,430559,991269,134258,307,170,63.3,74.4
5577,30,2,3,44.1,2660.0,1364.0,228,271908.0,430559,991269,134258,74,68,50.6,40.4
5578,30,2,4,88.4,4079.0,2503.0,534,264158.0,430559,991269,134258,612,278,57.5,78.3
5579,30,2,5,75.9,2515.0,1494.0,165,345806.0,430559,991269,134258,311,58,80.3,2.1
5580,30,2,6,62.2,1703.0,1073.0,128,388837.0,430559,991269,134258,96,128,64.2,59.9
5581,30,3,1,89.8,66831.0,49821.0,9561,8526388.0,10197066,20962807,4918986,11225,4665,23.7,76.8
5582,30,3,2,84.2,68499.0,40819.0,13976,8796915.0,10197066,20962807,4918986,5444,5017,81.1,49.5
5583,30,3,3,72.4,67646.0,52670.0,12753,7772719.0,10197066,20962807,4918986,8524,4384,40.8,38.9
5584,30,3,4,44.3,78747.0,49018.0,14909,6437213.0,10197066,20962807,4918986,4488,8383,55.8,32.0
5585,30,3,5,72.8,34622.0,28284.0,6717,8958659.0,10197066,20962807,4918986,3823,2245,34.5,29.8
5586,30,3,6,43.5,92517.0,78569.0,25503,9083210.0,10197066,20962807,4918986,8236,11757,70.3,46.1
5587,30,4,1,40.7,109923.0,44895.0,13852,27618746.0,33224788,77471266,14657908,2673,3864,57.5,68.2
5588,30,4,2,81.6,325772.0,234642.0,60520,30135812.0,33224788,77471266,14657908,38760,41139,83.6,89.5
5589,30,4,3,71.5,266799.0,184729.0,20552,30949805.0,33224788,77471266,14657908,39872,32139,30.2,35.0
5590,30,4,4,55.3,343428.0,203157.0,50529,21097167.0,33224788,77471266,14657908,27764,22069,54.0,42.8
5591,30,4,5,95.3,277264.0,144323.0,15490,28174393.0,33224788,77471266,14657908,26251,11707,42.4,51.9
5592,30,4,6,59.7,102610.0,80868.0,24978,30432603.0,33224788,77471266,14657908,9117,13118,72.8,10.7
5593,30,5,1,64.9,64685.0,40072.0,7079,5698087.0,8301255,17552477,2568164,8147,1826,53.1,0.0
5594,30,5,2,77.5,84482.0,40900.0,11524,7354612.0,8301255,17552477,2568164,9803,2974,22.8,60.8
5595,30,5,3,98.1,49958.0,32659.0,7587,7904299.0,8301255,17552477,2568164,3433,2187,54.2,86.9
5596,30,5,4,76.6,69667.0,50785.0,7463,6434258.0,8301255,17552477,2568164,9645,8053,65.5,63.8
5597,30,5,5,57.2,47883.0,31322.0,6142,7587609.0,8301255,17552477,2568164,1715,4008,25.3,43.1
5598,30,5,6,98.3,38489.0,25586.0,8307,7399709.0,8301255,17552477,2568164,5642,876,47.3,22.5
5599,30,6,1,37.5,2646.0,1917.0,359,381857.0,395129,947246,184282,441,197,67.3,51.8
5600,30,6,2,98.7,2790.0,2118.0,451,354063.0,395129,947246,184282,444,365,72.9,45.1
5601,30,6,3,88.5,4148.0,2547.0,572,,395129,947246,184282,146,249,40.2,49.6
5602,30,6,4,71.8,1432.0,846.0,135,297601.0,395129,947246,184282,89,43,49.0,23.7
5603,30,6,5,69.9,1223.0,541.0,158,303950.0,395129,947246,184282,28,69,63.6,94.7
5604,30,6,6,76.5,1989.0,1305.0,277,260466.0,395129,947246,184282,157,219,49.8,67.3
5605,30,7,1,63.2,134268.0,63202.0,11513,19646780.0,20127570,43439250,7407605,4761,4723,49.8,48.2
5606,30,7,2,71.0,74790.0,39484.0,7760,18955416.0,20127570,43439250,7407605,8140,5643,49.1,55.6
5607,30,7,3,46.8,,108493.0,24915,17088271.0,20127570,43439250,7407605,11980,13430,75.5,25.2
5608,30,7,4,85.3,44234.0,22471.0,4174,16042876.0,20127570,43439250,7407605,3518,3060,60.8,48.8
5609,30,7,5,40.5,64471.0,50729.0,13271,18779981.0,20127570,43439250,7407605,4209,4322,59.5,91.1
5610,30,7,6,57.7,173098.0,116386.0,17316,17818565.0,20127570,43439250,7407605,10358,14450,25.1,89.7
5611,30,8,1,44.1,33317.0,23127.0,4993,6196508.0,7070889,16705685,3937617,1500,1755,63.4,70.8
5612,30,8,2,47.3,46526.0,19872.0,4077,5783773.0,7070889,16705685,3937617,2625,863,45.9,47.1
5613,30,8,3,56.8,70507.0,55307.0,10243,5108389.0,7070889,16705685,3937617,7287,2953,83.7,15.1
5614,30,8,4,63.0,61142.0,45392.0,11835,5042393.0,7070889,16705685,3937617,7098,6454,72.6,48.5
5615,30,8,5,69.7,68166.0,58112.0,17153,5957966.0,7070889,16705685,3937617,4325,7369,81.9,50.8
5616,30,8,6,83.1,59660.0,38817.0,10003,4243668.0,7070889,16705685,3937617,6826,2288,21.9,25.7
5617,30,9,1,59.5,4505.0,2862.0,579,1784085.0,2110526,4277574,608884,667,304,100.0,76.5
5618,30,9,2,71.8,14975.0,9750.0,2159,1688094.0,2110526,4277574,608884,742,1657,41.6,63.4
5619,30,9,3,66.6,21214.0,11897.0,3309,1826112.0,2110526,4277574,608884,2645,2114,87.0,57.2
5620,30,9,4,91.5,13239.0,7803.0,1917,1706225.0,2110526,4277574,608884,1612,1081,35.4,65.5
5621,30,9,5,92.7,12600.0,9537.0,1187,1985212.0,2110526,4277574,608884,1825,1667,28.0,38.6
5622,30,9,6,48.7,12226.0,6211.0,1854,1337655.0,2110526,4277574,608884,1393,1079,35.0,60.3
5623,30,10,1,47.7,60711.0,51867.0,14353,8342232.0,9616033,21546277,5239259,11746,6425,50.1,43.0
5624,30,10,2,57.8,48972.0,28128.0,9515,8120022.0,9616033,21546277,5239259,5245,4288,52.6,61.4
5625,30,10,3,54.6,59133.0,51377.0,7463,8483483.0,9616033,21546277,5239259,4896,3962,52.3,51.9
5626,30,10,4,43.4,19531.0,15233.0,1648,8377382.0,9616033,21546277,5239259,1758,2092,26.6,98.2
5627,30,10,5,93.4,112201.0,60087.0,16913,6302932.0,9616033,21546277,5239259,8440,3064,3.2,51.4
5628,30,10,6,36.5,62629.0,43082.0,11218,6502448.0,9616033,21546277,5239259,4846,4948,27.0,39.3
5629,30,11,1,52.4,103137.0,84772.0,26461,12608476.0,16496527,40053342,6395377,16174,3334,69.1,64.4
5630,30,11,2,36.3,151512.0,,31163,10342057.0,16496527,40053342,6395377,21034,18320,70.2,26.2
5631,30,11,3,42.3,55563.0,47207.0,9459,10602245.0,16496527,40053342,6395377,-5481,4698,51.1,36.1
5632,30,11,4,39.1,65042.0,57832.0,12044,15264180.0,16496527,40053342,6395377,4263,3204,42.8,69.3
5633,30,11,5,91.5,184072.0,88199.0,25102,11935907.0,16496527,40053342,6395377,7210,13277,62.3,34.8
5634,30,11,6,41.9,185105.0,137249.0,41841,13687708.0,16496527,40053342,6395377,20462,7435,51.6,60.2
5635,30,12,1,59.7,88119.0,69171.0,19996,7699836.0,9917805,21257954,4380571,9051,10490,33.2,72.7
5636,30,12,2,91.7,63553.0,50652.0,17515,6293632.0,9917805,21257954,4380571,10230,3864,67.1,100.0
5637,30,12,3,58.7,66556.0,56755.0,11524,6016866.0,9917805,21257954,4380571,7523,8536,0.0,68.4
5638,30,12,4,90.7,36044.0,29406.0,3658,6175851.0,9917805,21257954,4380571,6902,4258,57.6,78.0
5639,30,12,5,59.1,22724.0,12244.0,1441,,9917805,21257954,4380571,2951,1468,7.3,53.5
5640,30,12,6,52.6,20583.0,15757.0,3880,7159268.0,9917805,21257954,4380571,3298,1780,38.1,7.6
5641,30,13,1,95.2,134791.0,66098.0,22722,17207781.0,21804486,52549620,7982529,6293,2430,49.7,37.1
5642,30,13,2,38.6,186900.0,108012.0,25517,20428620.0,21804486,52549620,7982529,16557,13568,55.8,57.3
5643,30,13,3,84.9,223249.0,163502.0,53137,20158350.0,21804486,52549620,7982529,33737,7230,13.7,61.0
5644,30,13,4,65.5,183344.0,104149.0,33869,17806103.0,21804486,52549620,7982529,13866,6253,,37.6
5645,30,13,5,82.6,168511.0,139288.0,20249,13392024.0,21804486,52549620,7982529,30775,15597,22.5,43.7
5646,30,13,6,76.9,75886.0,66053.0,13524,18369158.0,21804486,52549620,7982529,3721,2589,67.8,36.6
5647,30,14,1,83.8,289409.0,185667.0,26466,23126919.0,30281374,76964223,15882652,31837,11870,52.8,69.5
5648,30,14,2,64.7,132006.0,58737.0,12543,28098188.0,30281374,76964223,15882652,9040,4328,39.7,94.2
5649,30,14,3,37.2,308843.0,238804.0,27487,27338625.0,30281374,76964223,15882652,40225,20246,35.5,86.7
5650,30,14,4,77.7,319114.0,273626.0,73782,26353531.0,30281374,76964223,15882652,28031,44381,44.5,81.2
5651,30,14,5,98.0,103259.0,78072.0,20071,26021142.0,30281374,76964223,15882652,13551,4653,28.1,47.1
5652,30,14,6,94.4,317350.0,132696.0,37073,21971568.0,30281374,76964223,15882652,24001,16145,42.9,47.0
5653,30,15,1,57.1,7300.0,,1221,640718.0,840230,1748887,263080,696,280,87.1,44.9
5654,30,15,2,63.9,8171.0,5333.0,1706,539782.0,840230,1748887,263080,680,254,45.1,48.6
5655,30,15,3,62.6,8539.0,4572.0,624,676842.0,840230,1748887,263080,267,470,81.3,75.4
5656,30,15,4,50.1,1604.0,1003.0,255,561163.0,840230,1748887,263080,78,110,53.6,38.6
5657,30,15,5,53.2,,5357.0,754,746729.0,840230,1748887,263080,594,265,40.4,71.8
5658,30,15,6,97.5,5806.0,4823.0,1155,771428.0,840230,1748887,263080,764,323,39.7,63.9
5659,30,16,1,60.5,6991.0,5365.0,575,626899.0,954546,2075319,285598,391,709,11.7,37.5
5660,30,16,2,49.3,4794.0,3614.0,944,595232.0,954546,2075319,285598,893,218,30.6,55.9
5661,30,16,3,37.3,9406.0,7819.0,1879,779222.0,954546,2075319,285598,1563,1284,52.2,56.0
5662,30,16,4,90.7,5538.0,3121.0,785,644737.0,954546,2075319,285598,389,339,83.3,59.9
5663,30,16,5,95.6,2087.0,934.0,153,862667.0,954546,2075319,285598,144,122,68.9,89.6
5664,30,16,6,80.1,10162.0,6625.0,1712,752160.0,954546,2075319,285598,761,787,71.4,64.5
5665,30,17,1,63.7,2125.0,1002.0,138,206522.0,312285,716851,108598,60,55,59.7,83.3
5666,30,17,2,41.1,2122.0,1097.0,367,203725.0,312285,716851,108598,134,144,,80.1
5667,30,17,3,64.7,1979.0,1318.0,147,295333.0,312285,716851,108598,92,201,64.1,63.2
5668,30,17,4,78.3,1610.0,690.0,111,258551.0,312285,716851,108598,125,49,44.6,72.8
5669,30,17,5,48.1,3447.0,1816.0,388,231926.0,312285,716851,108598,281,215,64.7,11.9
5670,30,17,6,68.8,2068.0,1402.0,151,289068.0,312285,716851,108598,132,188,49.3,49.0
5671,30,18,1,71.6,5880.0,,748,452037.0,607359,1222821,300538,764,540,51.1,69.6
5672,30,18,2,57.3,2971.0,2458.0,801,537118.0,607359,1222821,300538,432,331,42.6,54.6
5673,30,18,3,41.1,6009.0,5362.0,1537,564635.0,607359,1222821,300538,272,507,51.9,37.8
5674,30,18,4,45.2,,1010.0,210,551735.0,607359,1222821,300538,135,121,34.2,72.5
5675,30,18,5,35.0,1808.0,1276.0,444,464857.0,607359,1222821,300538,94,105,49.2,80.2
5676,30,18,6,94.5,2266.0,1888.0,374,415618.0,607359,1222821,300538,150,109,20.7,59.8
5677,30,19,1,77.7,130476.0,87368.0,12317,8957274.0,11488907,28883883,3724192,10238,7534,40.8,47.2
5678,30,19,2,88.1,132425.0,93290.0,27873,10530035.0,11488907,28883883,3724192,15302,12488,71.5,41.6
5679,30,19,3,74.2,40472.0,29123.0,9332,9771055.0,11488907,28883883,3724192,3351,4751,58.2,73.7
5680,30,19,4,86.3,72037.0,28948.0,3543,7288870.0,11488907,28883883,3724192,6773,4375,63.0,68.9
5681,30,19,5,78.0,128495.0,73339.0,23093,7956819.0,11488907,28883883,3724192,6132,6441,57.4,39.3
5682,30,19,6,51.1,104109.0,60073.0,17123,10444788.0,11488907,28883883,3724192,5417,9769,71.2,42.4
5683,30,20,1,98.8,42707.0,19234.0,2463,7041467.0,8530617,17558654,3080868,1159,1084,71.1,52.5
5684,30,20,2,74.5,56951.0,42803.0,9852,6489286.0,8530617,17558654,3080868,4597,1896,53.7,22.1
5685,30,20,3,79.9,16719.0,13475.0,3726,5530122.0,8530617,17558654,3080868,3307,1055,90.6,60.0
5686,30,20,4,65.5,24845.0,12505.0,4210,5527849.0,8530617,17558654,3080868,2240,946,62.9,66.9
5687,30,20,5,36.2,56702.0,40646.0,12339,6530237.0,8530617,17558654,3080868,-7775,6834,37.6,56.9
5688,30,20,6,74.8,39891.0,17626.0,3384,5978447.0,8530617,17558654,3080868,1985,1608,,61.5
5689,30,21,1,52.0,102233.0,79219.0,13367,17579492.0,19743103,50396187,9739657,9656,6016,53.2,82.1
5690,30,21,2,45.7,159178.0,116652.0,29949,15312031.0,19743103,50396187,9739657,13756,6133,49.2,65.3
5691,30,21,3,54.7,54632.0,48666.0,7448,13396567.0,19743103,50396187,9739657,10416,1771,75.1,47.3
5692,30,21,4,74.8,94936.0,83315.0,22847,15868218.0,19743103,50396187,9739657,10450,6157,63.0,35.0
5693,30,21,5,55.7,177198.0,125069.0,15898,14615326.0,19743103,50396187,9739657,25796,13524,54.0,45.0
5694,30,21,6,56.4,133648.0,88024.0,20304,12894282.0,19743103,50396187,9739657,7281,14051,40.0,32.6
5695,30,22,1,58.9,468.0,310.0,91,159970.0,203666,418433,69511,54,44,,42.8
5696,30,22,2,43.3,1286.0,964.0,189,163078.0,203666,418433,69511,80,102,31.8,16.4
5697,30,22,3,78.4,1713.0,1472.0,342,150527.0,203666,418433,69511,182,194,75.3,75.1
5698,30,22,4,53.5,1719.0,1316.0,159,169182.0,203666,418433,69511,81,164,45.2,46.9
5699,30,22,5,64.5,1167.0,983.0,167,166829.0,203666,418433,69511,245,164,56.4,39.1
5700,30,22,6,36.7,1433.0,771.0,237,142164.0,203666,418433,69511,59,49,62.7,51.1
5701,30,23,1,48.4,170153.0,129290.0,44608,20136376.0,22346246,44005557,8789629,9447,18252,33.9,79.7
5702,30,23,2,43.6,218886.0,186470.0,26669,16926584.0,22346246,44005557,8789629,41155,14562,55.1,14.8
5703,30,23,3,36.7,60137.0,45715.0,10742,13701612.0,22346246,44005557,8789629,7119,7031,37.3,56.4
5704,30,23,4,65.6,194635.0,130711.0,39057,19763779.0,22346246,44005557,8789629,23045,17666,10.3,76.4
5705,30,23,5,94.9,102682.0,68035.0,11489,15210872.0,22346246,44005557,8789629,9044,4120,41.8,49.9
5706,30,23,6,93.6,167912.0,125718.0,31608,16748008.0,22346246,44005557,8789629,26999,20814,45.7,42.1
5707,30,24,1,90.2,92670.0,60010.0,19101,7471108.0,10194475,23004050,3446210,4915,6019,77.9,80.6
5708,30,24,2,96.7,96866.0,60820.0,8758,9114141.0,10194475,23004050,3446210,8301,2552,63.9,88.8
5709,30,24,3,53.3,50390.0,45001.0,7068,6597028.0,10194475,23004050,3446210,9604,6825,35.0,62.1
5710,30,24,4,71.0,68184.0,56454.0,18638,8002027.0,10194475,23004050,3446210,6835,6677,34.9,76.7
5711,30,24,5,46.9,104465.0,63229.0,6516,7817947.0,10194475,23004050,3446210,15001,8944,48.3,49.0
5712,30,24,6,75.9,54116.0,33481.0,3394,6949962.0,10194475,23004050,3446210,4984,2692,46.5,58.6
5713,30,25,1,35.1,10030.0,8306.0,2203,663112.0,1035357,2449285,424031,525,249,70.7,57.4
5714,30,25,2,49.0,4675.0,2739.0,313,727041.0,1035357,2449285,424031,592,151,46.6,59.8
5715,30,25,3,53.5,,2188.0,263,757684.0,1035357,2449285,424031,245,384,75.5,76.7
5716,30,25,4,58.1,12297.0,8687.0,2900,,1035357,2449285,424031,2094,1402,24.1,27.0
5717,30,25,5,67.6,4948.0,3378.0,1038,682588.0,1035357,2449285,424031,476,192,69.1,96.1
5718,30,25,6,73.6,11964.0,8039.0,2423,808658.0,1035357,2449285,424031,838,1127,56.2,59.6
5719,30,26,1,58.8,546872.0,323818.0,53819,37821073.0,62921985,134312211,27048696,47309,43450,57.9,62.5
5720,30,26,2,70.6,218666.0,126846.0,43088,39353861.0,62921985,134312211,27048696,18455,21592,76.2,50.6
5721,30,26,3,55.5,642086.0,294897.0,62462,42732830.0,62921985,134312211,27048696,70227,38868,49.5,75.6
5722,30,26,4,86.0,435315.0,310406.0,70800,52540645.0,62921985,134312211,27048696,20641,15086,53.2,28.0
5723,30,26,5,46.8,129573.0,52374.0,12186,,62921985,134312211,27048696,4072,3090,64.3,54.3
5724,30,26,6,60.3,688181.0,392066.0,75822,47862676.0,62921985,134312211,27048696,92498,66457,66.3,69.7
5725,30,27,1,48.6,13724.0,6060.0,1552,4127369.0,5216795,12496064,2315808,924,618,36.9,66.2
5726,30,27,2,60.5,28137.0,17530.0,1990,4930442.0,5216795,12496064,2315808,2346,2803,55.6,72.5
5727,30,27,3,67.7,43174.0,20698.0,6744,5000152.0,5216795,12496064,2315808,1596,1711,77.4,82.6
5728,30,27,4,35.4,48749.0,25746.0,5587,4265852.0,5216795,12496064,2315808,5742,4517,38.2,35.7
5729,30,27,5,85.0,44962.0,34291.0,4606,3854333.0,5216795,12496064,2315808,4244,2890,42.1,89.8
5730,30,27,6,90.2,28384.0,20023.0,3524,3494814.0,5216795,12496064,2315808,3495,640,41.3,100.0
5731,30,28,1,54.1,228686.0,185303.0,36542,20971262.0,27250564,58917969,11422471,15866,23609,67.7,77.5
5732,30,28,2,81.9,266484.0,211406.0,28913,24710883.0,27250564,58917969,11422471,39343,22297,80.9,60.4
5733,30,28,3,37.8,171619.0,152514.0,41102,23461024.0,27250564,58917969,11422471,20967,6092,75.7,65.7
5734,30,28,4,53.1,139893.0,113044.0,26579,19666269.0,27250564,58917969,11422471,10892,8707,52.2,23.1
5735,30,28,5,38.3,198906.0,101906.0,14696,22359174.0,27250564,58917969,11422471,10689,5318,45.1,43.7
5736,30,28,6,79.7,208721.0,88502.0,29492,22746180.0,27250564,58917969,11422471,6490,15538,11.6,9.9
5737,30,29,1,80.4,39294.0,33269.0,11560,5459502.0,8967284,18261860,4559213,2277,5284,32.2,25.3
5738,30,29,2,56.4,82484.0,49774.0,10296,7892913.0,8967284,18261860,4559213,11900,8957,68.6,65.0
5739,30,29,3,74.4,68284.0,50073.0,7546,7802101.0,8967284,18261860,4559213,7489,3630,41.1,88.3
5740,30,29,4,57.2,43682.0,34373.0,7225,8291425.0,8967284,18261860,4559213,6284,1294,56.8,79.6
5741,30,29,5,75.4,63635.0,48878.0,13776,8483076.0,8967284,18261860,4559213,6764,6194,50.4,30.3
5742,30,29,6,67.9,43990.0,19447.0,5693,8253847.0,8967284,18261860,4559213,1972,871,47.7,39.2
5743,30,30,1,71.6,39993.0,34686.0,9580,3062608.0,3422833,7775236,1519490,3519,4299,27.4,62.0
5744,30,30,2,55.7,27182.0,12932.0,2166,2873819.0,3422833,7775236,1519490,1749,858,70.6,52.3
5745,30,30,3,84.8,33709.0,27165.0,7789,3337600.0,3422833,7775236,1519490,2629,4407,47.7,29.2
5746,30,30,4,40.6,15230.0,10767.0,3552,,3422833,7775236,1519490,1486,590,47.4,71.4
5747,30,30,5,92.0,11312.0,8767.0,2977,3106683.0,3422833,7775236,1519490,1229,941,,47.7
5748,30,30,6,71.0,29448.0,18207.0,5312,2201968.0,3422833,7775236,1519490,4311,746,41.2,100.0
5749,30,31,1,94.3,449.0,254.0,45,46836.0,73841,188762,35613,18,29,65.3,14.9
5750,30,31,2,35.3,566.0,484.0,159,52076.0,73841,188762,35613,58,33,56.2,68.8
5751,30,31,3,51.2,851.0,726.0,140,45271.0,73841,188762,35613,108,87,33.2,79.4
5752,30,31,4,81.3,297.0,124.0,34,45274.0,73841,188762,35613,24,8,53.7,72.4
5753,30,31,5,75.4,894.0,792.0,122,55975.0,73841,188762,35613,123,53,46.8,67.7
5754,30,31,6,68.0,839.0,405.0,135,49007.0,73841,188762,35613,84,65,32.7,29.5
5755,30,32,1,62.1,828.0,544.0,84,252696.0,393449,834054,154445,63,45,34.6,64.2
5756,30,32,2,69.1,3446.0,1669.0,262,280451.0,393449,834054,154445,181,252,79.4,56.3
5757,30,32,3,70.7,3410.0,1695.0,175,325316.0,393449,834054,154445,125,68,50.7,86.9
5758,30,32,4,96.0,3148.0,2117.0,482,299203.0,393449,834054,154445,377,182,46.4,36.2
5759,30,32,5,64.5,2599.0,2228.0,271,313800.0,393449,834054,154445,478,263,35.8,18.7
5760,30,32,6,49.4,4446.0,2773.0,598,340816.0,393449,834054,154445,484,484,37.5,54.8
5761,31,1,1,49.6,82080.0,62243.0,7741,13840905.0,14251152,30357101,6406267,15260,4858,56.9,59.5
5762,31,1,2,43.7,62825.0,27920.0,8467,11655769.0,14251152,30357101,6406267,6948,2243,32.7,72.1
5763,31,1,3,64.7,160590.0,110948.0,13030,12601620.0,14251152,30357101,6406267,15350,15444,65.7,60.7
5764,31,1,4,81.4,160093.0,119525.0,26922,8834750.0,14251152,30357101,6406267,22873,11211,33.3,26.1
5765,31,1,5,80.9,49518.0,34593.0,5521,8837002.0,14251152,30357101,6406267,8163,4426,51.6,79.9
5766,31,1,6,58.6,116317.0,58594.0,15923,11496627.0,14251152,30357101,6406267,10680,9798,33.9,34.5
5767,31,2,1,60.8,825.0,531.0,132,429361.0,478731,995666,194715,83,53,40.0,62.7
5768,31,2,2,98.5,2206.0,1851.0,265,418950.0,478731,995666,194715,176,149,52.3,100.0
5769,31,2,3,39.1,1659.0,854.0,206,327570.0,478731,995666,194715,203,27,26.5,15.2
5770,31,2,4,36.5,2366.0,1130.0,152,302150.0,478731,995666,194715,221,55,14.9,25.6
5771,31,2,5,43.2,3823.0,2545.0,379,341011.0,478731,995666,194715,133,262,35.3,41.3
5772,31,2,6,55.4,2890.0,1201.0,189,396513.0,478731,995666,194715,292,170,41.5,42.3
5773,31,3,1,59.6,39510.0,27109.0,3014,7456851.0,9141865,21959490,2994111,5501,1683,50.6,60.4
5774,31,3,2,70.6,32080.0,18109.0,6201,8616023.0,9141865,21959490,2994111,2958,2664,50.5,43.8
5775,31,3,3,86.5,31154.0,19054.0,3138,6123215.0,9141865,21959490,2994111,2127,1613,39.9,72.8
5776,31,3,4,42.3,32797.0,20713.0,6348,6755066.0,9141865,21959490,2994111,1772,1598,97.1,99.0
5777,31,3,5,37.9,26734.0,13021.0,3233,5515337.0,9141865,21959490,2994111,1643,1928,70.8,87.5
5778,31,3,6,62.5,,51195.0,12801,6003720.0,9141865,21959490,2994111,12692,1751,56.3,49.9
5779,31,4,1,39.4,265663.0,160402.0,49029,24932067.0,35297614,73414926,11272860,38752,5919,48.8,52.3
5780,31,4,2,65.2,264399.0,158318.0,29374,33743410.0,35297614,73414926,11272860,18307,7608,43.8,67.8
5781,31,4,3,73.9,170114.0,83259.0,28530,24161608.0,35297614,73414926,11272860,19729,14503,54.8,61.6
5782,31,4,4,78.5,68836.0,52771.0,11505,32824266.0,35297614,73414926,11272860,6063,2690,35.2,64.8
5783,31,4,5,59.3,106266.0,85194.0,21211,27611688.0,35297614,73414926,11272860,7850,8140,30.8,57.3
5784,31,4,6,69.0,318888.0,188313.0,62181,25120696.0,35297614,73414926,11272860,10781,26466,74.2,50.5
5785,31,5,1,59.7,73821.0,58052.0,15144,5658467.0,7076008,17189882,2554274,13424,2719,50.2,40.8
5786,31,5,2,91.5,73527.0,63462.0,17829,4814292.0,7076008,17189882,2554274,13733,9646,36.4,52.2
5787,31,5,3,85.5,45816.0,,2033,6284125.0,7076008,17189882,2554274,1811,2614,12.5,46.5
5788,31,5,4,39.7,36694.0,29294.0,8797,5313527.0,7076008,17189882,2554274,2516,1298,45.5,63.1
5789,31,5,5,79.0,23183.0,15619.0,4697,5674296.0,7076008,17189882,2554274,2019,538,28.2,50.9
5790,31,5,6,63.5,21414.0,16028.0,3701,,7076008,17189882,2554274,1963,2525,62.7,90.7
5791,31,6,1,58.3,1933.0,1099.0,382,332207.0,426036,916723,215981,264,92,75.5,63.1
5792,31,6,2,85.3,4645.0,,490,317769.0,426036,916723,215981,402,426,92.1,55.7
5793,31,6,3,50.6,4262.0,2460.0,723,354789.0,426036,916723,215981,482,363,59.7,84.1
5794,31,6,4,66.5,3270.0,2647.0,871,326313.0,426036,916723,215981,214,437,66.2,76.0
5795,31,6,5,37.4,865.0,522.0,157,,426036,916723,215981,128,64,35.2,37.4
5796,31,6,6,85.9,856.0,491.0,72,299616.0,426036,916723,215981,104,37,19.4,70.0
5797,31,7,1,89.5,153948.0,109582.0,33534,17896403.0,18604793,41895478,7766192,15068,13234,47.6,81.8
5798,31,7,2,36.9,118196.0,87837.0,22261,15916850.0,18604793,41895478,7766192,13068,11897,30.4,91.2
5799,31,7,3,77.7,43218.0,38890.0,5442,13033082.0,18604793,41895478,7766192,8317,4050,35.2,28.9
5800,31,7,4,40.0,62808.0,30291.0,5461,,18604793,41895478,7766192,5695,4875,48.4,75.4
5801,31,7,5,57.1,122010.0,67934.0,23614,17494396.0,18604793,41895478,7766192,14523,7915,15.4,51.6
5802,31,7,6,97.3,56631.0,35135.0,9250,12412991.0,18604793,41895478,7766192,4259,1349,31.4,28.2
5803,31,8,1,63.0,41410.0,24721.0,7257,4754229.0,7606415,16654500,3292152,3208,1706,36.0,29.5
5804,31,8,2,54.5,82105.0,69153.0,8138,6736178.0,7606415,16654500,3292152,16198,3467,17.2,46.0
5805,31,8,3,91.6,,35163.0,7760,6600364.0,7606415,16654500,3292152,6400,1965,54.9,19.0
5806,31,8,4,80.4,55953.0,26666.0,8141,5785198.0,7606415,16654500,3292152,3337,3841,32.2,25.0
5807,31,8,5,90.0,31111.0,21090.0,5724,5870753.0,7606415,16654500,3292152,3030,2657,54.5,35.6
5808,31,8,6,61.5,72842.0,49397.0,8083,6955512.0,7606415,16654500,3292152,8616,4416,52.5,26.1
5809,31,9,1,75.5,20683.0,14319.0,3589,1572484.0,2128983,4477886,822385,750,1023,50.0,27.6
5810,31,9,2,55.6,11510.0,7062.0,1571,1734024.0,2128983,4477886,822385,423,1030,56.8,44.5
5811,31,9,3,90.3,13442.0,,1316,1723381.0,2128983,4477886,822385,1378,1055,56.4,36.7
5812,31,9,4,52.8,7807.0,5908.0,1276,1856310.0,2128983,4477886,822385,722,492,65.6,32.5
5813,31,9,5,46.1,7549.0,4487.0,856,2034032.0,2128983,4477886,822385,878,353,34.5,0.0
5814,31,9,6,43.7,7723.0,3741.0,1295,1387032.0,2128983,4477886,822385,859,295,31.7,69.1
5815,31,10,1,46.2,77255.0,64280.0,21872,7200498.0,11255404,21781195,3429840,4841,11452,58.4,70.4
5816,31,10,2,54.0,95314.0,41633.0,7549,7238196.0,11255404,21781195,3429840,8780,5756,45.1,53.2
5817,31,10,3,73.0,68045.0,61062.0,14612,9837912.0,11255404,21781195,3429840,13460,9222,70.4,72.2
5818,31,10,4,82.6,40965.0,34963.0,8315,7172055.0,11255404,21781195,3429840,8098,4732,52.3,37.1
5819,31,10,5,48.5,60582.0,44416.0,13026,9610920.0,11255404,21781195,3429840,6473,3102,46.8,36.5
5820,31,10,6,86.8,27342.0,,3930,10165498.0,11255404,21781195,3429840,3974,3796,63.2,66.3
5821,31,11,1,60.8,149098.0,108049.0,34952,15063655.0,19815306,41349503,7030635,21577,8139,41.2,55.1
5822,31,11,2,96.6,44180.0,39661.0,12323,18512191.0,19815306,41349503,7030635,7787,5801,39.4,40.6
5823,31,11,3,87.6,119623.0,80893.0,10215,12800432.0,19815306,41349503,7030635,7961,8908,59.6,22.1
5824,31,11,4,65.9,200465.0,94127.0,28476,12347542.0,19815306,41349503,7030635,23482,10608,41.3,56.2
5825,31,11,5,45.9,185458.0,137269.0,29602,17737831.0,19815306,41349503,7030635,13507,6011,48.6,23.2
5826,31,11,6,87.1,195338.0,89771.0,30992,15042042.0,19815306,41349503,7030635,15169,5432,51.9,42.4
5827,31,12,1,40.6,87427.0,61521.0,12332,7386979.0,10165747,20849581,3189228,8873,10622,34.6,52.6
5828,31,12,2,62.0,30889.0,19581.0,3523,7599727.0,10165747,20849581,3189228,2566,897,47.4,46.5
5829,31,12,3,42.9,63731.0,48228.0,10557,8994502.0,10165747,20849581,3189228,8543,8148,52.4,49.7
5830,31,12,4,88.0,35829.0,28969.0,3744,7336898.0,10165747,20849581,3189228,4160,4400,31.9,48.5
5831,31,12,5,89.2,,29592.0,7663,7944421.0,10165747,20849581,3189228,5795,2157,52.9,3.1
5832,31,12,6,41.1,55210.0,26237.0,7907,7272058.0,10165747,20849581,3189228,4830,1048,36.6,73.0
5833,31,13,1,80.0,254747.0,123839.0,20996,15363803.0,23644818,48471234,11630936,10045,16285,91.6,52.0
5834,31,13,2,45.4,133175.0,97434.0,20756,22488445.0,23644818,48471234,11630936,8123,6007,41.9,70.5
5835,31,13,3,83.9,237087.0,196078.0,53781,20787869.0,23644818,48471234,11630936,48043,11424,39.8,62.0
5836,31,13,4,85.6,236104.0,157325.0,27423,14999007.0,23644818,48471234,11630936,26029,16381,60.7,94.9
5837,31,13,5,71.9,96035.0,43300.0,5088,16653749.0,23644818,48471234,11630936,6763,2571,38.2,84.1
5838,31,13,6,82.4,222675.0,106104.0,29703,21291854.0,23644818,48471234,11630936,20900,15952,46.0,61.1
5839,31,14,1,68.4,71907.0,50964.0,8880,22394357.0,36120854,73189438,17119711,9955,2442,53.5,86.3
5840,31,14,2,49.2,290602.0,235325.0,47988,27445192.0,36120854,73189438,17119711,41924,34364,20.6,52.0
5841,31,14,3,35.4,124530.0,97693.0,9788,21688234.0,36120854,73189438,17119711,16381,6974,44.9,35.5
5842,31,14,4,49.4,78863.0,44131.0,13826,24444331.0,36120854,73189438,17119711,9243,5131,38.6,58.0
5843,31,14,5,49.2,226300.0,95702.0,23710,30769441.0,36120854,73189438,17119711,5885,8956,54.2,79.0
5844,31,14,6,36.3,249798.0,197149.0,37276,34903249.0,36120854,73189438,17119711,42768,27661,87.4,39.9
5845,31,15,1,92.6,4605.0,3307.0,897,546416.0,856126,1799918,335389,170,297,49.9,74.4
5846,31,15,2,81.1,5074.0,3677.0,1193,794588.0,856126,1799918,335389,191,484,95.8,46.7
5847,31,15,3,50.5,1564.0,1369.0,380,729843.0,856126,1799918,335389,193,183,46.4,80.4
5848,31,15,4,90.7,7489.0,6419.0,1460,704731.0,856126,1799918,335389,543,786,87.9,68.9
5849,31,15,5,75.1,2409.0,1723.0,600,,856126,1799918,335389,165,69,59.7,61.3
5850,31,15,6,46.3,2504.0,1919.0,250,637601.0,856126,1799918,335389,281,292,,69.9
5851,31,16,1,92.9,,3243.0,658,785628.0,960224,1952164,470630,463,448,79.2,21.6
5852,31,16,2,70.7,,2091.0,700,697087.0,960224,1952164,470630,416,252,50.4,50.8
5853,31,16,3,56.8,3993.0,2168.0,751,687647.0,960224,1952164,470630,130,227,70.4,62.6
5854,31,16,4,67.5,9243.0,4488.0,605,615258.0,960224,1952164,470630,244,646,54.8,75.2
5855,31,16,5,71.0,1938.0,1026.0,115,866131.0,960224,1952164,470630,-130,131,43.6,84.7
5856,31,16,6,43.8,4559.0,3701.0,755,705186.0,960224,1952164,470630,456,622,70.0,49.8
5857,31,17,1,76.6,3481.0,2865.0,500,284756.0,333135,715086,125278,675,229,28.0,63.4
5858,31,17,2,48.5,1547.0,855.0,145,222576.0,333135,715086,125278,167,96,59.1,76.5
5859,31,17,3,50.0,2610.0,1105.0,311,299851.0,333135,715086,125278,221,48,85.7,49.8
5860,31,17,4,80.3,1878.0,755.0,139,211832.0,333135,715086,125278,48,90,45.4,82.9
5861,31,17,5,36.2,1229.0,997.0,285,310721.0,333135,715086,125278,87,177,70.5,63.4
5862,31,17,6,38.9,1265.0,,143,284637.0,333135,715086,125278,84,74,43.0,21.6
5863,31,18,1,62.5,6253.0,3310.0,732,472189.0,565344,1304150,204246,386,124,54.2,62.5
5864,31,18,2,64.5,2919.0,1777.0,203,526623.0,565344,1304150,204246,441,129,25.3,43.6
5865,31,18,3,45.9,5768.0,3106.0,427,383486.0,565344,1304150,204246,163,444,61.9,76.5
5866,31,18,4,46.0,5636.0,2535.0,275,391046.0,565344,1304150,204246,602,152,29.3,56.8
5867,31,18,5,73.4,1420.0,995.0,291,410464.0,565344,1304150,204246,186,132,37.8,29.0
5868,31,18,6,79.2,3479.0,1709.0,295,372221.0,565344,1304150,204246,210,294,63.2,55.6
5869,31,19,1,45.1,99857.0,72180.0,19327,8697858.0,11948002,29150468,5194514,4375,2268,36.8,31.6
5870,31,19,2,89.3,114910.0,88886.0,17871,8606338.0,11948002,29150468,5194514,10040,14447,54.4,52.8
5871,31,19,3,66.5,89601.0,70162.0,16341,7486555.0,11948002,29150468,5194514,17231,9605,47.5,77.4
5872,31,19,4,77.5,51951.0,24061.0,7461,8259603.0,11948002,29150468,5194514,2056,2661,38.3,49.3
5873,31,19,5,37.5,,79772.0,21915,8210690.0,11948002,29150468,5194514,9163,13982,55.6,82.4
5874,31,19,6,80.7,72452.0,59205.0,17112,11462863.0,11948002,29150468,5194514,13059,9705,68.0,47.5
5875,31,20,1,65.4,57209.0,51425.0,6693,7002049.0,8263237,18586143,2612882,6845,3803,59.1,41.8
5876,31,20,2,81.5,70411.0,43231.0,4784,6279160.0,8263237,18586143,2612882,6052,4455,39.8,61.9
5877,31,20,3,54.0,62829.0,41130.0,12871,7852415.0,8263237,18586143,2612882,3451,4217,43.1,70.3
5878,31,20,4,44.2,49780.0,29379.0,9574,7648499.0,8263237,18586143,2612882,5154,4119,48.9,42.7
5879,31,20,5,36.4,65411.0,,14834,5039893.0,8263237,18586143,2612882,7955,2059,40.9,36.7
5880,31,20,6,57.5,23652.0,18947.0,4478,6424121.0,8263237,18586143,2612882,1321,3353,7.2,30.3
5881,31,21,1,42.9,172701.0,103946.0,24280,17147089.0,19469292,46553590,10884251,22000,17644,15.8,69.3
5882,31,21,2,59.5,152282.0,88902.0,22464,17643607.0,19469292,46553590,10884251,12921,13110,44.7,90.9
5883,31,21,3,60.0,43624.0,28846.0,8140,12439753.0,19469292,46553590,10884251,4464,4699,33.5,45.1
5884,31,21,4,50.8,183169.0,83797.0,10976,15242963.0,19469292,46553590,10884251,7539,8203,66.5,7.5
5885,31,21,5,58.2,222553.0,180786.0,52185,11719412.0,19469292,46553590,10884251,12105,10784,52.0,83.1
5886,31,21,6,37.4,202164.0,102341.0,31437,17764517.0,19469292,46553590,10884251,6389,11938,43.9,39.0
5887,31,22,1,66.7,1324.0,1088.0,184,153632.0,182766,403454,74275,160,33,57.7,62.8
5888,31,22,2,37.8,1314.0,1030.0,147,,182766,403454,74275,76,151,52.1,29.1
5889,31,22,3,39.9,1739.0,883.0,191,134526.0,182766,403454,74275,114,121,50.5,74.1
5890,31,22,4,65.2,661.0,570.0,123,115877.0,182766,403454,74275,64,36,38.5,62.8
5891,31,22,5,43.9,550.0,262.0,47,119869.0,182766,403454,74275,15,38,54.1,21.8
5892,31,22,6,89.2,1270.0,817.0,122,109951.0,182766,403454,74275,190,130,38.0,42.3
5893,31,23,1,73.1,164459.0,133577.0,30164,18102431.0,20250532,46122004,8608054,31525,16734,46.1,36.2
5894,31,23,2,50.6,147232.0,60219.0,7922,16377057.0,20250532,46122004,8608054,10898,8932,59.7,52.0
5895,31,23,3,37.5,229370.0,133471.0,32042,12807597.0,20250532,46122004,8608054,11420,14230,66.9,54.4
5896,31,23,4,71.8,41344.0,33870.0,6865,17819381.0,20250532,46122004,8608054,4726,2731,48.7,25.7
5897,31,23,5,94.1,126462.0,89538.0,8960,17750340.0,20250532,46122004,8608054,16558,5791,52.3,48.3
5898,31,23,6,67.5,,104669.0,11593,14905658.0,20250532,46122004,8608054,25194,5306,55.3,68.3
5899,31,24,1,62.8,41844.0,37183.0,5973,7156654.0,11509777,22494865,3759516,5873,4349,67.8,62.9
5900,31,24,2,51.2,64811.0,26063.0,5717,9560754.0,11509777,22494865,3759516,3817,4684,44.5,48.2
5901,31,24,3,77.2,117681.0,60395.0,19063,9095944.0,11509777,22494865,3759516,8101,7131,76.8,48.8
5902,31,24,4,69.5,43161.0,31330.0,5048,9171113.0,11509777,22494865,3759516,5103,4577,47.3,29.8
5903,31,24,5,45.3,98442.0,67547.0,17189,8289238.0,11509777,22494865,3759516,15633,2500,44.1,39.5
5904,31,24,6,47.4,77621.0,39454.0,12615,9025504.0,11509777,22494865,3759516,7112,3688,61.2,56.1
5905,31,25,1,65.2,4025.0,2970.0,993,1120403.0,1218140,2281345,525748,462,436,45.4,60.6
5906,31,25,2,56.5,9949.0,4549.0,885,1000605.0,1218140,2281345,525748,1094,236,75.7,44.5
5907,31,25,3,85.9,10629.0,6005.0,1999,1040980.0,1218140,2281345,525748,683,989,25.7,15.2
5908,31,25,4,84.7,4588.0,2267.0,621,756185.0,1218140,2281345,525748,313,390,42.8,64.3
5909,31,25,5,50.3,8109.0,4099.0,839,1097886.0,1218140,2281345,525748,845,330,52.9,67.6
5910,31,25,6,53.7,11830.0,5501.0,1596,886199.0,1218140,2281345,525748,1179,545,40.7,53.8
5911,31,26,1,65.2,478418.0,368478.0,43060,50643922.0,56307779,138203738,31320938,76695,48231,41.1,50.1
5912,31,26,2,81.1,422050.0,325723.0,98041,36980896.0,56307779,138203738,31320938,76815,10649,28.3,66.9
5913,31,26,3,76.3,371681.0,295194.0,30265,54546018.0,56307779,138203738,31320938,15874,43185,42.1,39.7
5914,31,26,4,38.4,456639.0,385256.0,90088,37999579.0,56307779,138203738,31320938,76042,60743,35.1,89.6
5915,31,26,5,92.8,360757.0,209445.0,50456,51424990.0,56307779,138203738,31320938,36576,11167,61.9,38.7
5916,31,26,6,54.5,610375.0,281615.0,40872,49340296.0,56307779,138203738,31320938,64090,19642,42.9,65.8
5917,31,27,1,59.3,21486.0,12131.0,2138,4206416.0,5200671,12230681,1761845,2145,1483,45.0,70.9
5918,31,27,2,47.8,15534.0,7011.0,1662,3893739.0,5200671,12230681,1761845,1657,507,55.3,94.1
5919,31,27,3,79.2,,46993.0,15989,4481182.0,5200671,12230681,1761845,5733,1854,77.6,52.9
5920,31,27,4,83.7,28222.0,20554.0,4777,3401165.0,5200671,12230681,1761845,2237,2865,50.5,50.5
5921,31,27,5,70.8,52585.0,41982.0,13321,4281017.0,5200671,12230681,1761845,9675,7422,41.1,57.9
5922,31,27,6,96.8,11283.0,8675.0,1141,3380113.0,5200671,12230681,1761845,626,1308,42.1,62.0
5923,31,28,1,45.1,211733.0,132064.0,35102,20922518.0,24367644,56481889,9786118,25900,7283,30.6,25.7
5924,31,28,2,80.8,133010.0,81633.0,19492,,24367644,56481889,9786118,13038,10314,65.4,18.9
5925,31,28,3,64.8,81131.0,46637.0,11450,23537272.0,24367644,56481889,9786118,3876,1935,46.4,0.0
5926,31,28,4,90.6,58886.0,31582.0,8983,18779650.0,24367644,56481889,9786118,4601,5669,38.9,43.6
5927,31,28,5,76.7,286047.0,142835.0,34665,16187732.0,24367644,56481889,9786118,12708,9601,80.1,76.8
5928,31,28,6,92.1,149578.0,121128.0,12397,20066775.0,24367644,56481889,9786118,15921,20923,,52.4
5929,31,29,1,85.3,34473.0,23845.0,5761,9301592.0,9827546,20654445,4521948,2460,858,62.9,32.6
5930,31,29,2,81.0,26031.0,18436.0,5232,6787597.0,9827546,20654445,4521948,1196,1808,48.0,52.3
5931,31,29,3,47.6,30630.0,18174.0,2828,8342833.0,9827546,20654445,4521948,3296,899,58.1,45.3
5932,31,29,4,50.3,32185.0,18739.0,2516,6968384.0,9827546,20654445,4521948,3298,862,68.3,65.0
5933,31,29,5,70.5,73338.0,52991.0,12836,7578996.0,9827546,20654445,4521948,8280,6582,38.9,29.1
5934,31,29,6,49.7,32840.0,25116.0,5650,6271315.0,9827546,20654445,4521948,3377,1452,48.7,68.7
5935,31,30,1,87.1,12243.0,10287.0,2294,2704367.0,3432279,7610728,1629429,2071,1189,50.0,46.2
5936,31,30,2,45.2,6873.0,4727.0,1356,2946264.0,3432279,7610728,1629429,537,250,51.5,53.5
5937,31,30,3,48.3,17491.0,10795.0,2227,2380691.0,3432279,7610728,1629429,2098,1067,19.9,60.9
5938,31,30,4,97.3,37825.0,22135.0,3636,2757303.0,3432279,7610728,1629429,3832,1730,,47.6
5939,31,30,5,80.5,34365.0,29051.0,5620,2433112.0,3432279,7610728,1629429,3014,4948,65.7,43.2
5940,31,30,6,35.4,18820.0,9756.0,1111,,3432279,7610728,1629429,2382,1581,22.5,81.9
5941,31,31,1,48.8,825.0,645.0,75,49817.0,75228,175101,27888,111,39,84.7,35.4
5942,31,31,2,77.3,374.0,204.0,30,45891.0,75228,175101,27888,38,20,20.6,69.5
5943,31,31,3,64.7,463.0,260.0,39,59780.0,75228,175101,27888,23,33,39.0,41.7
5944,31,31,4,43.1,713.0,543.0,157,45529.0,75228,175101,27888,74,69,45.0,63.5
5945,31,31,5,67.4,253.0,108.0,12,64869.0,75228,175101,27888,7,8,40.8,30.6
5946,31,31,6,57.5,708.0,441.0,125,65670.0,75228,175101,27888,73,34,75.3,35.4
5947,31,32,1,36.9,3044.0,2277.0,366,279484.0,399139,927521,165699,560,295,60.6,41.1
5948,31,32,2,55.9,868.0,735.0,225,336615.0,399139,927521,165699,61,108,25.6,61.4
5949,31,32,3,71.2,1317.0,1067.0,237,281033.0,399139,927521,165699,185,179,30.8,62.9
5950,31,32,4,89.6,2489.0,997.0,238,280855.0,399139,927521,165699,80,84,56.7,17.4
5951,31,32,5,75.0,1582.0,711.0,157,386491.0,399139,927521,165699,76,67,49.6,47.6
5952,31,32,6,52.3,2963.0,2044.0,416,376104.0,399139,927521,165699,504,339,79.2,59.0
5953,32,1,1,76.2,107057.0,81864.0,11736,9029739.0,15035064,30875901,5957518,17478,12961,68.3,28.4
5954,32,1,2,88.4,34449.0,21242.0,2321,13547814.0,15035064,30875901,5957518,4877,2902,56.8,8.5
5955,32,1,3,57.0,142582.0,92240.0,13044,,15035064,30875901,5957518,14854,4752,71.9,41.7
5956,32,1,4,39.8,70435.0,54982.0,9007,10801174.0,15035064,30875901,5957518,9519,6111,53.0,57.8
5957,32,1,5,60.3,100275.0,88812.0,29833,13691431.0,15035064,30875901,5957518,14321,8126,55.0,92.3
5958,32,1,6,76.6,104855.0,82695.0,25814,10438525.0,15035064,30875901,5957518,18199,3149,50.8,30.4
5959,32,2,1,46.4,3041.0,2028.0,203,381503.0,392198,989253,140316,123,162,65.5,55.9
5960,32,2,2,97.7,4470.0,2152.0,482,282070.0,392198,989253,140316,420,196,68.1,42.5
5961,32,2,3,88.9,2199.0,1919.0,588,267255.0,392198,989253,140316,383,112,51.8,53.2
5962,32,2,4,88.1,1700.0,842.0,84,242728.0,392198,989253,140316,149,88,76.7,97.7
5963,32,2,5,58.7,1901.0,864.0,199,248653.0,392198,989253,140316,51,64,48.8,48.6
5964,32,2,6,35.4,2377.0,1735.0,354,346950.0,392198,989253,140316,353,114,43.7,35.3
5965,32,3,1,91.7,82816.0,73750.0,24054,7223379.0,9643602,21111180,3321058,14437,3174,64.7,100.0
5966,32,3,2,44.1,66359.0,27994.0,3196,9376521.0,9643602,21111180,3321058,5757,1376,95.0,36.0
5967,32,3,3,58.0,104510.0,46272.0,8236,7326186.0,9643602,21111180,3321058,10956,8316,47.2,38.3
5968,32,3,4,41.4,92951.0,73241.0,9484,5999243.0,9643602,21111180,3321058,12462,6632,43.5,54.5
5969,32,3,5,66.8,29776.0,20127.0,5056,,9643602,21111180,3321058,1288,3183,49.5,65.1
5970,32,3,6,78.5,50396.0,23429.0,6688,7900858.0,9643602,21111180,3321058,4090,2440,69.0,32.8
5971,32,4,1,61.3,246023.0,144694.0,41991,35650873.0,37421779,77815621,12121588,33961,18513,42.2,26.7
5972,32,4,2,85.0,230857.0,109461.0,31813,27230015.0,37421779,77815621,12121588,15367,10483,34.4,100.0
5973,32,4,3,70.2,372399.0,203765.0,28264,35388631.0,37421779,77815621,12121588,21722,16281,37.4,50.8
5974,32,4,4,91.7,322032.0,201712.0,42966,34467520.0,37421779,77815621,12121588,47483,35460,38.5,55.8
5975,32,4,5,78.7,139734.0,56616.0,14531,30500372.0,37421779,77815621,12121588,11653,10051,52.4,68.6
5976,32,4,6,45.0,229191.0,106709.0,18515,34918873.0,37421779,77815621,12121588,19735,16555,31.8,56.2
5977,32,5,1,90.0,35274.0,18567.0,5049,5471586.0,7227442,16679103,2610431,2389,3014,22.1,46.3
5978,32,5,2,47.2,46742.0,21442.0,6552,6007933.0,7227442,16679103,2610431,4404,3853,49.2,65.1
5979,32,5,3,59.4,27626.0,11243.0,1480,6943849.0,7227442,16679103,2610431,1129,1129,52.6,54.6
5980,32,5,4,60.9,77573.0,58281.0,11833,6126790.0,7227442,16679103,2610431,5984,8738,52.6,57.8
5981,32,5,5,45.5,40809.0,26966.0,5833,5695456.0,7227442,16679103,2610431,5484,2266,31.6,57.9
5982,32,5,6,83.2,78996.0,33700.0,7568,4871346.0,7227442,16679103,2610431,7163,1838,62.1,71.9
5983,32,6,1,51.3,2793.0,1307.0,342,275833.0,403099,896518,138083,153,80,29.0,50.3
5984,32,6,2,59.0,2866.0,2389.0,477,337916.0,403099,896518,138083,432,418,57.7,87.9
5985,32,6,3,89.8,1751.0,942.0,148,296679.0,403099,896518,138083,197,35,40.1,32.2
5986,32,6,4,37.3,1113.0,694.0,179,358348.0,403099,896518,138083,46,116,44.2,55.7
5987,32,6,5,76.5,854.0,562.0,65,271175.0,403099,896518,138083,53,80,67.8,52.4
5988,32,6,6,87.7,3138.0,1606.0,343,392819.0,403099,896518,138083,194,234,64.2,46.7
5989,32,7,1,91.9,68771.0,50933.0,8674,16774107.0,20786625,41143735,8519245,6785,7878,48.3,34.8
5990,32,7,2,77.9,107124.0,45038.0,9905,19133075.0,20786625,41143735,8519245,5988,2738,48.0,100.0
5991,32,7,3,69.1,137833.0,118195.0,24847,16046611.0,20786625,41143735,8519245,28864,17223,72.7,24.7
5992,32,7,4,75.1,66221.0,43377.0,11418,13485017.0,20786625,41143735,8519245,4249,2600,54.0,72.8
5993,32,7,5,86.0,190482.0,98452.0,15158,16356620.0,20786625,41143735,8519245,19122,15639,48.7,49.0
5994,32,7,6,82.3,210469.0,134626.0,37212,15481872.0,20786625,41143735,8519245,8155,17057,46.8,58.5
5995,32,8,1,88.0,74849.0,51891.0,9756,7108720.0,7659894,16635364,3860081,3238,2639,47.5,61.2
5996,32,8,2,82.6,23168.0,13659.0,1568,4834652.0,7659894,16635364,3860081,695,1120,74.8,46.7
5997,32,8,3,70.9,77602.0,50603.0,8230,5573339.0,7659894,16635364,3860081,7783,7616,16.7,55.7
5998,32,8,4,52.5,23564.0,15217.0,3484,6669164.0,7659894,16635364,3860081,2851,1918,55.1,100.0
5999,32,8,5,85.2,62026.0,44605.0,11682,7408712.0,7659894,16635364,3860081,2906,4199,41.2,56.2
6000,32,8,6,43.9,19349.0,11908.0,1295,5218213.0,7659894,16635364,3860081,811,1481,36.1,67.3
6001,32,9,1,47.3,6565.0,5591.0,1349,1678254.0,1851381,4041876,1011997,710,678,47.0,77.6
6002,32,9,2,58.2,8266.0,3862.0,767,1147793.0,1851381,4041876,1011997,456,232,78.7,39.5
6003,32,9,3,91.9,10982.0,5799.0,1228,1379235.0,1851381,4041876,1011997,1322,174,16.1,80.8
6004,32,9,4,50.1,14838.0,9930.0,1234,1371540.0,1851381,4041876,1011997,1378,1287,54.2,62.3
6005,32,9,5,54.4,11557.0,7783.0,1452,1407762.0,1851381,4041876,1011997,1529,977,25.8,99.0
6006,32,9,6,84.5,6430.0,4930.0,1521,1272670.0,1851381,4041876,1011997,1147,531,24.5,64.4
6007,32,10,1,42.0,81868.0,50006.0,15357,8978694.0,10725859,23178181,4231580,12004,7199,60.5,52.0
6008,32,10,2,89.1,60367.0,34352.0,9695,6501422.0,10725859,23178181,4231580,2026,5934,,100.0
6009,32,10,3,85.1,72468.0,44851.0,6805,,10725859,23178181,4231580,4394,2323,67.0,100.0
6010,32,10,4,48.6,107503.0,64707.0,19298,6607298.0,10725859,23178181,4231580,7453,4949,45.8,43.9
6011,32,10,5,63.4,27586.0,13512.0,3106,6453345.0,10725859,23178181,4231580,1931,1768,35.3,78.7
6012,32,10,6,94.1,45064.0,31070.0,8744,8111147.0,10725859,23178181,4231580,6376,3996,58.8,53.1
6013,32,11,1,46.0,176052.0,118992.0,27688,15711173.0,18444491,42117882,5735327,27770,7220,62.7,38.9
6014,32,11,2,94.6,165211.0,117016.0,28226,16837531.0,18444491,42117882,5735327,27402,7230,93.1,68.1
6015,32,11,3,42.4,56286.0,44807.0,11383,17794416.0,18444491,42117882,5735327,8162,2044,49.9,72.0
6016,32,11,4,91.2,34504.0,30848.0,4389,,18444491,42117882,5735327,5807,4485,71.6,11.8
6017,32,11,5,53.1,87003.0,60502.0,13230,17094116.0,18444491,42117882,5735327,3808,2312,64.0,59.3
6018,32,11,6,59.0,69018.0,46266.0,4673,15941022.0,18444491,42117882,5735327,6121,1436,43.4,27.9
6019,32,12,1,93.2,34523.0,18231.0,2191,6366214.0,10108566,21683562,3728483,1408,1757,63.8,79.8
6020,32,12,2,76.2,74581.0,53543.0,8095,7609878.0,10108566,21683562,3728483,9250,6023,,39.0
6021,32,12,3,35.2,22179.0,14575.0,3328,8163825.0,10108566,21683562,3728483,990,836,45.0,51.7
6022,32,12,4,37.8,35563.0,24583.0,2805,9385035.0,10108566,21683562,3728483,1759,2442,30.3,51.8
6023,32,12,5,69.2,99729.0,80578.0,26142,6422116.0,10108566,21683562,3728483,15915,9450,13.7,55.1
6024,32,12,6,84.6,40127.0,24801.0,5858,8391601.0,10108566,21683562,3728483,5435,4444,49.9,37.0
6025,32,13,1,81.1,105587.0,63077.0,13378,22052221.0,23204753,50024736,8399011,9416,10326,65.2,58.4
6026,32,13,2,61.8,190905.0,149322.0,47940,20683776.0,23204753,50024736,8399011,21015,20808,,62.6
6027,32,13,3,67.4,184491.0,104209.0,20363,15508577.0,23204753,50024736,8399011,16922,6466,43.7,73.2
6028,32,13,4,47.1,94052.0,39564.0,7438,22580800.0,23204753,50024736,8399011,6716,1322,41.6,44.7
6029,32,13,5,93.8,134130.0,111885.0,38067,14312384.0,23204753,50024736,8399011,6872,6709,46.8,79.4
6030,32,13,6,71.6,156504.0,96577.0,14308,21088119.0,23204753,50024736,8399011,21297,12140,36.4,35.6
6031,32,14,1,97.0,299474.0,187880.0,45185,30023232.0,32537983,68297450,11501734,32870,18748,43.3,89.6
6032,32,14,2,58.4,283668.0,128171.0,19380,30280606.0,32537983,68297450,11501734,10985,19910,71.8,27.6
6033,32,14,3,47.1,,71602.0,21759,30681743.0,32537983,68297450,11501734,3736,10189,35.5,39.8
6034,32,14,4,69.4,271768.0,200051.0,35785,25206814.0,32537983,68297450,11501734,47037,29521,50.6,55.5
6035,32,14,5,76.1,67093.0,48709.0,8164,20376782.0,32537983,68297450,11501734,3195,7137,,54.2
6036,32,14,6,70.9,319273.0,275798.0,80962,30987941.0,32537983,68297450,11501734,23293,17721,30.7,84.7
6037,32,15,1,59.1,6463.0,5262.0,1733,533241.0,878370,1864525,374374,589,371,46.9,38.9
6038,32,15,2,85.8,,3834.0,977,593290.0,878370,1864525,374374,636,320,64.6,57.1
6039,32,15,3,81.7,9158.0,6692.0,972,581536.0,878370,1864525,374374,980,785,39.2,36.3
6040,32,15,4,92.4,8957.0,3917.0,1299,831509.0,878370,1864525,374374,358,203,47.3,29.4
6041,32,15,5,38.0,5509.0,4225.0,1119,566097.0,878370,1864525,374374,584,464,34.0,60.6
6042,32,15,6,68.2,5250.0,2336.0,558,,878370,1864525,374374,227,114,26.6,49.5
6043,32,16,1,98.3,6773.0,5153.0,1371,880584.0,996788,1972518,351302,457,683,54.2,42.9
6044,32,16,2,94.2,6183.0,2610.0,463,774401.0,996788,1972518,351302,503,233,47.4,57.6
6045,32,16,3,53.9,5908.0,3441.0,1122,965499.0,996788,1972518,351302,607,121,70.2,52.7
6046,32,16,4,48.3,8613.0,3451.0,610,800598.0,996788,1972518,351302,832,270,69.6,54.3
6047,32,16,5,80.6,8910.0,4423.0,990,750319.0,996788,1972518,351302,855,629,36.4,43.1
6048,32,16,6,86.7,7468.0,5229.0,1520,857584.0,996788,1972518,351302,983,844,51.8,52.4
6049,32,17,1,59.6,1691.0,845.0,198,186921.0,308894,702534,100993,198,48,41.6,59.9
6050,32,17,2,70.9,1782.0,1219.0,371,212534.0,308894,702534,100993,273,185,45.0,53.5
6051,32,17,3,92.3,3029.0,2498.0,636,266888.0,308894,702534,100993,182,89,67.6,66.1
6052,32,17,4,44.7,1339.0,686.0,177,260238.0,308894,702534,100993,54,64,70.2,43.7
6053,32,17,5,92.0,2794.0,2289.0,312,,308894,702534,100993,353,192,61.7,10.4
6054,32,17,6,82.7,1829.0,856.0,159,273811.0,308894,702534,100993,184,27,69.8,69.6
6055,32,18,1,47.4,,2206.0,554,505492.0,617450,1243473,298820,173,381,44.3,86.0
6056,32,18,2,72.8,2840.0,2116.0,292,581390.0,617450,1243473,298820,254,319,41.7,46.3
6057,32,18,3,94.7,5305.0,3840.0,388,438098.0,617450,1243473,298820,597,240,33.8,51.8
6058,32,18,4,41.5,4241.0,3679.0,721,422245.0,617450,1243473,298820,243,450,36.6,58.0
6059,32,18,5,48.5,5351.0,3392.0,895,590076.0,617450,1243473,298820,625,448,79.0,70.6
6060,32,18,6,94.5,3750.0,2264.0,722,520874.0,617450,1243473,298820,118,175,48.3,92.3
6061,32,19,1,63.9,84859.0,57259.0,10876,9459218.0,11215015,28402680,6328063,8882,6951,38.2,47.4
6062,32,19,2,87.9,65074.0,40837.0,11501,10195233.0,11215015,28402680,6328063,8390,3374,34.4,66.9
6063,32,19,3,81.7,89408.0,42317.0,5863,8613709.0,11215015,28402680,6328063,5787,3523,95.6,6.0
6064,32,19,4,64.7,132641.0,119074.0,31204,8535571.0,11215015,28402680,6328063,24652,5018,65.0,77.8
6065,32,19,5,61.4,133735.0,118384.0,33819,10403986.0,11215015,28402680,6328063,8478,12746,56.0,81.9
6066,32,19,6,79.7,32454.0,28414.0,5087,9697025.0,11215015,28402680,6328063,6021,1668,57.3,34.5
6067,32,20,1,42.5,77513.0,49111.0,5936,6706245.0,7870220,18665807,2415832,9182,6659,62.5,57.3
6068,32,20,2,77.8,25943.0,13501.0,1814,6649591.0,7870220,18665807,2415832,922,725,41.6,42.9
6069,32,20,3,86.6,81801.0,44492.0,15060,4987208.0,7870220,18665807,2415832,3161,4853,52.8,26.0
6070,32,20,4,56.3,19160.0,14588.0,4282,6873331.0,7870220,18665807,2415832,1964,593,60.2,57.5
6071,32,20,5,53.7,,15878.0,3997,6899919.0,7870220,18665807,2415832,2322,730,30.5,10.4
6072,32,20,6,37.0,65847.0,51670.0,6237,5458516.0,7870220,18665807,2415832,11832,2700,,19.2
6073,32,21,1,58.3,152530.0,137089.0,18721,18082589.0,20459462,48125420,7485460,32870,11928,65.1,54.1
6074,32,21,2,45.2,77131.0,62688.0,11071,19797144.0,20459462,48125420,7485460,10272,6013,66.0,67.0
6075,32,21,3,53.8,,54948.0,18550,19111397.0,20459462,48125420,7485460,9869,7992,60.0,63.0
6076,32,21,4,79.8,88192.0,47256.0,8260,19169673.0,20459462,48125420,7485460,6710,1821,72.9,99.8
6077,32,21,5,77.7,237712.0,103581.0,20928,14557049.0,20459462,48125420,7485460,24280,17391,44.1,57.1
6078,32,21,6,65.5,189795.0,114549.0,17445,14627086.0,20459462,48125420,7485460,6297,14019,61.3,78.3
6079,32,22,1,45.0,953.0,742.0,163,165495.0,182683,426389,94559,133,34,46.0,61.4
6080,32,22,2,66.7,1448.0,1127.0,219,138157.0,182683,426389,94559,131,74,39.4,60.7
6081,32,22,3,78.6,367.0,268.0,35,161710.0,182683,426389,94559,52,25,77.7,53.0
6082,32,22,4,48.6,2056.0,1741.0,470,113108.0,182683,426389,94559,345,261,48.9,54.6
6083,32,22,5,52.1,1866.0,1097.0,201,156402.0,182683,426389,94559,198,166,58.5,62.4
6084,32,22,6,78.4,468.0,242.0,29,171289.0,182683,426389,94559,15,17,36.8,41.4
6085,32,23,1,47.9,181188.0,84051.0,22665,15577508.0,22647856,48952236,8056404,15016,5060,82.9,73.3
6086,32,23,2,81.9,51733.0,39030.0,12592,17717881.0,22647856,48952236,8056404,3845,2311,35.1,38.9
6087,32,23,3,67.8,185163.0,154773.0,26716,19036089.0,22647856,48952236,8056404,26554,15680,35.4,35.0
6088,32,23,4,85.5,201325.0,98367.0,22503,17413115.0,22647856,48952236,8056404,21114,6086,73.4,81.2
6089,32,23,5,90.3,165851.0,104932.0,32622,21293839.0,22647856,48952236,8056404,9051,10759,56.8,59.0
6090,32,23,6,71.1,159710.0,74683.0,8534,21700076.0,22647856,48952236,8056404,4369,4780,34.6,76.5
6091,32,24,1,98.7,72118.0,53838.0,7646,7502332.0,9619401,22916147,4380582,4900,7777,85.1,29.1
6092,32,24,2,82.2,61279.0,44618.0,12914,8019440.0,9619401,22916147,4380582,5350,4258,39.9,54.5
6093,32,24,3,55.4,112868.0,,21678,6410360.0,9619401,22916147,4380582,6442,10578,62.8,40.7
6094,32,24,4,94.0,78100.0,63421.0,21857,6699505.0,9619401,22916147,4380582,15431,6961,29.8,89.9
6095,32,24,5,66.8,104337.0,65898.0,16336,7735462.0,9619401,22916147,4380582,12291,8345,13.3,58.1
6096,32,24,6,58.9,101593.0,54473.0,16239,8166304.0,9619401,22916147,4380582,8315,8263,69.7,57.9
6097,32,25,1,71.1,11843.0,7781.0,1757,755596.0,1059585,2512905,483704,1867,1130,65.0,63.8
6098,32,25,2,62.2,7108.0,5724.0,1980,1019888.0,1059585,2512905,483704,852,829,21.4,42.7
6099,32,25,3,88.6,4329.0,2094.0,260,1035830.0,1059585,2512905,483704,433,305,66.0,54.2
6100,32,25,4,70.0,5302.0,3071.0,832,877656.0,1059585,2512905,483704,685,449,41.7,59.8
6101,32,25,5,94.4,,6275.0,1557,885307.0,1059585,2512905,483704,1084,344,56.0,36.6
6102,32,25,6,59.1,,2937.0,986,826471.0,1059585,2512905,483704,297,220,35.7,58.4
6103,32,26,1,82.9,249836.0,145874.0,16073,35193599.0,56881940,141769140,28324331,10752,20001,39.9,43.0
6104,32,26,2,48.9,418811.0,267563.0,82231,53773232.0,56881940,141769140,28324331,33881,46066,33.2,66.2
6105,32,26,3,37.8,161913.0,88941.0,24208,43093994.0,56881940,141769140,28324331,11672,11984,76.1,68.6
6106,32,26,4,57.3,659072.0,460646.0,55851,49140018.0,56881940,141769140,28324331,82349,59447,24.6,32.4
6107,32,26,5,86.1,269014.0,218843.0,37594,40619252.0,56881940,141769140,28324331,32741,12656,36.6,78.7
6108,32,26,6,82.9,573143.0,345266.0,56562,55355044.0,56881940,141769140,28324331,35718,21956,69.2,58.9
6109,32,27,1,55.7,39168.0,16717.0,4315,4408362.0,5970599,11640074,2278339,2594,2507,55.6,43.1
6110,32,27,2,81.8,48483.0,22302.0,2837,5832216.0,5970599,11640074,2278339,4434,1867,41.2,38.2
6111,32,27,3,98.7,,18911.0,4196,5374438.0,5970599,11640074,2278339,4041,1402,43.7,63.5
6112,32,27,4,36.5,33703.0,25005.0,5602,5318498.0,5970599,11640074,2278339,4738,4180,68.3,72.8
6113,32,27,5,93.1,30477.0,21027.0,2876,5254204.0,5970599,11640074,2278339,1084,3644,73.2,72.6
6114,32,27,6,89.8,13540.0,6852.0,1349,5406627.0,5970599,11640074,2278339,1200,1056,75.6,33.0
6115,32,28,1,88.7,252226.0,163442.0,27871,16682314.0,26542338,62329977,10269687,30126,22997,34.2,76.7
6116,32,28,2,86.1,172013.0,141063.0,21772,23790980.0,26542338,62329977,10269687,34405,12649,18.1,100.0
6117,32,28,3,95.1,241155.0,205877.0,64288,18034885.0,26542338,62329977,10269687,-39542,27993,63.7,31.0
6118,32,28,4,66.3,132865.0,80504.0,20753,22731332.0,26542338,62329977,10269687,9347,6502,55.6,76.2
6119,32,28,5,89.4,157775.0,103650.0,21622,25814904.0,26542338,62329977,10269687,8636,11245,33.3,15.2
6120,32,28,6,38.4,150205.0,93443.0,25052,23819268.0,26542338,62329977,10269687,15203,16434,30.7,71.0
6121,32,29,1,89.7,92248.0,79430.0,10007,8261919.0,8819743,20614562,3357066,18109,8770,74.6,61.6
6122,32,29,2,70.1,47985.0,24800.0,8014,6111561.0,8819743,20614562,3357066,1578,1693,70.4,44.9
6123,32,29,3,53.3,53097.0,46173.0,5748,6458933.0,8819743,20614562,3357066,5728,2195,86.1,48.9
6124,32,29,4,64.5,23465.0,10182.0,3324,5633245.0,8819743,20614562,3357066,2460,716,69.8,82.4
6125,32,29,5,94.6,83228.0,72483.0,23320,8071630.0,8819743,20614562,3357066,6882,5820,64.2,72.3
6126,32,29,6,94.0,78723.0,70235.0,17995,6152367.0,8819743,20614562,3357066,9524,2460,,23.8
6127,32,30,1,71.5,25653.0,14760.0,3636,2348804.0,3627268,8532358,1672264,829,1718,50.7,85.4
6128,32,30,2,80.0,26073.0,16671.0,4946,2393301.0,3627268,8532358,1672264,2495,556,43.5,90.3
6129,32,30,3,79.7,38891.0,33579.0,8853,3227641.0,3627268,8532358,1672264,2910,4801,53.7,82.5
6130,32,30,4,38.0,32473.0,24085.0,3848,3488914.0,3627268,8532358,1672264,4327,3445,73.3,91.6
6131,32,30,5,70.6,,14194.0,3490,3053185.0,3627268,8532358,1672264,3186,1447,72.3,61.0
6132,32,30,6,50.7,40771.0,17211.0,3149,3094105.0,3627268,8532358,1672264,1572,736,41.2,61.9
6133,32,31,1,42.0,,610.0,117,74190.0,87528,179238,30298,143,82,64.9,54.1
6134,32,31,2,81.2,254.0,199.0,38,72958.0,87528,179238,30298,45,30,45.1,75.6
6135,32,31,3,62.4,636.0,279.0,96,83349.0,87528,179238,30298,21,10,33.5,74.6
6136,32,31,4,39.8,585.0,275.0,72,70004.0,87528,179238,30298,36,17,64.4,8.4
6137,32,31,5,77.7,499.0,386.0,99,,87528,179238,30298,77,48,54.8,63.5
6138,32,31,6,81.1,798.0,588.0,192,79221.0,87528,179238,30298,104,27,77.6,55.4
6139,32,32,1,89.0,3104.0,2393.0,359,289277.0,389057,897665,161044,585,378,68.6,65.4
6140,32,32,2,59.6,4009.0,3578.0,470,256509.0,389057,897665,161044,229,347,70.7,23.4
6141,32,32,3,69.2,1445.0,603.0,96,237251.0,389057,897665,161044,84,60,44.1,65.6
6142,32,32,4,52.7,1400.0,1205.0,304,246113.0,389057,897665,161044,210,202,86.8,60.9
6143,32,32,5,70.6,4091.0,3074.0,519,260860.0,389057,897665,161044,620,491,47.3,70.2
6144,32,32,6,64.5,3494.0,3071.0,807,296135.0,389057,897665,161044,430,239,71.1,94.9
6145,33,1,1,55.1,74846.0,57093.0,18766,14509463.0,15722815,31181449,5846646,9829,3856,47.6,56.2
6146,33,1,2,40.2,,33538.0,7117,12035674.0,15722815,31181449,5846646,3844,2591,31.3,64.6
6147,33,1,3,77.4,97001.0,62184.0,17921,9801962.0,15722815,31181449,5846646,8398,6049,69.5,57.2
6148,33,1,4,95.1,117113.0,88740.0,10445,9703958.0,15722815,31181449,5846646,20070,11039,57.1,55.0
6149,33,1,5,54.8,59833.0,33394.0,6516,10138254.0,15722815,31181449,5846646,5290,4060,41.5,37.8
6150,33,1,6,58.5,120209.0,100259.0,23289,10328162.0,15722815,31181449,5846646,17096,4139,19.3,49.3
6151,33,2,1,92.8,1440.0,1141.0,152,349175.0,455262,891810,136639,70,132,44.6,49.2
6152,33,2,2,70.1,4563.0,2370.0,812,423830.0,455262,891810,136639,348,401,32.0,85.3
6153,33,2,3,77.7,1179.0,1040.0,196,273359.0,455262,891810,136639,230,49,72.5,54.2
6154,33,2,4,76.6,1305.0,526.0,154,443099.0,455262,891810,136639,95,30,45.0,62.1
6155,33,2,5,41.1,3706.0,2485.0,368,342799.0,455262,891810,136639,510,175,31.7,69.9
6156,33,2,6,59.5,3879.0,3271.0,1121,392186.0,455262,891810,136639,739,474,64.5,45.0
6157,33,3,1,61.6,45703.0,27489.0,5653,7617803.0,8934533,20557847,3212672,1615,4459,52.4,70.3
6158,33,3,2,52.6,28645.0,24047.0,6065,,8934533,20557847,3212672,2598,3182,47.5,54.4
6159,33,3,3,48.9,26465.0,19818.0,2424,5791143.0,8934533,20557847,3212672,3918,1225,44.3,42.3
6160,33,3,4,89.6,92416.0,,15617,5826647.0,8934533,20557847,3212672,5703,5181,42.5,20.4
6161,33,3,5,39.6,,34002.0,10447,7725496.0,8934533,20557847,3212672,8045,2927,23.2,35.1
6162,33,3,6,61.1,93590.0,76744.0,25842,6578153.0,8934533,20557847,3212672,11431,9210,53.9,33.2
6163,33,4,1,38.2,241484.0,206332.0,43575,26242378.0,34000091,73166156,12961503,41488,8069,62.1,44.0
6164,33,4,2,74.4,63426.0,52589.0,7805,22402690.0,34000091,73166156,12961503,8647,3487,77.2,78.6
6165,33,4,3,95.8,155156.0,71483.0,22991,29885102.0,34000091,73166156,12961503,14653,9499,74.0,67.9
6166,33,4,4,74.2,333598.0,,36971,25504864.0,34000091,73166156,12961503,21228,11731,39.0,44.2
6167,33,4,5,83.9,259211.0,107963.0,25389,24491250.0,34000091,73166156,12961503,11845,3679,56.3,50.7
6168,33,4,6,68.0,139161.0,120775.0,14979,21517242.0,34000091,73166156,12961503,27101,7658,26.6,78.2
6169,33,5,1,95.4,18234.0,15801.0,4694,7269842.0,7891584,17888571,2759147,1013,2095,37.7,15.8
6170,33,5,2,84.7,24349.0,16835.0,3255,7223021.0,7891584,17888571,2759147,977,512,68.8,49.3
6171,33,5,3,87.3,74659.0,39807.0,7558,6680633.0,7891584,17888571,2759147,6677,3875,60.4,58.1
6172,33,5,4,53.7,41793.0,30403.0,10330,6037803.0,7891584,17888571,2759147,6171,5031,42.0,43.8
6173,33,5,5,72.6,41177.0,18447.0,5848,5057286.0,7891584,17888571,2759147,3153,1154,60.0,59.7
6174,33,5,6,71.1,38417.0,34158.0,9415,5323145.0,7891584,17888571,2759147,3802,3547,36.2,54.1
6175,33,6,1,73.3,823.0,404.0,57,335238.0,401669,989455,155085,34,42,44.4,18.7
6176,33,6,2,40.6,2372.0,1926.0,523,378815.0,401669,989455,155085,151,216,60.6,32.7
6177,33,6,3,50.8,2178.0,1358.0,378,290143.0,401669,989455,155085,175,74,29.3,55.3
6178,33,6,4,93.9,2865.0,2400.0,659,260878.0,401669,989455,155085,584,134,60.0,34.0
6179,33,6,5,79.8,3506.0,1660.0,450,340133.0,401669,989455,155085,247,220,45.1,44.4
6180,33,6,6,96.4,907.0,382.0,44,280974.0,401669,989455,155085,86,40,35.9,52.2
6181,33,7,1,60.7,151583.0,76469.0,13790,14216253.0,17928415,42471740,6623151,6978,3056,25.4,15.6
6182,33,7,2,73.1,111800.0,63604.0,11148,12008082.0,17928415,42471740,6623151,6274,4745,81.5,39.8
6183,33,7,3,46.0,136160.0,104169.0,29215,10757751.0,17928415,42471740,6623151,21852,16125,24.7,55.7
6184,33,7,4,51.7,168891.0,90026.0,17263,15058745.0,17928415,42471740,6623151,20767,10096,54.8,61.8
6185,33,7,5,97.3,159588.0,121693.0,29102,15591472.0,17928415,42471740,6623151,10888,13811,49.6,67.8
6186,33,7,6,62.4,142669.0,90002.0,24859,,17928415,42471740,6623151,5544,15108,31.9,85.7
6187,33,8,1,90.6,,52644.0,10883,5065576.0,8150944,17091169,3491873,11045,9236,64.4,50.4
6188,33,8,2,82.2,38575.0,29725.0,4242,5843141.0,8150944,17091169,3491873,4444,4499,77.9,32.4
6189,33,8,3,80.7,53682.0,29434.0,3015,5926184.0,8150944,17091169,3491873,6130,4501,29.3,11.3
6190,33,8,4,94.1,82069.0,72507.0,19232,5935146.0,8150944,17091169,3491873,6319,11251,76.2,64.3
6191,33,8,5,78.2,46824.0,41282.0,6595,6687782.0,8150944,17091169,3491873,8442,2592,17.0,77.7
6192,33,8,6,94.8,47375.0,32195.0,9219,6086686.0,8150944,17091169,3491873,2887,4467,33.3,72.1
6193,33,9,1,49.3,5238.0,2910.0,416,1450823.0,1989647,4472342,696018,645,108,43.7,51.9
6194,33,9,2,39.1,,7251.0,1558,1602031.0,1989647,4472342,696018,1408,817,22.2,49.8
6195,33,9,3,45.4,17159.0,11561.0,3481,1803905.0,1989647,4472342,696018,1830,2008,38.5,79.6
6196,33,9,4,63.3,6751.0,3520.0,362,1194232.0,1989647,4472342,696018,268,302,100.0,0.0
6197,33,9,5,37.5,19985.0,10447.0,1704,1549296.0,1989647,4472342,696018,1065,1239,38.3,54.4
6198,33,9,6,45.7,16261.0,8979.0,1448,1217702.0,1989647,4472342,696018,889,479,36.5,45.2
6199,33,10,1,46.3,35027.0,24712.0,2888,5962850.0,9822512,23899479,4227172,4936,2495,38.6,57.1
6200,33,10,2,75.6,72422.0,61304.0,14050,6073053.0,9822512,23899479,4227172,3926,5181,28.9,11.5
6201,33,10,3,50.8,42023.0,33918.0,8272,8019084.0,9822512,23899479,4227172,6182,2617,54.3,65.2
6202,33,10,4,82.9,98005.0,73182.0,21777,8186570.0,9822512,23899479,4227172,15400,4280,66.3,13.5
6203,33,10,5,67.0,19700.0,15352.0,1794,6440422.0,9822512,23899479,4227172,3690,972,47.8,75.0
6204,33,10,6,49.5,56605.0,50450.0,10680,7741447.0,9822512,23899479,4227172,12251,1524,51.7,25.8
6205,33,11,1,52.4,162856.0,96045.0,10984,14796548.0,18296081,41569853,6653371,15981,5967,,71.6
6206,33,11,2,51.6,172570.0,102915.0,10293,14156051.0,18296081,41569853,6653371,21778,14626,55.2,70.6
6207,33,11,3,85.5,76587.0,52027.0,7233,13755226.0,18296081,41569853,6653371,8500,1663,35.1,30.0
6208,33,11,4,71.0,186105.0,107089.0,18968,14115349.0,18296081,41569853,6653371,10675,12810,18.8,35.5
6209,33,11,5,72.9,159026.0,119901.0,39681,11729225.0,18296081,41569853,6653371,21912,18244,37.7,71.1
6210,33,11,6,73.0,84850.0,54247.0,7813,13238358.0,18296081,41569853,6653371,4196,2705,45.5,39.9
6211,33,12,1,49.0,91680.0,45284.0,11899,7537087.0,9808119,20678234,3273656,4164,3474,46.2,8.4
6212,33,12,2,39.9,21479.0,12984.0,3545,9522617.0,9808119,20678234,3273656,1197,2263,22.1,81.8
6213,33,12,3,83.0,98788.0,81127.0,9951,6642674.0,9808119,20678234,3273656,10051,3150,71.0,25.6
6214,33,12,4,47.5,59444.0,44656.0,8865,7336532.0,9808119,20678234,3273656,5977,6777,79.1,68.8
6215,33,12,5,79.7,63406.0,51921.0,11917,7622538.0,9808119,20678234,3273656,11324,7257,53.3,58.1
6216,33,12,6,61.6,37175.0,25784.0,4216,6071040.0,9808119,20678234,3273656,2436,2303,33.3,46.8
6217,33,13,1,52.0,188483.0,103767.0,34871,15419200.0,23026850,48230596,11185625,12611,12971,66.3,75.4
6218,33,13,2,58.4,62881.0,30350.0,3871,18214601.0,23026850,48230596,11185625,6795,5153,46.3,95.5
6219,33,13,3,94.6,180339.0,103373.0,33379,20770976.0,23026850,48230596,11185625,6743,17147,78.6,63.0
6220,33,13,4,56.2,175807.0,82219.0,13311,22177751.0,23026850,48230596,11185625,20534,14043,63.9,55.1
6221,33,13,5,86.7,161863.0,136696.0,45151,,23026850,48230596,11185625,19323,18963,39.6,51.4
6222,33,13,6,77.7,115321.0,60902.0,18389,19941046.0,23026850,48230596,11185625,8412,9660,53.7,54.3
6223,33,14,1,90.0,354654.0,161620.0,53484,21650449.0,31773982,71234521,14292590,39087,16954,59.5,83.5
6224,33,14,2,86.0,316110.0,177985.0,47861,25746866.0,31773982,71234521,14292590,10355,26544,48.9,60.7
6225,33,14,3,95.1,336960.0,282110.0,67889,28457583.0,31773982,71234521,14292590,15150,49575,15.2,44.4
6226,33,14,4,69.2,112735.0,68697.0,13070,22685809.0,31773982,71234521,14292590,14138,7258,35.4,66.3
6227,33,14,5,49.9,183065.0,141692.0,47925,,31773982,71234521,14292590,31722,12207,35.3,66.3
6228,33,14,6,50.5,117698.0,70127.0,8751,25537008.0,31773982,71234521,14292590,7422,4524,83.0,68.1
6229,33,15,1,56.2,4509.0,1973.0,568,632388.0,787318,1737770,290006,172,354,52.4,3.9
6230,33,15,2,63.5,2728.0,1327.0,164,632109.0,787318,1737770,290006,290,230,47.4,38.1
6231,33,15,3,46.2,6511.0,3193.0,1110,645738.0,787318,1737770,290006,610,346,40.2,58.9
6232,33,15,4,51.6,5264.0,2747.0,732,524143.0,787318,1737770,290006,671,399,50.5,48.0
6233,33,15,5,76.9,1772.0,1106.0,272,739853.0,787318,1737770,290006,154,52,69.2,58.9
6234,33,15,6,85.6,3271.0,1333.0,226,732967.0,787318,1737770,290006,86,73,34.8,29.8
6235,33,16,1,46.0,4946.0,2156.0,556,576988.0,833004,2063842,320872,472,366,,41.3
6236,33,16,2,57.7,8451.0,6773.0,1811,681447.0,833004,2063842,320872,607,455,43.8,51.2
6237,33,16,3,72.3,2258.0,1123.0,125,643680.0,833004,2063842,320872,127,195,50.0,40.0
6238,33,16,4,69.1,2154.0,1681.0,352,533950.0,833004,2063842,320872,331,140,59.4,51.0
6239,33,16,5,51.5,3240.0,2093.0,681,796209.0,833004,2063842,320872,397,106,47.0,46.9
6240,33,16,6,89.6,8709.0,7254.0,1275,706160.0,833004,2063842,320872,1702,1119,45.1,84.7
6241,33,17,1,69.2,3359.0,1633.0,178,305891.0,316577,747924,156216,100,118,58.0,55.2
6242,33,17,2,63.8,1558.0,1180.0,318,236832.0,316577,747924,156216,140,209,64.5,64.5
6243,33,17,3,39.4,2061.0,1322.0,449,279454.0,316577,747924,156216,115,187,31.4,63.2
6244,33,17,4,42.2,2641.0,1677.0,412,290876.0,316577,747924,156216,139,204,82.0,84.1
6245,33,17,5,35.0,1225.0,954.0,108,262801.0,316577,747924,156216,167,88,55.1,46.6
6246,33,17,6,81.7,1761.0,1353.0,385,197119.0,316577,747924,156216,195,174,44.7,100.0
6247,33,18,1,74.6,6315.0,4563.0,1240,541992.0,622444,1352564,272094,439,543,9.4,67.7
6248,33,18,2,67.2,5664.0,4022.0,1132,575533.0,622444,1352564,272094,432,557,23.2,82.4
6249,33,18,3,35.1,3383.0,1667.0,549,,622444,1352564,272094,262,101,29.4,69.1
6250,33,18,4,46.4,6167.0,3171.0,1094,403385.0,622444,1352564,272094,456,331,35.7,100.0
6251,33,18,5,96.2,3531.0,2259.0,352,475984.0,622444,1352564,272094,455,384,59.2,50.8
6252,33,18,6,61.5,6216.0,3943.0,1146,600620.0,622444,1352564,272094,233,234,57.0,48.4
6253,33,19,1,77.4,39540.0,31872.0,10103,9199829.0,12260823,27031558,5119014,5223,4120,12.2,36.4
6254,33,19,2,41.2,90249.0,45572.0,11122,8655625.0,12260823,27031558,5119014,7721,2056,32.5,51.9
6255,33,19,3,81.0,130804.0,85434.0,20795,11347204.0,12260823,27031558,5119014,15086,8003,38.5,100.0
6256,33,19,4,73.0,88588.0,42542.0,13715,9879436.0,12260823,27031558,5119014,6191,3282,62.7,93.8
6257,33,19,5,58.1,136925.0,110171.0,24748,9596510.0,12260823,27031558,5119014,10009,18178,,73.2
6258,33,19,6,67.2,29706.0,23468.0,6808,9910810.0,12260823,27031558,5119014,1368,2631,26.0,20.4
6259,33,20,1,41.9,81122.0,46987.0,12630,7895796.0,8402586,18876478,2424497,2443,6395,61.2,57.0
6260,33,20,2,45.6,23886.0,18360.0,1939,5915854.0,8402586,18876478,2424497,2678,952,51.2,71.1
6261,33,20,3,53.7,,22274.0,6228,5925299.0,8402586,18876478,2424497,3988,2864,44.9,66.5
6262,33,20,4,51.2,77951.0,32759.0,3732,7173358.0,8402586,18876478,2424497,7186,2200,62.2,36.5
6263,33,20,5,68.1,24594.0,18317.0,5645,,8402586,18876478,2424497,3491,1909,50.6,67.3
6264,33,20,6,63.7,52452.0,46266.0,6262,5152089.0,8402586,18876478,2424497,9693,4645,69.7,56.9
6265,33,21,1,40.9,52848.0,40340.0,12085,12505007.0,20760639,48094708,7146246,4719,5456,34.3,57.1
6266,33,21,2,71.6,238078.0,146220.0,20754,12773283.0,20760639,48094708,7146246,23071,15229,56.2,41.6
6267,33,21,3,75.8,49738.0,21897.0,2277,17756884.0,20760639,48094708,7146246,2338,2182,37.1,38.8
6268,33,21,4,87.9,184133.0,76683.0,23246,15449805.0,20760639,48094708,7146246,4530,4703,43.3,15.3
6269,33,21,5,35.5,52901.0,29824.0,8768,15996766.0,20760639,48094708,7146246,2912,4275,52.6,61.0
6270,33,21,6,43.6,219866.0,169175.0,40412,15195585.0,20760639,48094708,7146246,32113,11161,50.2,55.0
6271,33,22,1,51.4,,1129.0,226,186280.0,198253,401234,97350,234,169,74.5,51.0
6272,33,22,2,54.4,911.0,562.0,136,161581.0,198253,401234,97350,39,44,52.5,60.8
6273,33,22,3,80.7,1960.0,1724.0,210,176754.0,198253,401234,97350,345,140,52.8,36.9
6274,33,22,4,80.1,956.0,482.0,109,127746.0,198253,401234,97350,103,86,76.4,44.3
6275,33,22,5,35.7,518.0,381.0,109,121839.0,198253,401234,97350,34,48,67.0,66.4
6276,33,22,6,39.6,757.0,389.0,128,190218.0,198253,401234,97350,48,42,37.3,49.5
6277,33,23,1,58.7,232267.0,208980.0,38191,15581169.0,21558960,48532922,8717452,23153,33781,69.8,50.4
6278,33,23,2,56.4,232664.0,143005.0,26305,15533871.0,21558960,48532922,8717452,23954,20300,87.3,65.7
6279,33,23,3,37.7,54206.0,33213.0,5534,16189754.0,21558960,48532922,8717452,2197,3314,58.8,3.5
6280,33,23,4,70.3,145705.0,108909.0,17193,16413914.0,21558960,48532922,8717452,16144,10613,58.0,63.2
6281,33,23,5,92.1,229351.0,152503.0,24085,14339006.0,21558960,48532922,8717452,29909,15780,57.0,64.2
6282,33,23,6,83.3,187907.0,95631.0,31350,14273976.0,21558960,48532922,8717452,17878,13213,66.1,74.7
6283,33,24,1,74.0,82165.0,46458.0,12010,7752820.0,10422131,23188589,4171724,8482,2056,44.7,44.6
6284,33,24,2,62.7,79504.0,38220.0,9807,9322277.0,10422131,23188589,4171724,2030,5059,46.5,38.4
6285,33,24,3,62.0,21482.0,11237.0,2350,7526596.0,10422131,23188589,4171724,2332,1879,,99.0
6286,33,24,4,47.7,74313.0,62427.0,12847,6680633.0,10422131,23188589,4171724,7953,4836,,50.4
6287,33,24,5,96.8,,26373.0,7370,8435278.0,10422131,23188589,4171724,5999,3050,69.2,33.9
6288,33,24,6,76.7,65592.0,38001.0,11596,10009918.0,10422131,23188589,4171724,3934,6611,15.9,56.7
6289,33,25,1,92.6,3438.0,1699.0,328,685897.0,1096836,2510690,497385,249,155,46.5,44.8
6290,33,25,2,69.7,11000.0,6241.0,1618,813406.0,1096836,2510690,497385,1166,906,63.5,66.1
6291,33,25,3,84.0,10285.0,6731.0,2207,908421.0,1096836,2510690,497385,870,601,67.7,76.4
6292,33,25,4,63.5,9925.0,4060.0,1343,872088.0,1096836,2510690,497385,250,546,2.6,18.5
6293,33,25,5,84.4,4750.0,2017.0,330,974411.0,1096836,2510690,497385,243,331,,59.7
6294,33,25,6,61.4,7075.0,6080.0,1512,866117.0,1096836,2510690,497385,667,790,11.6,43.1
6295,33,26,1,50.5,248586.0,,16852,55526343.0,59711106,130953635,27789021,20863,21023,40.6,50.5
6296,33,26,2,72.3,462885.0,366360.0,51536,56369976.0,59711106,130953635,27789021,68480,53926,56.4,91.7
6297,33,26,3,69.4,187901.0,142576.0,31179,53074700.0,59711106,130953635,27789021,18557,22432,66.0,38.0
6298,33,26,4,84.5,634751.0,402800.0,58821,54060517.0,59711106,130953635,27789021,71380,56447,55.3,41.2
6299,33,26,5,39.6,688114.0,313159.0,94781,58059189.0,59711106,130953635,27789021,78210,20359,55.6,72.0
6300,33,26,6,47.1,618347.0,536907.0,104506,41283330.0,59711106,130953635,27789021,-101877,43721,53.8,46.9
6301,33,27,1,98.6,58205.0,30316.0,5014,3667890.0,5972575,12180118,2141213,2112,2951,40.5,89.3
6302,33,27,2,71.5,49171.0,28837.0,9491,5379347.0,5972575,12180118,2141213,7074,1094,56.3,76.1
6303,33,27,3,54.1,34122.0,30079.0,8651,4094748.0,5972575,12180118,2141213,4523,1764,24.8,54.1
6304,33,27,4,82.8,13584.0,11473.0,3852,3740242.0,5972575,12180118,2141213,1487,415,37.7,60.6
6305,33,27,5,93.5,37408.0,31383.0,8343,5347985.0,5972575,12180118,2141213,5250,1522,16.9,6.8
6306,33,27,6,82.7,27493.0,16968.0,5221,4467286.0,5972575,12180118,2141213,2261,2868,62.7,62.6
6307,33,28,1,46.3,254457.0,227687.0,56335,18209500.0,24382338,61316090,9040785,31198,29473,42.0,69.9
6308,33,28,2,94.1,219263.0,125031.0,29826,23351400.0,24382338,61316090,9040785,8231,18330,65.2,26.2
6309,33,28,3,72.4,209582.0,88127.0,9911,19752810.0,24382338,61316090,9040785,12738,5388,47.5,38.8
6310,33,28,4,98.8,,156782.0,36907,20445323.0,24382338,61316090,9040785,11152,24607,43.9,62.5
6311,33,28,5,56.5,279348.0,140590.0,32271,20035978.0,24382338,61316090,9040785,26772,25143,41.1,77.6
6312,33,28,6,72.2,60344.0,37701.0,10265,17736134.0,24382338,61316090,9040785,7915,6397,61.5,88.1
6313,33,29,1,78.6,94722.0,38842.0,9595,7361835.0,7982447,20267051,3989841,9287,3411,62.8,51.7
6314,33,29,2,67.6,55087.0,40670.0,4739,7025757.0,7982447,20267051,3989841,3036,6747,44.0,16.4
6315,33,29,3,35.7,19832.0,13512.0,3382,5846618.0,7982447,20267051,3989841,1076,1746,44.5,42.3
6316,33,29,4,93.8,69441.0,47590.0,9301,4816544.0,7982447,20267051,3989841,8705,2283,48.9,63.9
6317,33,29,5,41.4,72030.0,38143.0,8543,5360340.0,7982447,20267051,3989841,7242,2694,68.6,24.8
6318,33,29,6,48.0,62806.0,45040.0,7450,5185744.0,7982447,20267051,3989841,10604,2044,43.5,28.3
6319,33,30,1,72.2,27679.0,11295.0,2714,3337990.0,3861466,8301648,1557764,926,808,65.3,76.8
6320,33,30,2,65.7,36916.0,22450.0,5833,3471404.0,3861466,8301648,1557764,3265,1075,36.3,57.0
6321,33,30,3,77.1,30705.0,14244.0,4673,2364413.0,3861466,8301648,1557764,2069,1394,12.6,51.2
6322,33,30,4,47.1,15389.0,8382.0,1300,3553189.0,3861466,8301648,1557764,2084,809,42.3,29.5
6323,33,30,5,75.8,32310.0,20298.0,6355,3046565.0,3861466,8301648,1557764,2358,2127,40.7,98.1
6324,33,30,6,74.2,20835.0,17649.0,2665,3163736.0,3861466,8301648,1557764,3689,1706,46.8,33.4
6325,33,31,1,60.3,768.0,335.0,63,65558.0,79263,184503,40445,51,28,51.7,30.8
6326,33,31,2,56.8,,99.0,30,71733.0,79263,184503,40445,8,10,15.6,59.0
6327,33,31,3,43.7,,385.0,98,67226.0,79263,184503,40445,68,53,50.6,89.5
6328,33,31,4,75.8,,620.0,148,54664.0,79263,184503,40445,53,31,25.5,58.4
6329,33,31,5,85.1,842.0,744.0,123,56532.0,79263,184503,40445,86,96,48.2,38.3
6330,33,31,6,90.0,789.0,,113,63730.0,79263,184503,40445,88,20,39.6,27.3
6331,33,32,1,80.7,1738.0,1190.0,237,354205.0,428967,904137,144129,291,185,24.4,54.5
6332,33,32,2,37.2,4247.0,3809.0,398,263063.0,428967,904137,144129,682,208,48.8,55.1
6333,33,32,3,51.7,1710.0,696.0,106,364596.0,428967,904137,144129,122,125,17.4,28.1
6334,33,32,4,50.3,1030.0,712.0,116,282696.0,428967,904137,144129,101,122,59.8,46.6
6335,33,32,5,83.7,1206.0,822.0,165,338602.0,428967,904137,144129,122,142,57.4,33.3
6336,33,32,6,61.7,2948.0,2481.0,250,417519.0,428967,904137,144129,488,198,48.6,68.8
6337,34,1,1,59.2,39818.0,26339.0,7052,9231911.0,13374474,31440146,6238034,6474,2474,64.0,93.8
6338,34,1,2,66.1,133031.0,85983.0,22889,12432130.0,13374474,31440146,6238034,6108,10170,69.0,29.1
6339,34,1,3,96.5,96830.0,51747.0,6680,12864072.0,13374474,31440146,6238034,5311,5446,59.3,36.9
6340,34,1,4,96.8,72931.0,44881.0,9353,12490195.0,13374474,31440146,6238034,5040,2943,53.5,43.4
6341,34,1,5,73.9,134262.0,115293.0,22249,12067751.0,13374474,31440146,6238034,9470,8705,31.8,39.4
6342,34,1,6,42.1,120017.0,58437.0,9067,8311131.0,13374474,31440146,6238034,12013,3035,71.0,55.9
6343,34,2,1,38.2,3286.0,1963.0,341,244662.0,399875,940217,149111,186,64,66.4,50.2
6344,34,2,2,46.3,1155.0,,225,359844.0,399875,940217,149111,144,23,60.5,47.3
6345,34,2,3,97.5,1141.0,708.0,193,295369.0,399875,940217,149111,52,33,49.9,26.5
6346,34,2,4,40.6,4645.0,1908.0,456,362492.0,399875,940217,149111,104,262,54.0,70.3
6347,34,2,5,78.8,2291.0,984.0,285,295122.0,399875,940217,149111,66,166,30.6,63.2
6348,34,2,6,94.5,2600.0,2226.0,772,347014.0,399875,940217,149111,392,205,34.3,60.1
6349,34,3,1,51.8,22670.0,10742.0,2852,8657136.0,9657856,20213974,3969047,1690,1403,46.8,47.3
6350,34,3,2,88.8,33825.0,19178.0,4553,6297640.0,9657856,20213974,3969047,1640,761,53.4,74.7
6351,34,3,3,37.0,53494.0,44060.0,7385,6452704.0,9657856,20213974,3969047,3970,7901,53.3,70.1
6352,34,3,4,71.3,19138.0,10489.0,3128,7159376.0,9657856,20213974,3969047,2160,1329,50.0,45.1
6353,34,3,5,72.6,36957.0,32939.0,6473,6356361.0,9657856,20213974,3969047,6995,4939,48.6,38.6
6354,34,3,6,44.6,42729.0,31709.0,6270,8747987.0,9657856,20213974,3969047,4418,5675,45.4,28.2
6355,34,4,1,53.4,102861.0,49477.0,12262,20674350.0,31936505,75545187,14198419,9831,4653,50.3,69.0
6356,34,4,2,36.5,164920.0,132182.0,24489,28986015.0,31936505,75545187,14198419,29527,15088,66.0,26.5
6357,34,4,3,54.7,127014.0,72489.0,15265,28008371.0,31936505,75545187,14198419,13777,10888,40.1,70.7
6358,34,4,4,56.9,178305.0,91634.0,18987,25151885.0,31936505,75545187,14198419,6709,11025,50.8,40.4
6359,34,4,5,73.9,299893.0,152395.0,25722,27600414.0,31936505,75545187,14198419,25383,24677,23.0,72.7
6360,34,4,6,96.3,220513.0,89727.0,23063,28908584.0,31936505,75545187,14198419,12046,14159,67.4,62.2
6361,34,5,1,93.9,44838.0,30339.0,9419,5477751.0,8611631,16254880,3318662,7327,2965,70.2,52.3
6362,34,5,2,52.3,70719.0,54702.0,13711,7880789.0,8611631,16254880,3318662,5934,3433,76.1,36.5
6363,34,5,3,75.5,70753.0,50661.0,12251,6422146.0,8611631,16254880,3318662,11232,6796,71.3,67.8
6364,34,5,4,69.8,83784.0,48925.0,9530,5439742.0,8611631,16254880,3318662,7838,5927,22.8,68.8
6365,34,5,5,89.5,32999.0,27706.0,6300,6275858.0,8611631,16254880,3318662,6347,996,55.6,36.8
6366,34,5,6,36.7,78904.0,32975.0,5806,6517626.0,8611631,16254880,3318662,7661,2172,38.4,80.4
6367,34,6,1,41.0,1031.0,756.0,111,404805.0,472018,920171,208502,164,106,51.5,37.2
6368,34,6,2,79.3,3907.0,,471,359436.0,472018,920171,208502,765,385,61.6,39.1
6369,34,6,3,49.8,2275.0,1951.0,340,428818.0,472018,920171,208502,212,162,53.9,80.9
6370,34,6,4,71.4,3337.0,1679.0,487,405024.0,472018,920171,208502,413,283,7.0,17.1
6371,34,6,5,50.9,1782.0,1099.0,212,447729.0,472018,920171,208502,211,192,43.4,60.5
6372,34,6,6,38.7,4025.0,3047.0,454,302149.0,472018,920171,208502,225,378,57.1,58.1
6373,34,7,1,39.1,101349.0,66399.0,16962,12324707.0,20318115,40178324,7253855,14647,2253,0.0,65.3
6374,34,7,2,64.0,161333.0,121696.0,29984,12962316.0,20318115,40178324,7253855,19747,21640,46.5,12.0
6375,34,7,3,58.8,142333.0,124397.0,32333,15293898.0,20318115,40178324,7253855,12764,16238,,61.7
6376,34,7,4,43.6,90328.0,79392.0,18791,13220639.0,20318115,40178324,7253855,19273,12379,32.2,44.5
6377,34,7,5,93.4,149250.0,61901.0,6712,13360933.0,20318115,40178324,7253855,5854,6560,30.3,76.7
6378,34,7,6,93.0,175432.0,88570.0,29060,19911595.0,20318115,40178324,7253855,11238,2876,44.7,34.8
6379,34,8,1,46.3,84214.0,67649.0,20072,4592009.0,7550299,18178980,3379454,5268,9961,44.0,83.2
6380,34,8,2,78.1,28042.0,19162.0,2234,5010440.0,7550299,18178980,3379454,3038,632,42.1,56.2
6381,34,8,3,77.0,85120.0,45502.0,7461,4651814.0,7550299,18178980,3379454,7746,2462,57.6,45.7
6382,34,8,4,72.1,79800.0,,14114,6064294.0,7550299,18178980,3379454,3490,7951,32.0,63.7
6383,34,8,5,41.9,79582.0,64805.0,17011,6791368.0,7550299,18178980,3379454,11175,4467,47.9,24.3
6384,34,8,6,66.1,60147.0,31983.0,10608,5567227.0,7550299,18178980,3379454,2095,5723,79.9,80.0
6385,34,9,1,78.5,10517.0,8269.0,1790,1822450.0,1914326,4227666,1000139,2005,1413,61.0,65.0
6386,34,9,2,74.9,12791.0,10184.0,2529,1162219.0,1914326,4227666,1000139,1255,580,14.9,51.5
6387,34,9,3,95.5,6535.0,3414.0,1079,1600912.0,1914326,4227666,1000139,721,220,43.5,36.9
6388,34,9,4,35.3,19296.0,12042.0,2781,1446848.0,1914326,4227666,1000139,2685,1911,64.9,28.3
6389,34,9,5,74.4,20892.0,13104.0,2451,1531141.0,1914326,4227666,1000139,2790,1126,54.1,18.5
6390,34,9,6,46.4,5540.0,4078.0,782,1220276.0,1914326,4227666,1000139,845,605,47.7,32.0
6391,34,10,1,46.0,110045.0,79472.0,12329,8214060.0,10013683,22508171,5229168,16658,3134,16.8,100.0
6392,34,10,2,90.1,20822.0,14926.0,4915,6760998.0,10013683,22508171,5229168,2001,1844,42.6,49.6
6393,34,10,3,89.7,64499.0,57133.0,18502,7801907.0,10013683,22508171,5229168,3708,7138,67.9,40.4
6394,34,10,4,88.7,89497.0,41857.0,5803,8776237.0,10013683,22508171,5229168,8318,7123,83.6,48.6
6395,34,10,5,44.1,,47810.0,16161,7958597.0,10013683,22508171,5229168,7073,4141,40.5,16.4
6396,34,10,6,81.1,78202.0,50076.0,14220,6693806.0,10013683,22508171,5229168,3130,6363,30.6,39.2
6397,34,11,1,48.9,63371.0,,15621,9960044.0,16232935,38417697,8494043,3288,6026,62.2,7.2
6398,34,11,2,60.0,68650.0,51579.0,13321,12025372.0,16232935,38417697,8494043,10984,5206,63.0,77.9
6399,34,11,3,40.0,58719.0,43132.0,13289,15240618.0,16232935,38417697,8494043,4017,1440,30.8,37.8
6400,34,11,4,43.5,120358.0,90422.0,27688,12403929.0,16232935,38417697,8494043,9569,15450,15.6,45.4
6401,34,11,5,87.8,193322.0,121983.0,37730,14437504.0,16232935,38417697,8494043,17066,9580,74.8,64.3
6402,34,11,6,67.7,104445.0,59662.0,10728,15470770.0,16232935,38417697,8494043,4631,6923,51.4,39.1
6403,34,12,1,90.6,30867.0,21069.0,3025,7487368.0,8704652,22464639,3846450,2271,3329,49.9,48.8
6404,34,12,2,42.6,82423.0,59605.0,19784,6248810.0,8704652,22464639,3846450,6375,8032,23.2,64.3
6405,34,12,3,92.9,65785.0,51373.0,13606,5768337.0,8704652,22464639,3846450,9368,4985,46.3,74.2
6406,34,12,4,35.9,67184.0,53005.0,16237,6376026.0,8704652,22464639,3846450,5798,3980,71.0,59.8
6407,34,12,5,35.3,53790.0,32675.0,5927,8099227.0,8704652,22464639,3846450,4081,2736,50.7,32.8
6408,34,12,6,52.3,98375.0,65010.0,10523,6700031.0,8704652,22464639,3846450,4216,10543,38.3,60.7
6409,34,13,1,67.2,108418.0,52713.0,5767,16021654.0,20666346,47937489,10156043,12161,8380,44.7,70.7
6410,34,13,2,86.7,172305.0,128139.0,19927,14244705.0,20666346,47937489,10156043,21111,12271,38.3,42.4
6411,34,13,3,68.1,135627.0,122038.0,27290,20169032.0,20666346,47937489,10156043,19475,4660,54.6,78.3
6412,34,13,4,70.9,148217.0,118081.0,29251,14447319.0,20666346,47937489,10156043,14513,14584,43.0,68.1
6413,34,13,5,96.4,58908.0,30730.0,9490,18996166.0,20666346,47937489,10156043,6490,2587,54.2,64.4
6414,34,13,6,97.3,191089.0,88366.0,28257,19302225.0,20666346,47937489,10156043,14673,5870,82.8,13.1
6415,34,14,1,49.0,134093.0,68003.0,9694,26463671.0,31741564,71412090,9889160,16890,7913,36.3,67.5
6416,34,14,2,84.7,353032.0,,43044,26064087.0,31741564,71412090,9889160,33949,22394,40.7,47.1
6417,34,14,3,64.5,188556.0,78298.0,11838,,31741564,71412090,9889160,4982,11901,62.0,83.1
6418,34,14,4,63.4,83921.0,54650.0,16578,25841442.0,31741564,71412090,9889160,8838,4554,87.8,42.3
6419,34,14,5,74.4,136111.0,98756.0,13741,25372604.0,31741564,71412090,9889160,17149,5024,69.5,74.9
6420,34,14,6,61.2,299907.0,201828.0,51553,25249012.0,31741564,71412090,9889160,47455,35317,46.7,51.1
6421,34,15,1,77.1,2660.0,1969.0,448,542887.0,780550,1773705,300240,416,210,95.7,68.3
6422,34,15,2,93.2,2329.0,1676.0,184,617959.0,780550,1773705,300240,401,223,52.9,78.7
6423,34,15,3,74.4,7658.0,3142.0,640,712281.0,780550,1773705,300240,597,337,62.5,100.0
6424,34,15,4,43.4,2768.0,1363.0,149,657264.0,780550,1773705,300240,328,109,28.8,56.9
6425,34,15,5,58.0,6249.0,2938.0,352,507560.0,780550,1773705,300240,677,423,67.1,46.7
6426,34,15,6,67.7,6457.0,2776.0,359,493861.0,780550,1773705,300240,470,188,30.7,41.1
6427,34,16,1,64.6,8829.0,6875.0,1561,731380.0,858980,2045722,272633,778,505,49.2,44.8
6428,34,16,2,62.9,7085.0,5233.0,531,731977.0,858980,2045722,272633,345,497,75.6,45.6
6429,34,16,3,75.0,7070.0,4250.0,590,678137.0,858980,2045722,272633,627,567,48.8,42.0
6430,34,16,4,80.7,,5609.0,1332,788307.0,858980,2045722,272633,326,258,38.0,65.2
6431,34,16,5,43.3,7630.0,6100.0,1417,545976.0,858980,2045722,272633,439,578,49.4,67.1
6432,34,16,6,55.2,2602.0,2132.0,297,575659.0,858980,2045722,272633,317,143,39.3,38.3
6433,34,17,1,93.8,3346.0,2117.0,295,295922.0,343795,701750,126067,292,280,51.5,52.8
6434,34,17,2,82.2,1741.0,,225,304576.0,343795,701750,126067,124,117,74.9,37.2
6435,34,17,3,74.7,1383.0,573.0,175,253553.0,343795,701750,126067,137,97,31.7,62.1
6436,34,17,4,57.5,2991.0,1931.0,669,218862.0,343795,701750,126067,379,284,47.0,61.3
6437,34,17,5,98.8,934.0,443.0,126,284692.0,343795,701750,126067,78,20,,59.0
6438,34,17,6,46.5,1313.0,827.0,135,264449.0,343795,701750,126067,178,135,42.7,49.4
6439,34,18,1,97.0,1207.0,929.0,123,557746.0,627385,1244820,198167,172,122,31.6,78.8
6440,34,18,2,48.5,3860.0,3167.0,701,481538.0,627385,1244820,198167,708,251,23.0,52.7
6441,34,18,3,61.1,6193.0,4597.0,727,602607.0,627385,1244820,198167,1057,395,53.5,58.7
6442,34,18,4,50.7,6143.0,5056.0,631,386946.0,627385,1244820,198167,1011,687,41.2,67.0
6443,34,18,5,67.1,3116.0,1950.0,484,589523.0,627385,1244820,198167,290,315,78.5,48.2
6444,34,18,6,70.7,4914.0,2259.0,574,409941.0,627385,1244820,198167,197,357,32.2,41.4
6445,34,19,1,88.0,76979.0,42804.0,5556,10166353.0,11660454,27218377,5471749,3998,4500,76.3,87.3
6446,34,19,2,59.1,41810.0,30663.0,8389,8669865.0,11660454,27218377,5471749,7637,1091,60.0,55.2
6447,34,19,3,73.0,115969.0,66229.0,21482,9397682.0,11660454,27218377,5471749,11325,5441,64.4,82.0
6448,34,19,4,96.4,,75693.0,14593,8732443.0,11660454,27218377,5471749,5393,11933,8.3,85.2
6449,34,19,5,90.1,27680.0,22459.0,4869,9711751.0,11660454,27218377,5471749,4827,3663,89.0,76.8
6450,34,19,6,90.9,94782.0,51547.0,6195,7823527.0,11660454,27218377,5471749,6046,4968,47.4,38.4
6451,34,20,1,76.4,51799.0,26890.0,8396,4732704.0,7755222,18332211,2525505,5708,2829,59.2,62.7
6452,34,20,2,45.6,62494.0,50268.0,12164,7149450.0,7755222,18332211,2525505,12098,9001,24.8,93.8
6453,34,20,3,65.9,39655.0,27828.0,3976,7111787.0,7755222,18332211,2525505,5428,2455,15.1,73.7
6454,34,20,4,86.7,84036.0,39976.0,8894,4869457.0,7755222,18332211,2525505,2147,5282,58.1,69.6
6455,34,20,5,43.1,62295.0,49814.0,8021,7193840.0,7755222,18332211,2525505,4203,2783,51.3,40.4
6456,34,20,6,79.4,72710.0,38148.0,12895,5669558.0,7755222,18332211,2525505,2593,6621,51.8,57.9
6457,34,21,1,53.5,239816.0,147942.0,15529,17517933.0,19648705,46801629,11185363,9962,14852,84.4,52.3
6458,34,21,2,70.4,77711.0,59009.0,13944,12735361.0,19648705,46801629,11185363,9629,3154,18.3,84.8
6459,34,21,3,98.9,230107.0,182310.0,18801,14610366.0,19648705,46801629,11185363,37414,6256,43.7,100.0
6460,34,21,4,39.8,154930.0,87932.0,23289,18906100.0,19648705,46801629,11185363,12568,14070,40.9,70.7
6461,34,21,5,69.4,227750.0,198918.0,21730,14049022.0,19648705,46801629,11185363,47793,29489,72.1,53.4
6462,34,21,6,35.5,145206.0,123036.0,19586,12190239.0,19648705,46801629,11185363,9464,20157,100.0,68.1
6463,34,22,1,50.4,1619.0,1319.0,268,118809.0,181919,420379,79558,87,197,39.4,82.2
6464,34,22,2,94.2,1540.0,1158.0,119,147779.0,181919,420379,79558,265,40,43.6,45.3
6465,34,22,3,70.7,925.0,438.0,49,139463.0,181919,420379,79558,40,34,48.5,56.2
6466,34,22,4,39.6,1072.0,943.0,247,159820.0,181919,420379,79558,125,111,,49.5
6467,34,22,5,48.1,1388.0,696.0,224,155768.0,181919,420379,79558,91,91,56.6,93.8
6468,34,22,6,42.8,1607.0,1387.0,155,133739.0,181919,420379,79558,203,208,35.7,0.0
6469,34,23,1,84.0,120894.0,99175.0,11433,13135137.0,21239042,44363724,9230986,8638,6746,49.2,34.5
6470,34,23,2,52.6,163189.0,98850.0,18064,,21239042,44363724,9230986,17436,10799,35.7,29.5
6471,34,23,3,50.5,43726.0,22534.0,3197,14509094.0,21239042,44363724,9230986,2907,1382,34.8,51.0
6472,34,23,4,69.9,145933.0,97064.0,33400,15875992.0,21239042,44363724,9230986,15579,3422,55.6,54.3
6473,34,23,5,85.9,102140.0,46542.0,6472,16630914.0,21239042,44363724,9230986,10750,4976,20.2,59.0
6474,34,23,6,74.5,165293.0,87059.0,29762,14883630.0,21239042,44363724,9230986,17607,13068,38.0,32.8
6475,34,24,1,89.9,111631.0,96682.0,13626,9997094.0,10480696,22448256,3423030,10821,15625,28.7,32.9
6476,34,24,2,97.3,52346.0,30011.0,5590,9090867.0,10480696,22448256,3423030,3175,4378,38.0,32.3
6477,34,24,3,55.6,58514.0,44687.0,4529,8467639.0,10480696,22448256,3423030,7728,2767,,72.9
6478,34,24,4,89.6,50050.0,22960.0,4423,8494282.0,10480696,22448256,3423030,5606,3133,63.2,41.5
6479,34,24,5,96.2,118200.0,97224.0,15575,9424789.0,10480696,22448256,3423030,12583,16903,67.3,46.2
6480,34,24,6,87.4,85458.0,68590.0,22975,9874359.0,10480696,22448256,3423030,13535,10066,50.8,59.2
6481,34,25,1,54.3,9984.0,6644.0,1604,1037945.0,1087492,2386647,418275,1192,1135,40.5,68.6
6482,34,25,2,82.2,8895.0,6872.0,738,866296.0,1087492,2386647,418275,653,771,61.7,48.3
6483,34,25,3,78.9,4522.0,2414.0,673,682765.0,1087492,2386647,418275,443,431,15.5,40.9
6484,34,25,4,41.2,4005.0,2121.0,542,736102.0,1087492,2386647,418275,289,201,38.4,54.9
6485,34,25,5,76.4,11818.0,9299.0,3181,967248.0,1087492,2386647,418275,2101,337,56.6,22.2
6486,34,25,6,54.7,7014.0,3007.0,469,849695.0,1087492,2386647,418275,642,314,44.4,40.4
6487,34,26,1,61.0,301015.0,134608.0,23917,,66538792,141035677,22157908,10549,7647,83.1,55.5
6488,34,26,2,93.8,127683.0,83523.0,17358,56686722.0,66538792,141035677,22157908,5178,14571,22.3,23.8
6489,34,26,3,50.0,264438.0,123128.0,38417,41222767.0,66538792,141035677,22157908,26644,21178,33.5,79.6
6490,34,26,4,97.2,314552.0,198626.0,54307,64689719.0,66538792,141035677,22157908,22886,15110,75.9,50.8
6491,34,26,5,87.2,693653.0,597372.0,93462,63782604.0,66538792,141035677,22157908,85576,27413,30.8,68.3
6492,34,26,6,48.8,236993.0,171576.0,49254,46466225.0,66538792,141035677,22157908,12755,19506,50.4,53.6
6493,34,27,1,74.3,10942.0,5984.0,1039,5336966.0,5902038,12528209,2522043,1081,893,82.3,57.7
6494,34,27,2,88.3,,18730.0,6125,5192399.0,5902038,12528209,2522043,1083,3352,62.7,77.4
6495,34,27,3,96.9,18819.0,11245.0,3471,5221445.0,5902038,12528209,2522043,2340,1689,40.1,47.5
6496,34,27,4,82.4,16020.0,8360.0,2312,3984244.0,5902038,12528209,2522043,1047,580,54.5,36.7
6497,34,27,5,94.0,29440.0,14879.0,1582,4268088.0,5902038,12528209,2522043,2740,1180,67.5,72.1
6498,34,27,6,46.7,24233.0,19846.0,5536,4314394.0,5902038,12528209,2522043,4098,737,35.7,63.7
6499,34,28,1,74.2,165027.0,127457.0,40373,22187200.0,28115388,60596117,11357783,30193,22761,62.4,89.4
6500,34,28,2,75.3,178127.0,79072.0,17513,25401151.0,28115388,60596117,11357783,15294,7700,66.8,80.2
6501,34,28,3,65.9,224529.0,150201.0,26531,17887026.0,28115388,60596117,11357783,27135,15584,73.8,78.2
6502,34,28,4,62.3,263732.0,236737.0,30015,23775438.0,28115388,60596117,11357783,36083,14255,48.1,64.8
6503,34,28,5,74.2,221454.0,123301.0,42166,24145269.0,28115388,60596117,11357783,19838,6526,75.1,79.7
6504,34,28,6,50.4,148815.0,83325.0,27389,17257262.0,28115388,60596117,11357783,13652,6039,56.8,42.4
6505,34,29,1,36.6,92788.0,,20100,7107174.0,9570367,19169818,4040594,8682,3065,74.9,67.2
6506,34,29,2,65.4,42039.0,29398.0,3223,6243700.0,9570367,19169818,4040594,6601,2885,38.8,67.5
6507,34,29,3,40.6,88094.0,64173.0,19649,9149509.0,9570367,19169818,4040594,7611,5138,,29.5
6508,34,29,4,77.1,22275.0,12771.0,2352,8627195.0,9570367,19169818,4040594,1089,1685,,26.5
6509,34,29,5,71.0,74688.0,40606.0,11012,9057006.0,9570367,19169818,4040594,5527,6476,88.2,49.0
6510,34,29,6,59.2,39980.0,21722.0,7547,6106245.0,9570367,19169818,4040594,3317,2217,36.1,52.9
6511,34,30,1,75.8,27580.0,22943.0,7190,,3525662,8126638,1724148,3484,1548,36.4,27.2
6512,34,30,2,64.6,32997.0,16542.0,1872,2464690.0,3525662,8126638,1724148,1338,686,38.5,24.2
6513,34,30,3,37.6,,28698.0,9310,,3525662,8126638,1724148,4463,5020,39.7,36.6
6514,34,30,4,70.2,28659.0,19950.0,4341,2524303.0,3525662,8126638,1724148,4268,3220,47.3,50.7
6515,34,30,5,79.5,30156.0,25506.0,7943,2297135.0,3525662,8126638,1724148,6219,3964,70.2,79.9
6516,34,30,6,95.0,32494.0,14492.0,2719,2176567.0,3525662,8126638,1724148,3164,2468,64.2,76.6
6517,34,31,1,92.6,804.0,450.0,115,74492.0,88209,184020,39272,56,22,73.4,73.6
6518,34,31,2,89.3,206.0,114.0,22,55680.0,88209,184020,39272,28,19,29.2,52.8
6519,34,31,3,47.2,816.0,708.0,161,63632.0,88209,184020,39272,47,62,16.9,63.7
6520,34,31,4,37.6,897.0,472.0,80,,88209,184020,39272,102,33,71.5,90.5
6521,34,31,5,72.5,486.0,248.0,67,85688.0,88209,184020,39272,55,14,57.7,39.9
6522,34,31,6,50.5,794.0,416.0,78,,88209,184020,39272,80,27,63.4,58.2
6523,34,32,1,66.6,3156.0,1589.0,383,384183.0,444024,935313,157927,254,268,79.1,9.1
6524,34,32,2,97.1,3743.0,3357.0,393,388340.0,444024,935313,157927,595,133,43.5,38.3
6525,34,32,3,95.9,2594.0,2291.0,517,398725.0,444024,935313,157927,448,313,41.2,30.8
6526,34,32,4,76.0,1626.0,743.0,246,392772.0,444024,935313,157927,47,67,27.2,53.4
6527,34,32,5,83.3,3571.0,2155.0,664,432360.0,444024,935313,157927,530,306,49.6,61.7
6528,34,32,6,63.3,1016.0,682.0,167,434229.0,444024,935313,157927,159,65,52.0,48.0
6529,35,1,1,93.1,32452.0,22288.0,3717,14716298.0,15941793,30390732,5730991,1369,3528,72.9,44.1
6530,35,1,2,88.8,57793.0,51432.0,6555,13589226.0,15941793,30390732,5730991,10819,4337,44.9,65.7
6531,35,1,3,89.6,46542.0,32153.0,3274,14797050.0,15941793,30390732,5730991,6825,2000,,21.2
6532,35,1,4,46.8,152905.0,135454.0,32645,15440613.0,15941793,30390732,5730991,29776,8645,57.9,34.5
6533,35,1,5,77.1,127729.0,85310.0,22978,13918719.0,15941793,30390732,5730991,9210,5164,62.2,63.5
6534,35,1,6,89.7,62905.0,55967.0,19309,14432099.0,15941793,30390732,5730991,3150,5818,63.2,19.9
6535,35,2,1,88.5,1609.0,914.0,280,368823.0,392565,971901,136823,197,55,62.4,66.8
6536,35,2,2,53.6,4582.0,2762.0,796,364256.0,392565,971901,136823,574,404,44.1,67.4
6537,35,2,3,69.0,,743.0,118,330989.0,392565,971901,136823,67,67,19.9,50.2
6538,35,2,4,36.2,3119.0,2272.0,556,261280.0,392565,971901,136823,277,347,45.2,88.5
6539,35,2,5,89.4,4679.0,2899.0,398,377786.0,392565,971901,136823,300,489,44.9,39.7
6540,35,2,6,81.0,3922.0,2784.0,373,283919.0,392565,971901,136823,632,406,39.6,22.3
6541,35,3,1,80.0,17912.0,15867.0,3569,8408227.0,10545324,20427157,3277328,2735,1279,42.9,46.0
6542,35,3,2,81.6,85351.0,41311.0,5192,7574018.0,10545324,20427157,3277328,8687,1809,78.9,89.1
6543,35,3,3,36.4,37859.0,25855.0,6256,9330079.0,10545324,20427157,3277328,1863,4534,38.8,67.2
6544,35,3,4,54.3,54120.0,27333.0,5369,7401205.0,10545324,20427157,3277328,1682,3963,34.1,66.9
6545,35,3,5,98.6,78951.0,40278.0,6418,6955647.0,10545324,20427157,3277328,3949,5719,69.9,97.6
6546,35,3,6,88.2,51887.0,37308.0,6058,9495669.0,10545324,20427157,3277328,3881,3560,15.1,57.9
6547,35,4,1,93.6,365459.0,215595.0,50259,32798976.0,34547182,70481342,17172299,15811,8883,19.2,52.6
6548,35,4,2,55.8,130865.0,,18673,26695304.0,34547182,70481342,17172299,4637,9235,47.6,71.6
6549,35,4,3,43.0,131912.0,117708.0,12242,22663598.0,34547182,70481342,17172299,18218,8952,48.8,64.7
6550,35,4,4,51.8,305578.0,176905.0,19225,27468100.0,34547182,70481342,17172299,39582,20317,90.4,43.3
6551,35,4,5,71.4,115778.0,67837.0,13870,25629655.0,34547182,70481342,17172299,5182,11674,31.1,100.0
6552,35,4,6,68.7,130141.0,58521.0,13109,32159188.0,34547182,70481342,17172299,3746,6908,32.3,64.8
6553,35,5,1,80.7,50052.0,40163.0,13616,5959589.0,7723930,16613668,3371120,2679,6096,39.7,32.6
6554,35,5,2,94.9,35919.0,22556.0,7267,5859011.0,7723930,16613668,3371120,5231,695,47.7,55.7
6555,35,5,3,69.8,27102.0,22616.0,6574,6635509.0,7723930,16613668,3371120,4039,864,61.5,42.0
6556,35,5,4,70.5,44708.0,32278.0,4808,5920385.0,7723930,16613668,3371120,5989,3968,67.5,62.8
6557,35,5,5,54.2,68227.0,60167.0,16248,5157312.0,7723930,16613668,3371120,4363,2106,52.1,71.6
6558,35,5,6,97.4,40318.0,31826.0,9441,6331191.0,7723930,16613668,3371120,5255,3616,60.0,46.5
6559,35,6,1,88.9,3289.0,2780.0,957,436379.0,466223,892449,172711,171,382,48.6,71.0
6560,35,6,2,96.8,2925.0,1821.0,528,302418.0,466223,892449,172711,124,188,40.5,79.4
6561,35,6,3,97.2,2957.0,,191,294457.0,466223,892449,172711,194,104,15.5,79.6
6562,35,6,4,37.9,3372.0,1791.0,422,427681.0,466223,892449,172711,203,187,34.6,28.1
6563,35,6,5,43.1,1747.0,1466.0,478,280810.0,466223,892449,172711,266,197,37.1,23.5
6564,35,6,6,67.8,4332.0,2938.0,835,311980.0,466223,892449,172711,486,328,62.6,85.4
6565,35,7,1,39.5,55568.0,33080.0,9482,10317617.0,16963084,38906833,8507016,8098,2745,34.6,44.2
6566,35,7,2,47.5,79684.0,49689.0,7986,16082396.0,16963084,38906833,8507016,8931,2073,62.2,53.2
6567,35,7,3,79.5,126865.0,108630.0,12724,11303167.0,16963084,38906833,8507016,16721,9936,42.2,44.0
6568,35,7,4,62.1,142871.0,98974.0,9930,13582934.0,16963084,38906833,8507016,16795,11054,66.3,31.2
6569,35,7,5,40.8,121001.0,58757.0,11117,11244669.0,16963084,38906833,8507016,5460,6540,60.0,88.5
6570,35,7,6,45.1,187383.0,126864.0,36948,12635484.0,16963084,38906833,8507016,18065,11634,60.8,62.1
6571,35,8,1,57.1,66368.0,45136.0,8351,4843404.0,7639955,17161299,3513139,8931,4847,47.7,53.3
6572,35,8,2,75.5,82838.0,38337.0,12337,6817004.0,7639955,17161299,3513139,5057,3728,48.7,53.6
6573,35,8,3,78.5,28936.0,,1999,6064351.0,7639955,17161299,3513139,4284,1912,76.0,41.4
6574,35,8,4,62.9,15116.0,11099.0,3430,7328850.0,7639955,17161299,3513139,2712,1453,57.3,49.8
6575,35,8,5,67.7,32765.0,14485.0,3206,6808005.0,7639955,17161299,3513139,2792,1829,44.5,22.8
6576,35,8,6,97.3,23391.0,13458.0,1758,6888919.0,7639955,17161299,3513139,1876,807,68.8,73.8
6577,35,9,1,51.2,20507.0,12119.0,2046,2027938.0,2162621,4290032,804369,1047,557,37.4,48.4
6578,35,9,2,92.4,12534.0,5809.0,760,2023700.0,2162621,4290032,804369,1122,296,49.3,36.2
6579,35,9,3,43.3,15765.0,12585.0,1926,,2162621,4290032,804369,1912,735,62.9,55.2
6580,35,9,4,52.7,16404.0,13449.0,4667,1526960.0,2162621,4290032,804369,2452,1105,19.9,53.2
6581,35,9,5,50.6,18277.0,9246.0,964,1447853.0,2162621,4290032,804369,2071,1559,63.9,65.7
6582,35,9,6,36.7,12772.0,6878.0,1415,1707989.0,2162621,4290032,804369,938,1127,22.0,31.6
6583,35,10,1,56.8,79495.0,63679.0,16201,9544217.0,10066248,23279066,3423611,12233,3657,37.9,67.0
6584,35,10,2,73.3,75839.0,67805.0,22840,6802022.0,10066248,23279066,3423611,15218,3260,36.1,92.4
6585,35,10,3,57.8,62714.0,54011.0,10618,6551341.0,10066248,23279066,3423611,5038,7846,42.7,78.1
6586,35,10,4,51.8,41270.0,35247.0,5821,9315439.0,10066248,23279066,3423611,7987,1849,43.5,34.0
6587,35,10,5,43.7,46505.0,19698.0,3416,6515824.0,10066248,23279066,3423611,2061,2026,34.3,49.5
6588,35,10,6,79.5,48266.0,22220.0,4285,7064778.0,10066248,23279066,3423611,5544,1106,65.9,91.9
6589,35,11,1,57.0,133597.0,,9400,12255014.0,17388551,37569609,7709456,19324,4152,53.4,41.0
6590,35,11,2,62.4,,73185.0,9363,10869174.0,17388551,37569609,7709456,6263,8441,24.7,52.1
6591,35,11,3,56.8,202027.0,85345.0,26900,11683074.0,17388551,37569609,7709456,6187,6825,44.3,45.9
6592,35,11,4,69.1,171376.0,85090.0,11121,11019722.0,17388551,37569609,7709456,20214,7900,49.2,55.6
6593,35,11,5,39.1,183075.0,78570.0,10221,11415704.0,17388551,37569609,7709456,10336,7552,23.3,70.3
6594,35,11,6,75.6,191031.0,98101.0,17658,14097989.0,17388551,37569609,7709456,7617,7563,69.0,76.3
6595,35,12,1,98.6,29631.0,15586.0,5389,7874997.0,8730034,19648619,4204841,3390,1330,49.3,46.6
6596,35,12,2,74.1,47347.0,26810.0,7346,6118551.0,8730034,19648619,4204841,3637,1813,44.5,31.1
6597,35,12,3,88.4,45493.0,28986.0,5270,7020960.0,8730034,19648619,4204841,5529,2758,52.6,44.9
6598,35,12,4,44.6,,41168.0,12250,5505674.0,8730034,19648619,4204841,7328,4204,61.6,55.5
6599,35,12,5,94.7,44918.0,38750.0,7667,7852705.0,8730034,19648619,4204841,7276,5705,55.9,35.1
6600,35,12,6,46.1,65263.0,57465.0,12286,5754307.0,8730034,19648619,4204841,7566,8183,53.8,49.5
6601,35,13,1,89.7,253431.0,185564.0,52930,20052663.0,24995616,49899488,11688782,26308,19898,40.0,64.1
6602,35,13,2,54.8,123674.0,77834.0,15186,19097073.0,24995616,49899488,11688782,14326,12922,68.8,48.8
6603,35,13,3,37.0,224787.0,137988.0,18995,17804767.0,24995616,49899488,11688782,23917,23636,66.8,74.7
6604,35,13,4,89.2,247306.0,124655.0,32337,16907607.0,24995616,49899488,11688782,9951,18020,53.8,29.5
6605,35,13,5,63.4,250265.0,165344.0,36734,18103541.0,24995616,49899488,11688782,10398,20011,64.5,28.7
6606,35,13,6,89.8,155377.0,64757.0,13659,20958620.0,24995616,49899488,11688782,4192,7737,63.9,45.6
6607,35,14,1,49.4,318845.0,205859.0,63527,22642739.0,31534555,74034434,14702457,29990,13526,44.8,46.2
6608,35,14,2,96.4,104433.0,73847.0,10691,22524492.0,31534555,74034434,14702457,11427,6654,54.3,36.4
6609,35,14,3,89.1,260306.0,196575.0,66733,22121599.0,31534555,74034434,14702457,10104,6438,18.2,31.2
6610,35,14,4,90.7,144850.0,121304.0,16731,22805559.0,31534555,74034434,14702457,15717,9119,63.6,56.3
6611,35,14,5,72.3,133079.0,63151.0,21721,27468598.0,31534555,74034434,14702457,4811,4520,37.1,42.8
6612,35,14,6,97.9,116427.0,62494.0,21219,28427354.0,31534555,74034434,14702457,8878,6044,49.4,39.2
6613,35,15,1,40.4,6834.0,5489.0,1523,538200.0,868320,1891060,250113,706,285,64.7,39.2
6614,35,15,2,63.5,6080.0,5080.0,713,760853.0,868320,1891060,250113,646,582,74.2,85.2
6615,35,15,3,48.6,6698.0,3154.0,737,791314.0,868320,1891060,250113,269,475,58.5,39.7
6616,35,15,4,43.8,3527.0,2311.0,547,548041.0,868320,1891060,250113,200,272,53.2,70.9
6617,35,15,5,66.4,2737.0,1877.0,343,843334.0,868320,1891060,250113,423,145,59.7,25.4
6618,35,15,6,92.8,7724.0,6940.0,1031,579214.0,868320,1891060,250113,1661,762,37.5,70.9
6619,35,16,1,46.9,5552.0,2617.0,321,830952.0,910767,2005386,384053,558,277,86.7,69.2
6620,35,16,2,52.0,5684.0,2415.0,819,774711.0,910767,2005386,384053,589,393,33.4,65.5
6621,35,16,3,47.2,4609.0,1947.0,266,660377.0,910767,2005386,384053,475,302,48.5,84.2
6622,35,16,4,68.6,1709.0,,222,762386.0,910767,2005386,384053,123,114,67.9,59.7
6623,35,16,5,90.2,1993.0,1683.0,431,662589.0,910767,2005386,384053,339,82,66.6,39.9
6624,35,16,6,73.2,9252.0,7645.0,2117,568920.0,910767,2005386,384053,1019,1282,14.2,51.9
6625,35,17,1,72.1,2015.0,1095.0,149,224189.0,343490,752066,96371,269,154,65.3,57.7
6626,35,17,2,40.1,2864.0,2209.0,347,258852.0,343490,752066,96371,197,71,44.1,47.4
6627,35,17,3,36.8,1611.0,1114.0,133,256031.0,343490,752066,96371,191,119,69.1,57.6
6628,35,17,4,72.3,3432.0,2722.0,557,238252.0,343490,752066,96371,315,424,52.8,44.3
6629,35,17,5,60.1,2714.0,2066.0,617,229262.0,343490,752066,96371,335,280,57.4,74.3
6630,35,17,6,86.0,3250.0,2335.0,661,324047.0,343490,752066,96371,374,227,27.6,57.3
6631,35,18,1,44.8,1715.0,1329.0,204,403611.0,613598,1272248,192455,300,157,70.1,33.1
6632,35,18,2,63.7,4862.0,3196.0,1045,385402.0,613598,1272248,192455,205,443,32.0,69.4
6633,35,18,3,73.8,4246.0,2497.0,587,482183.0,613598,1272248,192455,438,132,68.9,62.7
6634,35,18,4,62.1,5441.0,2279.0,478,432428.0,613598,1272248,192455,288,199,40.7,78.3
6635,35,18,5,92.7,6556.0,4331.0,1490,421992.0,613598,1272248,192455,388,364,54.4,43.3
6636,35,18,6,71.7,5589.0,2356.0,237,547273.0,613598,1272248,192455,489,312,35.5,51.9
6637,35,19,1,97.3,126159.0,50978.0,16086,10675929.0,12486885,28618522,4512730,8209,2411,71.4,45.9
6638,35,19,2,83.1,100136.0,46016.0,9198,7526017.0,12486885,28618522,4512730,3276,2209,53.5,79.9
6639,35,19,3,94.7,50920.0,45401.0,13681,8223969.0,12486885,28618522,4512730,9720,6900,38.4,35.2
6640,35,19,4,80.7,120348.0,93028.0,15813,11798613.0,12486885,28618522,4512730,15644,12747,55.9,70.8
6641,35,19,5,88.7,80593.0,65079.0,20550,8897268.0,12486885,28618522,4512730,3562,3690,41.6,44.3
6642,35,19,6,45.1,52813.0,32054.0,5214,11471086.0,12486885,28618522,4512730,3020,3736,27.4,68.4
6643,35,20,1,58.3,77835.0,58848.0,8538,7856899.0,8304309,18014872,3509751,8959,9112,6.6,83.0
6644,35,20,2,43.7,36002.0,24920.0,7166,6933770.0,8304309,18014872,3509751,5928,1972,15.9,53.1
6645,35,20,3,82.7,52471.0,21534.0,6124,7445858.0,8304309,18014872,3509751,1395,3378,68.1,51.0
6646,35,20,4,64.3,44582.0,28254.0,4968,8097384.0,8304309,18014872,3509751,6195,2409,45.9,67.1
6647,35,20,5,73.5,50223.0,33399.0,9197,7378009.0,8304309,18014872,3509751,6782,2158,68.9,38.9
6648,35,20,6,44.8,83381.0,69744.0,14774,6222247.0,8304309,18014872,3509751,17146,11409,43.8,59.8
6649,35,21,1,51.4,58655.0,38586.0,6051,13014969.0,21620972,46656978,8969901,7629,6458,28.8,49.7
6650,35,21,2,90.2,145645.0,90226.0,23818,16894046.0,21620972,46656978,8969901,5539,6541,15.3,57.1
6651,35,21,3,52.1,172097.0,117663.0,14322,,21620972,46656978,8969901,18868,19496,28.5,52.7
6652,35,21,4,75.4,210960.0,153999.0,42423,20374686.0,21620972,46656978,8969901,18492,27593,24.8,35.5
6653,35,21,5,36.8,219381.0,140602.0,29102,18473094.0,21620972,46656978,8969901,12545,10650,65.1,69.9
6654,35,21,6,85.1,225760.0,187057.0,26896,19053253.0,21620972,46656978,8969901,11702,32804,32.8,79.1
6655,35,22,1,95.4,1287.0,765.0,165,139414.0,204369,419645,65235,158,56,43.9,76.2
6656,35,22,2,52.3,979.0,708.0,166,193497.0,204369,419645,65235,36,66,69.4,30.3
6657,35,22,3,61.7,1072.0,505.0,119,162013.0,204369,419645,65235,51,56,65.1,42.2
6658,35,22,4,69.8,1557.0,848.0,288,126892.0,204369,419645,65235,86,36,60.3,55.4
6659,35,22,5,77.8,1776.0,1045.0,108,195483.0,204369,419645,65235,144,102,56.7,70.1
6660,35,22,6,66.6,390.0,306.0,80,162491.0,204369,419645,65235,38,11,45.4,99.8
6661,35,23,1,48.6,80626.0,54519.0,17503,18060496.0,18848531,42994631,9895684,2983,3255,58.9,56.3
6662,35,23,2,97.6,58024.0,31934.0,3208,13453474.0,18848531,42994631,9895684,7956,4703,62.6,49.3
6663,35,23,3,89.3,188121.0,146459.0,33098,,18848531,42994631,9895684,34291,13351,36.3,65.1
6664,35,23,4,91.0,61322.0,42147.0,8345,15419807.0,18848531,42994631,9895684,7162,7480,38.9,49.9
6665,35,23,5,62.6,45895.0,25663.0,3389,15887789.0,18848531,42994631,9895684,5910,3161,50.6,55.7
6666,35,23,6,38.7,96899.0,75633.0,8325,12715709.0,18848531,42994631,9895684,17399,4452,32.9,52.3
6667,35,24,1,62.7,109325.0,90081.0,14736,10115721.0,11125233,22355263,3659752,18214,10881,,54.8
6668,35,24,2,61.8,103571.0,85510.0,24042,9305997.0,11125233,22355263,3659752,17910,6151,87.2,22.9
6669,35,24,3,85.3,111740.0,63468.0,16673,9156824.0,11125233,22355263,3659752,6109,6879,,68.2
6670,35,24,4,88.1,107062.0,58163.0,19706,8238633.0,11125233,22355263,3659752,10048,6619,39.7,43.4
6671,35,24,5,87.0,44876.0,34827.0,5965,9553137.0,11125233,22355263,3659752,5509,5013,48.6,52.8
6672,35,24,6,94.3,29574.0,22422.0,6353,9088972.0,11125233,22355263,3659752,2756,769,91.1,31.1
6673,35,25,1,58.1,8570.0,3654.0,981,602865.0,1002913,2413413,377852,687,445,57.3,68.4
6674,35,25,2,77.6,6776.0,5522.0,1232,793043.0,1002913,2413413,377852,1026,491,48.8,67.9
6675,35,25,3,66.0,5610.0,4215.0,542,897505.0,1002913,2413413,377852,984,418,34.3,35.9
6676,35,25,4,84.6,4291.0,1901.0,501,635371.0,1002913,2413413,377852,287,325,52.1,45.2
6677,35,25,5,87.0,7436.0,,1027,768935.0,1002913,2413413,377852,1530,987,32.8,35.9
6678,35,25,6,61.9,9551.0,4278.0,1198,798170.0,1002913,2413413,377852,396,242,47.5,46.4
6679,35,26,1,52.4,255549.0,185120.0,31148,64354759.0,68783377,133539624,22377359,22795,10747,58.8,59.0
6680,35,26,2,69.4,575558.0,,58650,51565033.0,68783377,133539624,22377359,21957,24792,56.9,41.1
6681,35,26,3,56.1,118996.0,88339.0,27491,48147490.0,68783377,133539624,22377359,14733,14440,29.9,74.9
6682,35,26,4,46.0,441635.0,316387.0,60726,52591518.0,68783377,133539624,22377359,75455,46647,60.9,93.1
6683,35,26,5,91.9,533703.0,379602.0,95839,45561793.0,68783377,133539624,22377359,43474,37140,54.2,67.6
6684,35,26,6,98.3,556043.0,257485.0,52407,46560316.0,68783377,133539624,22377359,54999,14514,91.5,60.0
6685,35,27,1,84.2,35737.0,16535.0,2578,3607943.0,5614556,11011566,1986533,3549,2657,40.7,55.5
6686,35,27,2,64.9,,36077.0,5501,3984888.0,5614556,11011566,1986533,6486,3416,69.9,61.4
6687,35,27,3,92.3,46848.0,28422.0,4097,3749585.0,5614556,11011566,1986533,1476,4399,81.3,44.9
6688,35,27,4,95.5,48111.0,32662.0,8484,3473732.0,5614556,11011566,1986533,5386,1597,60.6,31.5
6689,35,27,5,36.3,59770.0,44773.0,15420,5222781.0,5614556,11011566,1986533,8616,7263,53.6,48.5
6690,35,27,6,52.6,34929.0,16962.0,5765,5241331.0,5614556,11011566,1986533,1975,2799,67.1,23.2
6691,35,28,1,39.1,293939.0,122416.0,23946,16879904.0,28057674,55542704,13456745,25038,17359,50.2,66.0
6692,35,28,2,43.0,165969.0,88679.0,17952,24119179.0,28057674,55542704,13456745,5640,11922,100.0,36.8
6693,35,28,3,52.8,178079.0,118439.0,34925,21265214.0,28057674,55542704,13456745,21822,9283,51.8,33.6
6694,35,28,4,57.2,85697.0,74520.0,14093,19100711.0,28057674,55542704,13456745,10726,6854,23.8,42.3
6695,35,28,5,91.2,83961.0,36251.0,3643,20947265.0,28057674,55542704,13456745,6416,3390,43.7,39.8
6696,35,28,6,49.6,257999.0,144991.0,17698,17110739.0,28057674,55542704,13456745,18347,6265,62.8,37.2
6697,35,29,1,63.6,33134.0,21518.0,2197,6482863.0,8407332,18229595,2761861,2896,3794,52.2,76.2
6698,35,29,2,56.6,63620.0,42649.0,8794,7276672.0,8407332,18229595,2761861,4357,7110,47.8,84.9
6699,35,29,3,59.4,17996.0,10808.0,2476,5843398.0,8407332,18229595,2761861,1886,1619,27.6,35.7
6700,35,29,4,66.0,66584.0,44999.0,13829,5241160.0,8407332,18229595,2761861,10557,3670,53.5,70.0
6701,35,29,5,66.6,87656.0,44043.0,15018,6964561.0,8407332,18229595,2761861,4044,1594,75.4,43.4
6702,35,29,6,48.0,59301.0,33524.0,9590,6688601.0,8407332,18229595,2761861,7704,4351,54.2,73.8
6703,35,30,1,42.6,26941.0,24029.0,2628,2142045.0,3429691,8400460,1220576,4000,1920,5.2,54.5
6704,35,30,2,81.7,27554.0,18773.0,5685,3160178.0,3429691,8400460,1220576,3337,2362,27.7,56.2
6705,35,30,3,40.5,7879.0,3878.0,1070,2071341.0,3429691,8400460,1220576,479,277,52.2,23.8
6706,35,30,4,41.2,17291.0,,1014,2465269.0,3429691,8400460,1220576,1819,338,39.3,83.0
6707,35,30,5,86.0,38018.0,30354.0,5963,3084599.0,3429691,8400460,1220576,7138,4053,30.6,5.1
6708,35,30,6,52.0,33540.0,21564.0,2480,2160323.0,3429691,8400460,1220576,2823,1512,40.1,48.6
6709,35,31,1,46.5,785.0,358.0,53,60121.0,85296,184462,40205,40,24,71.5,80.5
6710,35,31,2,68.8,406.0,339.0,73,80201.0,85296,184462,40205,61,14,22.4,47.2
6711,35,31,3,88.3,803.0,505.0,137,53749.0,85296,184462,40205,29,44,68.6,65.5
6712,35,31,4,76.0,240.0,137.0,28,60659.0,85296,184462,40205,12,6,,37.6
6713,35,31,5,74.7,506.0,422.0,136,74583.0,85296,184462,40205,90,70,44.5,57.8
6714,35,31,6,71.8,549.0,415.0,52,,85296,184462,40205,52,22,100.0,56.9
6715,35,32,1,47.1,855.0,396.0,60,362064.0,402821,919215,186481,52,13,48.9,55.1
6716,35,32,2,91.7,2619.0,1336.0,195,319141.0,402821,919215,186481,313,207,37.6,45.4
6717,35,32,3,40.4,2979.0,1520.0,413,376032.0,402821,919215,186481,275,167,40.7,86.0
6718,35,32,4,59.2,2769.0,1257.0,132,244676.0,402821,919215,186481,86,108,71.2,35.7
6719,35,32,5,79.6,2474.0,1888.0,291,274907.0,402821,919215,186481,134,100,60.8,59.9
6720,35,32,6,70.5,,751.0,179,353520.0,402821,919215,186481,179,103,50.1,52.1
6721,36,1,1,58.2,45338.0,28585.0,5332,13511202.0,13959099,33061721,5319081,5635,4182,27.0,8.6
6722,36,1,2,53.4,154672.0,116588.0,15724,12210025.0,13959099,33061721,5319081,6624,8716,48.3,58.9
6723,36,1,3,55.2,59407.0,46374.0,15679,12327396.0,13959099,33061721,5319081,7480,7784,32.4,30.3
6724,36,1,4,77.6,99741.0,89621.0,11215,8585388.0,13959099,33061721,5319081,13261,3858,75.6,39.4
6725,36,1,5,86.6,93055.0,43288.0,14123,9977942.0,13959099,33061721,5319081,8115,4554,22.2,58.2
6726,36,1,6,68.7,41405.0,22249.0,6382,9418585.0,13959099,33061721,5319081,3785,2985,49.4,68.0
6727,36,2,1,41.4,923.0,,189,417199.0,436968,887235,182886,51,23,54.6,75.9
6728,36,2,2,44.1,2106.0,1682.0,350,418415.0,436968,887235,182886,216,159,63.2,85.6
6729,36,2,3,37.8,2503.0,1953.0,270,294300.0,436968,887235,182886,299,70,47.1,63.4
6730,36,2,4,45.0,4509.0,3842.0,1288,281014.0,436968,887235,182886,493,413,53.2,86.9
6731,36,2,5,74.9,3670.0,2910.0,544,328606.0,436968,887235,182886,696,337,45.6,78.9
6732,36,2,6,78.9,4106.0,2917.0,577,329019.0,436968,887235,182886,415,447,61.9,58.8
6733,36,3,1,80.4,55724.0,32952.0,9574,7525592.0,9570058,20158697,3671090,4173,3060,73.1,53.1
6734,36,3,2,76.3,37403.0,30564.0,6030,8334230.0,9570058,20158697,3671090,2818,2935,8.3,50.8
6735,36,3,3,46.3,38645.0,18098.0,6220,6936867.0,9570058,20158697,3671090,2457,2558,23.3,68.5
6736,36,3,4,45.4,88894.0,66538.0,16326,6149800.0,9570058,20158697,3671090,15529,3992,41.5,84.5
6737,36,3,5,83.7,36954.0,17016.0,3010,9242873.0,9570058,20158697,3671090,3630,2620,65.8,71.2
6738,36,3,6,52.7,83737.0,51157.0,9468,7179262.0,9570058,20158697,3671090,9075,8353,31.3,55.7
6739,36,4,1,54.2,258360.0,220815.0,30782,23846668.0,30081500,74897726,16030231,14289,34083,60.7,64.1
6740,36,4,2,85.0,100083.0,51573.0,7425,22575243.0,30081500,74897726,16030231,4730,5451,57.9,50.0
6741,36,4,3,61.5,225102.0,196179.0,32298,26758859.0,30081500,74897726,16030231,14177,27755,62.6,52.1
6742,36,4,4,65.1,240198.0,101771.0,25413,19315421.0,30081500,74897726,16030231,7154,15157,29.9,27.1
6743,36,4,5,88.2,240952.0,180565.0,28107,21195520.0,30081500,74897726,16030231,20681,14534,85.0,33.0
6744,36,4,6,49.8,181258.0,81667.0,24957,22761358.0,30081500,74897726,16030231,13388,2822,70.8,47.2
6745,36,5,1,80.7,39324.0,24761.0,5692,7592587.0,8536101,16182233,2928431,3186,1354,48.6,34.3
6746,36,5,2,67.0,85977.0,69296.0,17215,6914574.0,8536101,16182233,2928431,11301,5146,45.4,31.3
6747,36,5,3,42.3,17268.0,12046.0,2429,7851058.0,8536101,16182233,2928431,2496,1192,59.1,72.6
6748,36,5,4,64.4,17086.0,6846.0,2031,6727313.0,8536101,16182233,2928431,1329,873,14.9,46.5
6749,36,5,5,35.8,33671.0,28474.0,6749,7138519.0,8536101,16182233,2928431,3500,1151,95.4,61.0
6750,36,5,6,78.6,,30697.0,6140,8332896.0,8536101,16182233,2928431,7246,5414,44.6,62.1
6751,36,6,1,91.8,2022.0,1805.0,572,378952.0,426226,980580,222129,235,115,19.5,75.1
6752,36,6,2,57.6,3614.0,1957.0,519,409646.0,426226,980580,222129,395,148,60.9,30.3
6753,36,6,3,41.2,2935.0,1300.0,442,408849.0,426226,980580,222129,298,140,76.1,25.5
6754,36,6,4,97.4,4579.0,3125.0,932,314012.0,426226,980580,222129,777,383,58.6,57.1
6755,36,6,5,81.1,2818.0,1550.0,176,395512.0,426226,980580,222129,113,250,34.0,59.2
6756,36,6,6,96.6,4733.0,2075.0,443,345647.0,426226,980580,222129,145,326,61.3,64.7
6757,36,7,1,98.5,66534.0,59536.0,17578,17043424.0,17869254,39500181,8725881,12911,6798,17.0,81.4
6758,36,7,2,53.6,200028.0,170060.0,26478,13294402.0,17869254,39500181,8725881,15517,23319,44.5,71.2
6759,36,7,3,41.9,59410.0,51732.0,17759,14733938.0,17869254,39500181,8725881,4924,8871,,50.5
6760,36,7,4,79.1,87323.0,42908.0,11710,16921247.0,17869254,39500181,8725881,3472,4247,33.4,82.0
6761,36,7,5,64.4,59544.0,43698.0,8411,12365977.0,17869254,39500181,8725881,7326,4213,32.7,42.2
6762,36,7,6,37.1,,149957.0,40527,16416975.0,17869254,39500181,8725881,14742,9429,67.7,65.8
6763,36,8,1,60.4,,52418.0,13448,7018903.0,8217084,17173158,3981433,10646,8667,53.0,85.2
6764,36,8,2,86.2,76947.0,58102.0,7712,6857320.0,8217084,17173158,3981433,12835,3037,51.9,64.0
6765,36,8,3,91.8,24013.0,12104.0,1564,7725642.0,8217084,17173158,3981433,1770,920,63.3,77.2
6766,36,8,4,90.7,51958.0,41509.0,10282,7948858.0,8217084,17173158,3981433,7668,3084,62.8,72.3
6767,36,8,5,94.4,65351.0,55938.0,9472,6530013.0,8217084,17173158,3981433,5926,7822,55.4,70.1
6768,36,8,6,86.7,64103.0,52856.0,13400,7186182.0,8217084,17173158,3981433,6296,7513,40.1,49.8
6769,36,9,1,54.4,13719.0,9445.0,1360,1748345.0,2145659,4596323,606724,2133,1135,48.5,83.5
6770,36,9,2,89.7,18704.0,7780.0,2361,2034095.0,2145659,4596323,606724,872,1082,34.1,17.4
6771,36,9,3,46.9,7706.0,3654.0,379,1465179.0,2145659,4596323,606724,485,498,38.6,72.8
6772,36,9,4,77.2,17908.0,15275.0,2327,1402180.0,2145659,4596323,606724,2015,2298,59.8,72.9
6773,36,9,5,43.5,5367.0,4479.0,792,2065767.0,2145659,4596323,606724,613,237,70.7,42.8
6774,36,9,6,74.0,11950.0,4798.0,579,1669997.0,2145659,4596323,606724,279,814,48.4,50.3
6775,36,10,1,51.1,81397.0,62624.0,14994,8549679.0,10708925,22145026,4762220,9874,7443,58.3,66.2
6776,36,10,2,48.7,56658.0,27914.0,7977,,10708925,22145026,4762220,4157,2330,78.4,28.7
6777,36,10,3,52.9,94472.0,68836.0,22730,7945164.0,10708925,22145026,4762220,4952,6737,39.5,66.5
6778,36,10,4,80.7,,77659.0,26866,8322887.0,10708925,22145026,4762220,14197,7339,70.5,7.2
6779,36,10,5,70.7,54347.0,39534.0,7062,9986546.0,10708925,22145026,4762220,7488,2859,63.0,100.0
6780,36,10,6,70.7,70601.0,42225.0,6562,6508128.0,10708925,22145026,4762220,7704,4001,79.2,44.7
6781,36,11,1,60.4,183606.0,157531.0,41661,15715153.0,17568726,38186081,6391827,22032,26033,45.0,100.0
6782,36,11,2,105.3,79531.0,38751.0,4681,11468759.0,17568726,38186081,6391827,5720,1758,51.9,57.6
6783,36,11,3,43.1,73232.0,62971.0,13294,10857654.0,17568726,38186081,6391827,3160,5785,82.3,27.1
6784,36,11,4,96.7,185016.0,144727.0,29050,11587129.0,17568726,38186081,6391827,15805,9884,47.9,89.4
6785,36,11,5,39.7,61151.0,34982.0,4843,15434147.0,17568726,38186081,6391827,6136,4720,60.2,64.6
6786,36,11,6,78.2,50466.0,45167.0,10821,15318493.0,17568726,38186081,6391827,3402,1666,41.7,55.3
6787,36,12,1,46.7,104814.0,55630.0,10124,7918489.0,10172873,20183149,4551656,2790,1710,64.5,69.3
6788,36,12,2,53.9,51959.0,30085.0,4874,9109605.0,10172873,20183149,4551656,3039,2145,20.8,35.8
6789,36,12,3,55.0,70951.0,55707.0,14411,8773561.0,10172873,20183149,4551656,13742,9760,83.9,45.1
6790,36,12,4,70.0,88590.0,44709.0,7789,7580443.0,10172873,20183149,4551656,6530,6239,55.5,49.5
6791,36,12,5,92.4,77805.0,46026.0,10168,8283123.0,10172873,20183149,4551656,7383,6624,56.6,27.9
6792,36,12,6,40.1,90435.0,78058.0,15981,7668485.0,10172873,20183149,4551656,9050,7305,25.1,81.3
6793,36,13,1,62.1,46308.0,37702.0,12568,20930369.0,22900520,51117722,7442114,4803,1606,69.1,0.0
6794,36,13,2,58.8,234225.0,95636.0,17138,,22900520,51117722,7442114,7827,10271,31.8,59.0
6795,36,13,3,67.0,180191.0,97751.0,27853,18340969.0,22900520,51117722,7442114,18937,13923,47.4,74.2
6796,36,13,4,60.9,90379.0,69706.0,22914,19228233.0,22900520,51117722,7442114,4329,8705,56.4,36.8
6797,36,13,5,65.5,173672.0,137015.0,45382,20113660.0,22900520,51117722,7442114,21552,8737,8.1,78.5
6798,36,13,6,53.9,242672.0,154922.0,31511,19381345.0,22900520,51117722,7442114,-24714,12872,28.8,74.1
6799,36,14,1,66.2,144326.0,74980.0,24495,28102597.0,35330516,73716341,10270815,18170,8897,85.1,91.9
6800,36,14,2,84.3,127651.0,70489.0,12704,23800859.0,35330516,73716341,10270815,6606,3770,66.6,47.8
6801,36,14,3,88.7,134593.0,117483.0,33580,28040982.0,35330516,73716341,10270815,8145,4406,67.1,69.1
6802,36,14,4,72.7,166432.0,91418.0,12080,21213768.0,35330516,73716341,10270815,8301,12047,31.7,77.7
6803,36,14,5,65.6,111832.0,60371.0,10329,30020046.0,35330516,73716341,10270815,4149,3750,43.7,40.3
6804,36,14,6,50.6,,211404.0,30875,34594035.0,35330516,73716341,10270815,18730,26110,25.0,74.0
6805,36,15,1,92.9,6273.0,5353.0,649,794461.0,880481,1766880,251423,618,717,71.6,49.3
6806,36,15,2,71.1,9104.0,4908.0,1197,740393.0,880481,1766880,251423,750,452,61.0,0.0
6807,36,15,3,79.3,7170.0,5538.0,1621,814189.0,880481,1766880,251423,1295,590,50.9,75.7
6808,36,15,4,80.2,9122.0,4464.0,1021,745785.0,880481,1766880,251423,633,688,38.5,38.2
6809,36,15,5,84.6,3407.0,2936.0,465,599623.0,880481,1766880,251423,490,525,52.7,53.7
6810,36,15,6,91.9,4894.0,3692.0,1212,549120.0,880481,1766880,251423,541,345,51.0,37.4
6811,36,16,1,53.5,5512.0,3431.0,1015,777564.0,992628,2028544,439335,750,232,62.9,60.6
6812,36,16,2,49.5,,7076.0,1886,935918.0,992628,2028544,439335,449,987,52.8,58.5
6813,36,16,3,44.0,7322.0,5690.0,1242,631302.0,992628,2028544,439335,699,798,41.3,44.2
6814,36,16,4,67.8,7645.0,,1370,848465.0,992628,2028544,439335,429,970,48.3,91.6
6815,36,16,5,79.3,10192.0,8049.0,2729,784582.0,992628,2028544,439335,1369,368,34.4,64.7
6816,36,16,6,56.8,4981.0,3807.0,870,924652.0,992628,2028544,439335,650,142,58.7,71.5
6817,36,17,1,82.9,3009.0,2247.0,777,332957.0,359203,694861,113541,253,135,35.8,69.9
6818,36,17,2,78.5,3459.0,1721.0,475,215943.0,359203,694861,113541,223,113,46.8,60.0
6819,36,17,3,61.4,2723.0,2099.0,626,252434.0,359203,694861,113541,424,205,56.7,76.7
6820,36,17,4,80.0,3186.0,1359.0,249,301075.0,359203,694861,113541,246,141,34.7,89.9
6821,36,17,5,67.2,,1634.0,501,221759.0,359203,694861,113541,241,108,61.6,58.0
6822,36,17,6,41.6,1213.0,775.0,184,269023.0,359203,694861,113541,178,62,58.9,48.3
6823,36,18,1,54.2,6026.0,2742.0,705,411740.0,641312,1384701,230395,630,307,59.9,43.1
6824,36,18,2,76.9,6065.0,4226.0,1262,510070.0,641312,1384701,230395,414,583,49.6,51.1
6825,36,18,3,93.0,5356.0,3971.0,1357,513173.0,641312,1384701,230395,201,459,69.5,47.1
6826,36,18,4,66.7,2963.0,2291.0,309,496989.0,641312,1384701,230395,476,86,40.6,33.3
6827,36,18,5,79.2,5803.0,2520.0,619,539885.0,641312,1384701,230395,566,75,54.4,52.6
6828,36,18,6,84.7,6530.0,3880.0,483,591170.0,641312,1384701,230395,738,659,54.8,55.7
6829,36,19,1,46.1,118527.0,72299.0,9705,10570412.0,12549084,27212649,5030803,17915,9187,44.1,61.2
6830,36,19,2,49.2,57327.0,30627.0,5681,9955804.0,12549084,27212649,5030803,3291,5223,,72.2
6831,36,19,3,39.5,65017.0,52279.0,14782,8582619.0,12549084,27212649,5030803,12735,3058,46.8,34.9
6832,36,19,4,58.8,30845.0,20108.0,4259,11647667.0,12549084,27212649,5030803,2395,2358,79.4,71.3
6833,36,19,5,72.4,36918.0,29141.0,10057,8940780.0,12549084,27212649,5030803,6392,3822,37.7,96.5
6834,36,19,6,81.3,31775.0,19243.0,4784,8998960.0,12549084,27212649,5030803,2503,3312,67.5,70.0
6835,36,20,1,81.2,89997.0,68181.0,7933,6554150.0,8438905,16702682,2522575,7419,5999,32.5,55.1
6836,36,20,2,85.4,41565.0,35874.0,5045,5433479.0,8438905,16702682,2522575,4589,1465,21.9,0.0
6837,36,20,3,41.2,42827.0,24840.0,4170,7605948.0,8438905,16702682,2522575,2662,3877,43.8,42.2
6838,36,20,4,74.1,51039.0,42415.0,4291,7270476.0,8438905,16702682,2522575,4248,4248,56.5,58.7
6839,36,20,5,38.7,32673.0,24680.0,3015,7490783.0,8438905,16702682,2522575,3658,2180,25.8,47.8
6840,36,20,6,92.8,54112.0,42500.0,13123,7594895.0,8438905,16702682,2522575,7262,4986,32.5,52.2
6841,36,21,1,36.3,131735.0,58958.0,15680,22859374.0,23695018,47868042,8016420,13666,7649,41.9,46.9
6842,36,21,2,86.6,166481.0,77001.0,24730,17978843.0,23695018,47868042,8016420,9682,12314,60.7,75.1
6843,36,21,3,47.7,103725.0,42180.0,13387,17780760.0,23695018,47868042,8016420,10147,6657,63.7,27.6
6844,36,21,4,44.5,55709.0,27488.0,8524,21834776.0,23695018,47868042,8016420,6247,1205,54.0,50.3
6845,36,21,5,47.2,201986.0,120266.0,13146,23174654.0,23695018,47868042,8016420,19277,11723,,42.2
6846,36,21,6,37.7,87561.0,37061.0,6359,15525392.0,23695018,47868042,8016420,9221,2877,61.8,42.2
6847,36,22,1,39.0,378.0,278.0,60,149202.0,191889,420999,86581,68,24,64.5,79.8
6848,36,22,2,92.7,755.0,679.0,186,176201.0,191889,420999,86581,56,111,21.3,70.5
6849,36,22,3,65.5,1459.0,849.0,130,152953.0,191889,420999,86581,171,82,58.6,89.7
6850,36,22,4,56.4,854.0,601.0,102,161786.0,191889,420999,86581,44,50,53.3,60.4
6851,36,22,5,64.8,378.0,239.0,46,187693.0,191889,420999,86581,43,42,41.6,64.8
6852,36,22,6,73.2,970.0,450.0,152,122824.0,191889,420999,86581,77,50,46.4,31.9
6853,36,23,1,97.6,233075.0,178388.0,28659,14744332.0,18827238,48687902,6931587,24846,8555,59.1,46.1
6854,36,23,2,60.5,145340.0,91435.0,12826,15610931.0,18827238,48687902,6931587,12693,8807,40.2,52.8
6855,36,23,3,49.6,132907.0,64478.0,9215,18412312.0,18827238,48687902,6931587,15653,9404,37.7,55.8
6856,36,23,4,62.1,211872.0,171482.0,51336,14492651.0,18827238,48687902,6931587,14483,17834,10.8,100.0
6857,36,23,5,81.1,72746.0,50479.0,16685,14220584.0,18827238,48687902,6931587,5987,4456,71.5,80.9
6858,36,23,6,48.4,138595.0,70990.0,11740,14450391.0,18827238,48687902,6931587,10512,7311,50.6,45.2
6859,36,24,1,66.8,92932.0,68830.0,15400,10026729.0,10498604,22959230,4878174,3661,7233,43.5,34.5
6860,36,24,2,75.8,105126.0,48463.0,16360,7893763.0,10498604,22959230,4878174,10034,6641,,53.0
6861,36,24,3,52.8,95586.0,66294.0,19445,10246830.0,10498604,22959230,4878174,11057,10674,70.9,31.6
6862,36,24,4,77.3,39916.0,30036.0,8171,8720611.0,10498604,22959230,4878174,4739,3651,38.0,56.1
6863,36,24,5,36.8,117864.0,77817.0,12673,6623915.0,10498604,22959230,4878174,16882,6725,58.3,98.1
6864,36,24,6,76.6,78713.0,58029.0,14934,9629610.0,10498604,22959230,4878174,8400,8964,27.8,40.2
6865,36,25,1,65.8,9208.0,7909.0,1704,855372.0,1048694,2480382,550275,1137,941,19.4,38.5
6866,36,25,2,49.6,12221.0,5263.0,543,688351.0,1048694,2480382,550275,816,774,75.4,39.4
6867,36,25,3,63.3,3409.0,1463.0,487,667853.0,1048694,2480382,550275,330,131,68.8,60.1
6868,36,25,4,66.1,11514.0,5860.0,1748,857986.0,1048694,2480382,550275,736,758,15.4,70.5
6869,36,25,5,62.1,11410.0,8516.0,2585,801805.0,1048694,2480382,550275,1151,325,48.9,70.7
6870,36,25,6,55.2,4578.0,2121.0,305,873231.0,1048694,2480382,550275,155,249,50.1,51.4
6871,36,26,1,76.9,383674.0,176342.0,53784,46882127.0,62241717,128211403,26554800,24560,31439,62.4,54.5
6872,36,26,2,83.8,474219.0,385171.0,66859,57671136.0,62241717,128211403,26554800,24823,42133,79.0,52.9
6873,36,26,3,77.5,678938.0,383956.0,93553,44234792.0,62241717,128211403,26554800,22488,29964,58.7,71.0
6874,36,26,4,56.1,672954.0,282549.0,61733,53193338.0,62241717,128211403,26554800,18042,35697,62.1,16.2
6875,36,26,5,80.5,214162.0,184102.0,42817,53329231.0,62241717,128211403,26554800,10830,20168,28.0,55.5
6876,36,26,6,76.2,675939.0,429479.0,127600,53924214.0,62241717,128211403,26554800,-42101,35230,60.9,40.6
6877,36,27,1,75.5,58446.0,45423.0,10861,3398878.0,5322327,12225977,2330530,6137,2149,29.1,58.8
6878,36,27,2,48.6,37522.0,15256.0,3045,,5322327,12225977,2330530,2310,1829,49.5,30.8
6879,36,27,3,95.3,23270.0,19702.0,2388,4413718.0,5322327,12225977,2330530,4401,862,35.6,82.8
6880,36,27,4,59.1,47091.0,22750.0,3258,4516687.0,5322327,12225977,2330530,2298,1287,38.7,57.7
6881,36,27,5,91.9,54849.0,32953.0,3526,4651059.0,5322327,12225977,2330530,2732,5452,43.8,24.4
6882,36,27,6,87.5,12490.0,6311.0,994,4515034.0,5322327,12225977,2330530,1141,640,67.9,62.3
6883,36,28,1,35.3,266408.0,152960.0,52814,21651844.0,25446781,61143248,8415742,26860,16342,51.0,17.4
6884,36,28,2,67.0,297593.0,239009.0,62878,20935498.0,25446781,61143248,8415742,50377,38062,44.2,54.0
6885,36,28,3,37.7,216972.0,156734.0,36324,21822345.0,25446781,61143248,8415742,14742,13615,41.2,45.3
6886,36,28,4,39.9,182462.0,153682.0,25706,18378058.0,25446781,61143248,8415742,36980,9613,47.3,74.0
6887,36,28,5,69.8,284648.0,219720.0,31341,21988464.0,25446781,61143248,8415742,35093,15603,32.3,40.5
6888,36,28,6,50.0,147422.0,65707.0,11294,24510235.0,25446781,61143248,8415742,3789,7619,53.2,64.4
6889,36,29,1,66.2,93004.0,75555.0,24587,7487144.0,9052533,18323302,3947221,12222,11855,65.5,29.6
6890,36,29,2,66.2,89879.0,78811.0,24713,8288688.0,9052533,18323302,3947221,15024,7372,40.0,62.6
6891,36,29,3,90.2,19134.0,9771.0,985,6738266.0,9052533,18323302,3947221,1363,1532,68.2,50.3
6892,36,29,4,87.1,50381.0,28488.0,3481,5431627.0,9052533,18323302,3947221,6422,2074,43.2,48.3
6893,36,29,5,48.8,34267.0,22403.0,3122,7536864.0,9052533,18323302,3947221,5497,2949,41.3,74.9
6894,36,29,6,74.6,90980.0,41200.0,6261,5917634.0,9052533,18323302,3947221,4710,6463,37.3,43.3
6895,36,30,1,48.3,39359.0,21609.0,7490,2875397.0,3887410,8426697,1164477,4686,1452,78.0,73.4
6896,36,30,2,58.6,22172.0,13997.0,2985,2627029.0,3887410,8426697,1164477,2391,1323,35.1,55.7
6897,36,30,3,61.9,31751.0,22647.0,5819,2750373.0,3887410,8426697,1164477,4330,1838,47.9,85.4
6898,36,30,4,89.0,10355.0,6898.0,2068,3353593.0,3887410,8426697,1164477,580,627,77.2,38.3
6899,36,30,5,59.8,11544.0,10329.0,1569,3698789.0,3887410,8426697,1164477,1002,885,53.0,49.6
6900,36,30,6,98.9,33743.0,29599.0,6362,,3887410,8426697,1164477,3856,2693,28.5,43.1
6901,36,31,1,47.9,477.0,386.0,51,59483.0,82511,174697,35825,60,36,67.8,67.4
6902,36,31,2,82.6,178.0,98.0,22,55623.0,82511,174697,35825,7,9,87.1,100.0
6903,36,31,3,86.1,321.0,251.0,33,61157.0,82511,174697,35825,16,28,38.2,56.9
6904,36,31,4,57.7,235.0,153.0,34,67337.0,82511,174697,35825,23,22,54.6,98.1
6905,36,31,5,60.7,886.0,399.0,135,53223.0,82511,174697,35825,77,19,36.1,56.1
6906,36,31,6,88.1,490.0,351.0,49,64212.0,82511,174697,35825,77,58,56.0,60.4
6907,36,32,1,45.7,4344.0,3313.0,643,278310.0,382169,860457,207822,413,213,,50.4
6908,36,32,2,72.1,3818.0,2790.0,909,233643.0,382169,860457,207822,284,103,79.2,66.1
6909,36,32,3,76.4,1112.0,901.0,212,330023.0,382169,860457,207822,130,103,57.2,59.4
6910,36,32,4,79.3,3007.0,1221.0,297,315817.0,382169,860457,207822,304,69,73.8,54.5
6911,36,32,5,93.2,1447.0,785.0,150,354848.0,382169,860457,207822,45,49,65.6,41.3
6912,36,32,6,72.3,2609.0,1786.0,244,336176.0,382169,860457,207822,309,297,52.1,47.3
2203,12,16,1,58.6,4478.0,2974.0,935,795454.0,983199,2031898,378978,260,262,28.8,40.4
995,6,6,5,39.9,3714.0,3125.0,543,375992.0,413658,918163,205502,513,173,32.7,51.6
6407,34,12,5,35.3,53790.0,32675.0,5927,8099227.0,8704652,22464639,3846450,4081,2736,50.7,32.8
6102,32,25,6,59.1,,2937.0,986,826471.0,1059585,2512905,483704,297,220,35.7,58.4
4459,24,8,1,68.8,67910.0,32231.0,5238,7452660.0,8433053,17226567,3317987,7449,3547,73.4,80.5
1704,9,28,6,63.6,273200.0,173685.0,45245,14619108.0,23925408,57491118,8221919,15467,29953,57.0,29.6
2583,14,15,3,50.1,9057.0,6300.0,1332,747540.0,810015,1747300,374742,1158,804,65.5,59.8
6582,35,9,6,36.7,12772.0,6878.0,1415,1707989.0,2162621,4290032,804369,938,1127,22.0,31.6
5410,29,6,4,73.2,2200.0,1398.0,279,435478.0,478052,943804,209806,317,171,29.6,62.3
2207,12,16,5,39.5,5080.0,3762.0,1232,595483.0,983199,2031898,378978,855,244,46.9,97.2
231,2,7,3,64.0,75150.0,65781.0,17983,17389287.0,20840420,42153076,8130168,7253,5491,24.6,58.9
5952,31,32,6,52.3,2963.0,2044.0,416,376104.0,399139,927521,165699,504,339,79.2,59.0
971,6,2,5,67.4,4781.0,3911.0,416,421454.0,452083,892122,144991,805,341,65.5,51.1
4410,23,31,6,42.8,554.0,421.0,136,50926.0,80274,167647,27902,38,70,39.7,45.8
4206,22,29,6,73.6,83458.0,57697.0,6269,5536817.0,8701400,19354768,2793050,12867,3006,38.7,53.9
3160,17,15,4,73.1,9066.0,7498.0,1957,809491.0,857224,1753248,395740,1096,373,25.5,47.5
3185,17,19,5,72.3,136479.0,80734.0,17966,9515990.0,12917551,27656513,5064017,14048,8279,56.5,54.4
4060,22,5,4,56.9,63360.0,52690.0,14153,6790215.0,8352252,17585079,2518678,3011,7941,33.0,71.2
5745,30,30,3,84.8,33709.0,27165.0,7789,3337600.0,3422833,7775236,1519490,2629,4407,47.7,29.2
4610,25,1,2,98.0,153131.0,108526.0,33084,13192466.0,14882287,30776176,6282094,12493,14834,,34.0
2023,11,18,1,80.4,5895.0,2652.0,865,597777.0,612081,1365161,254588,387,154,44.1,34.2
1695,9,27,3,64.1,11426.0,9142.0,974,4953415.0,5896538,11421491,1861411,952,746,99.6,73.2
1544,9,2,2,45.1,3313.0,1874.0,564,330244.0,394242,944019,152902,256,137,48.7,37.4
4889,26,15,5,71.5,7398.0,4920.0,718,626659.0,751309,1845581,399016,850,384,32.3,34.0
6368,34,6,2,79.3,3907.0,,471,359436.0,472018,920171,208502,765,385,61.6,39.1
1889,10,27,5,82.3,39078.0,25120.0,6375,4499778.0,5355469,11175395,1816427,2069,1045,69.8,54.1
1193,7,7,5,64.3,154338.0,83942.0,25507,16430127.0,17653536,42778314,7830287,9795,14552,43.6,83.7
1865,10,23,5,41.6,45030.0,33642.0,4828,15508785.0,22815746,46496896,8949648,5266,5625,,61.4
6076,32,21,4,79.8,88192.0,47256.0,8260,19169673.0,20459462,48125420,7485460,6710,1821,72.9,99.8
6602,35,13,2,54.8,123674.0,77834.0,15186,19097073.0,24995616,49899488,11688782,14326,12922,68.8,48.8
1080,6,20,6,62.1,36456.0,19326.0,5223,7218954.0,8335522,18326057,3219164,3802,901,0.0,33.2
4185,22,26,3,57.1,663972.0,340987.0,61978,48585599.0,64414360,131435244,20279142,65140,17184,44.9,44.0
2133,12,4,3,60.0,,,51785,24765332.0,36441128,75965633,13903949,17579,6043,36.5,38.2
4931,26,22,5,77.9,607.0,409.0,50,150903.0,179093,398503,85261,64,48,41.3,30.7
4651,25,8,1,86.5,46689.0,27599.0,5846,5742579.0,7323872,17419433,3830504,2868,843,59.2,67.6
6082,32,22,4,48.6,2056.0,1741.0,470,113108.0,182683,426389,94559,345,261,48.9,54.6
6826,36,18,4,66.7,2963.0,2291.0,309,496989.0,641312,1384701,230395,476,86,40.6,33.3
3019,16,24,1,80.6,63963.0,44079.0,11464,8250854.0,10234954,24844542,4621358,4877,1401,46.7,65.1
2419,13,20,1,93.4,42535.0,35052.0,5358,5331501.0,8569696,16844790,2673252,4551,1820,36.1,82.6
2211,12,17,3,37.7,1301.0,772.0,155,245588.0,309300,683910,101334,91,44,54.0,86.1
5172,27,30,6,38.3,10524.0,5760.0,1452,2453572.0,3391365,8181843,1452895,710,1012,34.9,45.4
2549,14,9,5,60.7,8987.0,6503.0,706,1322552.0,1774927,4261411,690758,553,453,58.2,67.0
2940,16,10,6,47.7,108499.0,71749.0,7549,8734025.0,10341952,21651765,4046501,8617,7711,34.5,63.9
1570,9,6,4,77.9,4077.0,,494,400243.0,466569,990732,134757,646,421,73.9,41.3
536,3,26,2,49.2,645149.0,,68525,41737884.0,58288991,143183804,18712602,74661,19217,47.9,85.5
2030,11,19,2,81.1,105750.0,51357.0,17420,8472258.0,11784177,27754652,6453107,5356,2347,57.3,84.5
3922,21,14,4,38.0,135761.0,98903.0,17042,32208142.0,35495102,73928387,11883448,21901,6415,33.7,91.2
5637,30,12,3,58.7,66556.0,56755.0,11524,6016866.0,9917805,21257954,4380571,7523,8536,0.0,68.4
3729,20,14,3,72.1,188330.0,112152.0,19103,28662637.0,35286217,75410133,11265548,13741,11587,68.6,61.4
512,3,22,2,54.7,884.0,601.0,128,160095.0,206282,397278,86644,129,24,28.8,66.2
2587,14,16,1,72.8,4013.0,3471.0,521,811874.0,975730,2063312,342960,533,502,90.3,43.0
1426,8,14,4,78.7,301607.0,140499.0,40106,32306159.0,34752235,67796185,12191847,27470,19920,29.0,54.3
2134,12,4,4,73.3,72038.0,36816.0,10363,23096082.0,36441128,75965633,13903949,2532,4542,82.6,50.4
3750,20,17,6,92.7,612.0,499.0,151,217471.0,344058,723345,157775,108,79,34.4,50.0
5065,27,13,1,97.6,119955.0,94663.0,18411,17030397.0,23424723,47259758,7363706,15396,4657,58.9,70.4
2127,12,3,3,42.9,20556.0,11857.0,1610,7914954.0,9410986,19658811,4407924,2222,1216,37.4,69.5
5292,28,18,6,61.7,5999.0,2814.0,672,530801.0,563887,1337368,298471,234,94,66.7,67.0
1175,7,4,5,50.3,216531.0,134883.0,30213,24793662.0,34206045,76256370,16184097,30035,7826,63.4,67.8
1962,11,7,6,79.2,150576.0,106507.0,25358,14896225.0,18762704,43109104,9220412,11172,16511,65.2,66.9
4023,21,31,3,65.9,378.0,314.0,96,54915.0,82178,180241,35093,77,32,,61.9
4596,24,30,6,82.7,28234.0,21531.0,6123,2925998.0,3284485,8262450,1593785,3456,1496,60.0,57.3
2527,14,6,1,38.7,2593.0,2209.0,665,420384.0,449868,964499,139510,549,200,52.2,83.7
4288,23,11,4,92.1,76143.0,48572.0,14749,14057014.0,16508453,40728127,6335436,8229,1510,47.9,40.1
6186,33,7,6,62.4,142669.0,90002.0,24859,,17928415,42471740,6623151,5544,15108,31.9,85.7
6700,35,29,4,66.0,66584.0,44999.0,13829,5241160.0,8407332,18229595,2761861,10557,3670,53.5,70.0
5075,27,14,5,72.2,346100.0,295272.0,30410,26173767.0,31136039,77426114,11927673,15247,22595,,62.2
5270,28,15,2,95.4,2309.0,1607.0,280,785164.0,885174,1727083,258292,130,89,66.4,6.0
5036,27,8,2,70.4,,29618.0,7817,5250759.0,7385043,15935158,3382258,6204,2966,49.4,35.0
102,1,17,6,80.4,1103.0,826.0,214,287344.0,326730,721184,127174,149,143,67.3,61.1
